Date,Low,Open,Volume,High,Close,Adjusted Close
03-05-1973,0.20911100506782532,0.20911100506782532,33893,0.21132400631904602,0.20911100506782532,0.08903916925191879
04-05-1973,0.20911100506782532,0.20911100506782532,0,0.20911100506782532,0.20911100506782532,0.08903916925191879
07-05-1973,0.21132400631904602,0.21132400631904602,45191,0.21132400631904602,0.21132400631904602,0.08998148143291473
08-05-1973,0.21132400631904602,0.21132400631904602,45191,0.21132400631904602,0.21132400631904602,0.08998148143291473
09-05-1973,0.21132400631904602,0.21132400631904602,45191,0.21132400631904602,0.21132400631904602,0.08998148143291473
10-05-1973,0.21132400631904602,0.21132400631904602,112978,0.21132400631904602,0.21132400631904602,0.08998148143291473
11-05-1973,0.20911100506782532,0.21132400631904602,124276,0.21132400631904602,0.20911100506782532,0.08903916925191879
14-05-1973,0.20911100506782532,0.20911100506782532,146872,0.21132400631904602,0.21132400631904602,0.08998148143291473
15-05-1973,0.21132400631904602,0.21132400631904602,0,0.21132400631904602,0.21132400631904602,0.08998148143291473
16-05-1973,0.2024729996919632,0.20911100506782532,45191,0.20911100506782532,0.2024729996919632,0.08621269464492798
17-05-1973,0.19694100320339203,0.19915400445461273,33893,0.19915400445461273,0.19694100320339203,0.08385717868804932
18-05-1973,0.1880899965763092,0.19362199306488037,33893,0.19362199306488037,0.1880899965763092,0.08008843660354614
21-05-1973,0.17923800647258759,0.17923800647258759,22596,0.17923800647258759,0.17923800647258759,0.07631922513246536
22-05-1973,0.17923800647258759,0.17923800647258759,0,0.17923800647258759,0.17923800647258759,0.07631922513246536
23-05-1973,0.17260000109672546,0.17260000109672546,11298,0.17260000109672546,0.17260000109672546,0.07349282503128052
24-05-1973,0.17260000109672546,0.17260000109672546,0,0.17260000109672546,0.17260000109672546,0.07349282503128052
25-05-1973,0.17260000109672546,0.17260000109672546,79085,0.17591899633407593,0.17591899633407593,0.07490606606006622
29-05-1973,0.17260000109672546,0.17591899633407593,45191,0.17591899633407593,0.17591899633407593,0.07490606606006622
30-05-1973,0.17591899633407593,0.17591899633407593,11298,0.17591899633407593,0.17591899633407593,0.07490606606006622
31-05-1973,0.15489700436592102,0.169281005859375,305041,0.169281005859375,0.1604290008544922,0.0683104619383812
01-06-1973,0.15489700436592102,0.15821599960327148,101680,0.15821599960327148,0.15489700436592102,0.06595493853092194
04-06-1973,0.15489700436592102,0.15489700436592102,124276,0.15489700436592102,0.15489700436592102,0.06595493853092194
05-06-1973,0.15489700436592102,0.15489700436592102,33893,0.1604290008544922,0.1604290008544922,0.0683104619383812
06-06-1973,0.1604290008544922,0.1604290008544922,0,0.1604290008544922,0.1604290008544922,0.0683104619383812
07-06-1973,0.16374899446964264,0.16374899446964264,45191,0.1670680046081543,0.1670680046081543,0.07113731652498245
08-06-1973,0.169281005859375,0.169281005859375,33893,0.169281005859375,0.169281005859375,0.07207965105772018
11-06-1973,0.17260000109672546,0.17260000109672546,101680,0.17591899633407593,0.17591899633407593,0.07490606606006622
12-06-1973,0.17591899633407593,0.17591899633407593,33893,0.17591899633407593,0.17591899633407593,0.07490606606006622
13-06-1973,0.17260000109672546,0.17591899633407593,45191,0.17591899633407593,0.17260000109672546,0.07349282503128052
14-06-1973,0.17591899633407593,0.17591899633407593,22596,0.17923800647258759,0.17923800647258759,0.07631922513246536
15-06-1973,0.17923800647258759,0.17923800647258759,0,0.17923800647258759,0.17923800647258759,0.07631922513246536
18-06-1973,0.17923800647258759,0.17923800647258759,0,0.17923800647258759,0.17923800647258759,0.07631922513246536
19-06-1973,0.17923800647258759,0.17923800647258759,0,0.17923800647258759,0.17923800647258759,0.07631922513246536
20-06-1973,0.17923800647258759,0.17923800647258759,0,0.17923800647258759,0.17923800647258759,0.07631922513246536
21-06-1973,0.17923800647258759,0.17923800647258759,0,0.17923800647258759,0.17923800647258759,0.07631922513246536
22-06-1973,0.17591899633407593,0.17923800647258759,33893,0.17923800647258759,0.17591899633407593,0.07490606606006622
25-06-1973,0.17591899633407593,0.17591899633407593,0,0.17591899633407593,0.17591899633407593,0.07490606606006622
26-06-1973,0.17591899633407593,0.17591899633407593,0,0.17591899633407593,0.17591899633407593,0.07490606606006622
27-06-1973,0.17260000109672546,0.17591899633407593,67787,0.17591899633407593,0.17591899633407593,0.07490606606006622
28-06-1973,0.17923800647258759,0.17923800647258759,11298,0.17923800647258759,0.17923800647258759,0.07631922513246536
29-06-1973,0.17923800647258759,0.17923800647258759,33893,0.18477000296115875,0.18477000296115875,0.0786748006939888
02-07-1973,0.1814509928226471,0.1814509928226471,22596,0.1814509928226471,0.1814509928226471,0.07726159691810608
03-07-1973,0.1814509928226471,0.1814509928226471,56489,0.1814509928226471,0.1814509928226471,0.07726159691810608
05-07-1973,0.1814509928226471,0.1814509928226471,11298,0.1814509928226471,0.1814509928226471,0.07726159691810608
06-07-1973,0.17923800647258759,0.1814509928226471,56489,0.1814509928226471,0.1814509928226471,0.07726159691810608
09-07-1973,0.1814509928226471,0.1814509928226471,0,0.1814509928226471,0.1814509928226471,0.07726159691810608
10-07-1973,0.1814509928226471,0.1814509928226471,0,0.1814509928226471,0.1814509928226471,0.07726159691810608
11-07-1973,0.17591899633407593,0.17923800647258759,22596,0.17923800647258759,0.17591899633407593,0.07490606606006622
12-07-1973,0.17591899633407593,0.17591899633407593,101680,0.17591899633407593,0.17591899633407593,0.07490606606006622
13-07-1973,0.17591899633407593,0.17591899633407593,0,0.17591899633407593,0.17591899633407593,0.07490606606006622
16-07-1973,0.169281005859375,0.17260000109672546,45191,0.17260000109672546,0.169281005859375,0.07207965105772018
17-07-1973,0.169281005859375,0.169281005859375,67787,0.169281005859375,0.169281005859375,0.07207965105772018
18-07-1973,0.169281005859375,0.169281005859375,0,0.169281005859375,0.169281005859375,0.07207965105772018
19-07-1973,0.169281005859375,0.169281005859375,0,0.169281005859375,0.169281005859375,0.07207965105772018
20-07-1973,0.169281005859375,0.169281005859375,67787,0.169281005859375,0.169281005859375,0.07207965105772018
23-07-1973,0.169281005859375,0.169281005859375,22596,0.169281005859375,0.169281005859375,0.07207965105772018
24-07-1973,0.169281005859375,0.169281005859375,0,0.169281005859375,0.169281005859375,0.07207965105772018
25-07-1973,0.169281005859375,0.169281005859375,33893,0.169281005859375,0.169281005859375,0.07207965105772018
26-07-1973,0.17591899633407593,0.17591899633407593,33893,0.17923800647258759,0.17923800647258759,0.07631922513246536
27-07-1973,0.17591899633407593,0.17591899633407593,22596,0.17591899633407593,0.17591899633407593,0.07490606606006622
30-07-1973,0.17591899633407593,0.17591899633407593,0,0.17591899633407593,0.17591899633407593,0.07490606606006622
31-07-1973,0.17591899633407593,0.17591899633407593,56489,0.17591899633407593,0.17591899633407593,0.07490606606006622
01-08-1973,0.17591899633407593,0.17591899633407593,0,0.17591899633407593,0.17591899633407593,0.07490606606006622
02-08-1973,0.17591899633407593,0.17591899633407593,0,0.17591899633407593,0.17591899633407593,0.07490606606006622
03-08-1973,0.17591899633407593,0.17591899633407593,0,0.17591899633407593,0.17591899633407593,0.07490606606006622
06-08-1973,0.17591899633407593,0.17591899633407593,0,0.17591899633407593,0.17591899633407593,0.07490606606006622
07-08-1973,0.17591899633407593,0.17591899633407593,0,0.17591899633407593,0.17591899633407593,0.07490606606006622
08-08-1973,0.17591899633407593,0.17591899633407593,0,0.17591899633407593,0.17591899633407593,0.07490606606006622
09-08-1973,0.17591899633407593,0.17591899633407593,0,0.17591899633407593,0.17591899633407593,0.07490606606006622
10-08-1973,0.17591899633407593,0.17591899633407593,22596,0.17591899633407593,0.17591899633407593,0.07490606606006622
13-08-1973,0.17260000109672546,0.17591899633407593,22596,0.17591899633407593,0.17260000109672546,0.07349282503128052
14-08-1973,0.1670680046081543,0.169281005859375,56489,0.169281005859375,0.1670680046081543,0.07113731652498245
15-08-1973,0.1670680046081543,0.1670680046081543,0,0.1670680046081543,0.1670680046081543,0.07113731652498245
16-08-1973,0.1670680046081543,0.1670680046081543,0,0.1670680046081543,0.1670680046081543,0.07113731652498245
17-08-1973,0.1670680046081543,0.1670680046081543,0,0.1670680046081543,0.1670680046081543,0.07113731652498245
20-08-1973,0.169281005859375,0.169281005859375,56489,0.169281005859375,0.169281005859375,0.07207965105772018
21-08-1973,0.1670680046081543,0.169281005859375,33893,0.169281005859375,0.169281005859375,0.07207965105772018
22-08-1973,0.1670680046081543,0.169281005859375,22596,0.169281005859375,0.169281005859375,0.07207965105772018
23-08-1973,0.169281005859375,0.169281005859375,0,0.169281005859375,0.169281005859375,0.07207965105772018
24-08-1973,0.169281005859375,0.169281005859375,112978,0.17260000109672546,0.169281005859375,0.07207965105772018
27-08-1973,0.169281005859375,0.169281005859375,0,0.169281005859375,0.169281005859375,0.07207965105772018
28-08-1973,0.1670680046081543,0.1670680046081543,67787,0.1670680046081543,0.1670680046081543,0.07113731652498245
29-08-1973,0.169281005859375,0.169281005859375,11298,0.169281005859375,0.169281005859375,0.07207965105772018
30-08-1973,0.169281005859375,0.169281005859375,0,0.169281005859375,0.169281005859375,0.07207965105772018
31-08-1973,0.169281005859375,0.169281005859375,11298,0.169281005859375,0.169281005859375,0.07207965105772018
04-09-1973,0.169281005859375,0.169281005859375,0,0.169281005859375,0.169281005859375,0.07207965105772018
05-09-1973,0.169281005859375,0.169281005859375,0,0.169281005859375,0.169281005859375,0.07207965105772018
06-09-1973,0.169281005859375,0.169281005859375,22596,0.169281005859375,0.169281005859375,0.07207965105772018
07-09-1973,0.169281005859375,0.169281005859375,11298,0.169281005859375,0.169281005859375,0.07207965105772018
10-09-1973,0.169281005859375,0.169281005859375,0,0.169281005859375,0.169281005859375,0.07207965105772018
11-09-1973,0.1604290008544922,0.1670680046081543,56489,0.1670680046081543,0.1604290008544922,0.0683104619383812
12-09-1973,0.1604290008544922,0.1604290008544922,112978,0.16374899446964264,0.16374899446964264,0.06972409039735794
13-09-1973,0.16374899446964264,0.16374899446964264,0,0.16374899446964264,0.16374899446964264,0.06972409039735794
14-09-1973,0.16374899446964264,0.16374899446964264,22596,0.16374899446964264,0.16374899446964264,0.06972409039735794
17-09-1973,0.16374899446964264,0.16374899446964264,45191,0.1670680046081543,0.1670680046081543,0.07113731652498245
18-09-1973,0.1670680046081543,0.1670680046081543,0,0.1670680046081543,0.1670680046081543,0.07113731652498245
19-09-1973,0.1670680046081543,0.1670680046081543,0,0.1670680046081543,0.1670680046081543,0.07113731652498245
20-09-1973,0.1670680046081543,0.1670680046081543,33893,0.1670680046081543,0.1670680046081543,0.07113731652498245
21-09-1973,0.1670680046081543,0.1670680046081543,169467,0.17260000109672546,0.17260000109672546,0.07349282503128052
24-09-1973,0.17591899633407593,0.17591899633407593,79085,0.17591899633407593,0.17591899633407593,0.07490606606006622
25-09-1973,0.17591899633407593,0.17591899633407593,0,0.17591899633407593,0.17591899633407593,0.07490606606006622
26-09-1973,0.17591899633407593,0.17591899633407593,0,0.17591899633407593,0.17591899633407593,0.07490606606006622
27-09-1973,0.17591899633407593,0.17591899633407593,0,0.17591899633407593,0.17591899633407593,0.07490606606006622
28-09-1973,0.17591899633407593,0.17591899633407593,0,0.17591899633407593,0.17591899633407593,0.07490606606006622
01-10-1973,0.17591899633407593,0.17591899633407593,0,0.17591899633407593,0.17591899633407593,0.07490606606006622
02-10-1973,0.17591899633407593,0.17591899633407593,0,0.17591899633407593,0.17591899633407593,0.07490606606006622
03-10-1973,0.17591899633407593,0.17591899633407593,0,0.17591899633407593,0.17591899633407593,0.07490606606006622
04-10-1973,0.17591899633407593,0.17591899633407593,22596,0.17591899633407593,0.17591899633407593,0.07490606606006622
05-10-1973,0.17591899633407593,0.17591899633407593,22596,0.17591899633407593,0.17591899633407593,0.07490606606006622
08-10-1973,0.17591899633407593,0.17591899633407593,0,0.17591899633407593,0.17591899633407593,0.07490606606006622
09-10-1973,0.17591899633407593,0.17591899633407593,0,0.17591899633407593,0.17591899633407593,0.07490606606006622
10-10-1973,0.17591899633407593,0.17591899633407593,0,0.17591899633407593,0.17591899633407593,0.07490606606006622
11-10-1973,0.17591899633407593,0.17591899633407593,0,0.17591899633407593,0.17591899633407593,0.07490606606006622
12-10-1973,0.17591899633407593,0.17591899633407593,0,0.17591899633407593,0.17591899633407593,0.07490606606006622
15-10-1973,0.17591899633407593,0.17591899633407593,0,0.17591899633407593,0.17591899633407593,0.07490606606006622
16-10-1973,0.17591899633407593,0.17591899633407593,33893,0.17923800647258759,0.17591899633407593,0.07490606606006622
17-10-1973,0.17591899633407593,0.17591899633407593,0,0.17591899633407593,0.17591899633407593,0.07490606606006622
18-10-1973,0.17591899633407593,0.17591899633407593,0,0.17591899633407593,0.17591899633407593,0.07490606606006622
19-10-1973,0.17591899633407593,0.17591899633407593,0,0.17591899633407593,0.17591899633407593,0.07490606606006622
22-10-1973,0.1670680046081543,0.17591899633407593,67787,0.17591899633407593,0.169281005859375,0.07207965105772018
23-10-1973,0.1670680046081543,0.1670680046081543,11298,0.1670680046081543,0.1670680046081543,0.07113731652498245
24-10-1973,0.169281005859375,0.169281005859375,56489,0.17260000109672546,0.169281005859375,0.07207965105772018
25-10-1973,0.169281005859375,0.169281005859375,11298,0.169281005859375,0.169281005859375,0.07207965105772018
26-10-1973,0.169281005859375,0.169281005859375,0,0.169281005859375,0.169281005859375,0.07207965105772018
29-10-1973,0.169281005859375,0.169281005859375,33893,0.169281005859375,0.169281005859375,0.07207965105772018
30-10-1973,0.1670680046081543,0.1670680046081543,22596,0.1670680046081543,0.1670680046081543,0.07113731652498245
31-10-1973,0.1670680046081543,0.1670680046081543,0,0.1670680046081543,0.1670680046081543,0.07113731652498245
01-11-1973,0.1670680046081543,0.1670680046081543,33893,0.1670680046081543,0.1670680046081543,0.07113731652498245
02-11-1973,0.1670680046081543,0.1670680046081543,0,0.1670680046081543,0.1670680046081543,0.07113731652498245
05-11-1973,0.1670680046081543,0.1670680046081543,0,0.1670680046081543,0.1670680046081543,0.07113731652498245
06-11-1973,0.16374899446964264,0.1670680046081543,293743,0.1670680046081543,0.16374899446964264,0.06972409039735794
07-11-1973,0.16374899446964264,0.16374899446964264,0,0.16374899446964264,0.16374899446964264,0.06972409039735794
08-11-1973,0.16374899446964264,0.16374899446964264,0,0.16374899446964264,0.16374899446964264,0.06972409039735794
09-11-1973,0.16374899446964264,0.16374899446964264,0,0.16374899446964264,0.16374899446964264,0.06972409039735794
12-11-1973,0.16374899446964264,0.16374899446964264,0,0.16374899446964264,0.16374899446964264,0.06972409039735794
13-11-1973,0.15821599960327148,0.1604290008544922,56489,0.1604290008544922,0.1604290008544922,0.0683104619383812
14-11-1973,0.1604290008544922,0.1604290008544922,56489,0.1604290008544922,0.1604290008544922,0.0683104619383812
15-11-1973,0.15821599960327148,0.1604290008544922,56489,0.1604290008544922,0.1604290008544922,0.0683104619383812
16-11-1973,0.1604290008544922,0.1604290008544922,112978,0.1604290008544922,0.1604290008544922,0.0683104619383812
19-11-1973,0.15821599960327148,0.15821599960327148,22596,0.15821599960327148,0.15821599960327148,0.06736814230680466
20-11-1973,0.15821599960327148,0.15821599960327148,0,0.15821599960327148,0.15821599960327148,0.06736814230680466
21-11-1973,0.15157799422740936,0.15489700436592102,1016803,0.15489700436592102,0.15157799422740936,0.06454167515039444
23-11-1973,0.15157799422740936,0.15157799422740936,0,0.15157799422740936,0.15157799422740936,0.06454167515039444
26-11-1973,0.15157799422740936,0.15157799422740936,0,0.15157799422740936,0.15157799422740936,0.06454167515039444
27-11-1973,0.15157799422740936,0.15157799422740936,0,0.15157799422740936,0.15157799422740936,0.06454167515039444
28-11-1973,0.15157799422740936,0.15157799422740936,11298,0.15157799422740936,0.15157799422740936,0.06454167515039444
29-11-1973,0.15157799422740936,0.15157799422740936,0,0.15157799422740936,0.15157799422740936,0.06454167515039444
30-11-1973,0.15157799422740936,0.15157799422740936,0,0.15157799422740936,0.15157799422740936,0.06454167515039444
03-12-1973,0.15157799422740936,0.15157799422740936,0,0.15157799422740936,0.15157799422740936,0.06454167515039444
04-12-1973,0.14936499297618866,0.14936499297618866,11298,0.14936499297618866,0.14936499297618866,0.06359942257404327
05-12-1973,0.14936499297618866,0.14936499297618866,11298,0.14936499297618866,0.14936499297618866,0.06359942257404327
06-12-1973,0.14936499297618866,0.14936499297618866,56489,0.14936499297618866,0.14936499297618866,0.06359942257404327
07-12-1973,0.1460459977388382,0.1460459977388382,22596,0.1460459977388382,0.1460459977388382,0.06218619644641876
10-12-1973,0.1460459977388382,0.1460459977388382,0,0.1460459977388382,0.1460459977388382,0.06218619644641876
11-12-1973,0.13055600225925446,0.13719500601291656,22596,0.13719500601291656,0.13055600225925446,0.05559055134654045
12-12-1973,0.13055600225925446,0.13055600225925446,33893,0.13387499749660492,0.13387499749660492,0.05700375884771347
13-12-1973,0.12834300100803375,0.12834300100803375,11298,0.12834300100803375,0.12834300100803375,0.054648250341415405
14-12-1973,0.1250240057706833,0.1250240057706833,11298,0.1250240057706833,0.1250240057706833,0.05323506519198418
17-12-1973,0.1250240057706833,0.1250240057706833,56489,0.12834300100803375,0.1250240057706833,0.05323506519198418
18-12-1973,0.1250240057706833,0.1250240057706833,0,0.1250240057706833,0.1250240057706833,0.05323506519198418
19-12-1973,0.12834300100803375,0.12834300100803375,56489,0.13055600225925446,0.13055600225925446,0.05559055134654045
20-12-1973,0.12834300100803375,0.12834300100803375,22596,0.12834300100803375,0.12834300100803375,0.054648250341415405
21-12-1973,0.12170500308275223,0.12834300100803375,79085,0.12834300100803375,0.12170500308275223,0.05182182788848877
24-12-1973,0.12170500308275223,0.12170500308275223,0,0.12170500308275223,0.12170500308275223,0.05182182788848877
26-12-1973,0.12170500308275223,0.12170500308275223,101680,0.12170500308275223,0.12170500308275223,0.05182182788848877
27-12-1973,0.11949200183153152,0.11949200183153152,11298,0.11949200183153152,0.11949200183153152,0.05087953433394432
28-12-1973,0.12170500308275223,0.12170500308275223,22596,0.12170500308275223,0.12170500308275223,0.05182182788848877
31-12-1973,0.11617299914360046,0.12170500308275223,56489,0.12170500308275223,0.12170500308275223,0.05182182788848877
02-01-1974,0.11949200183153152,0.12170500308275223,45191,0.12170500308275223,0.11949200183153152,0.05087953433394432
03-01-1974,0.12170500308275223,0.12170500308275223,22596,0.1250240057706833,0.1250240057706833,0.05323506519198418
04-01-1974,0.12834300100803375,0.12834300100803375,33893,0.13055600225925446,0.13055600225925446,0.05559055134654045
07-01-1974,0.13055600225925446,0.13055600225925446,0,0.13055600225925446,0.13055600225925446,0.05559055134654045
08-01-1974,0.13387499749660492,0.13387499749660492,22596,0.13387499749660492,0.13387499749660492,0.05700375884771347
09-01-1974,0.13387499749660492,0.13387499749660492,11298,0.13387499749660492,0.13387499749660492,0.05700375884771347
10-01-1974,0.13387499749660492,0.13387499749660492,0,0.13387499749660492,0.13387499749660492,0.05700375884771347
11-01-1974,0.13387499749660492,0.13387499749660492,0,0.13387499749660492,0.13387499749660492,0.05700375884771347
14-01-1974,0.13387499749660492,0.13387499749660492,0,0.13387499749660492,0.13387499749660492,0.05700375884771347
15-01-1974,0.13387499749660492,0.13387499749660492,0,0.13387499749660492,0.13387499749660492,0.05700375884771347
16-01-1974,0.13387499749660492,0.13387499749660492,0,0.13387499749660492,0.13387499749660492,0.05700375884771347
17-01-1974,0.13387499749660492,0.13387499749660492,0,0.13387499749660492,0.13387499749660492,0.05700375884771347
18-01-1974,0.13387499749660492,0.13387499749660492,0,0.13387499749660492,0.13387499749660492,0.05700375884771347
21-01-1974,0.13387499749660492,0.13387499749660492,0,0.13387499749660492,0.13387499749660492,0.05700375884771347
22-01-1974,0.1250240057706833,0.13055600225925446,33893,0.13055600225925446,0.1250240057706833,0.05323506519198418
23-01-1974,0.1250240057706833,0.1250240057706833,0,0.1250240057706833,0.1250240057706833,0.05323506519198418
24-01-1974,0.1250240057706833,0.1250240057706833,22596,0.1250240057706833,0.1250240057706833,0.05323506519198418
25-01-1974,0.1250240057706833,0.1250240057706833,45191,0.1250240057706833,0.1250240057706833,0.05323506519198418
28-01-1974,0.1250240057706833,0.1250240057706833,56489,0.1250240057706833,0.1250240057706833,0.05323506519198418
29-01-1974,0.12170500308275223,0.12170500308275223,11298,0.12170500308275223,0.12170500308275223,0.05182182788848877
30-01-1974,0.12170500308275223,0.12170500308275223,67787,0.12170500308275223,0.12170500308275223,0.05182182788848877
31-01-1974,0.12170500308275223,0.12170500308275223,0,0.12170500308275223,0.12170500308275223,0.05182182788848877
01-02-1974,0.12170500308275223,0.12170500308275223,45191,0.12170500308275223,0.12170500308275223,0.05182182788848877
04-02-1974,0.12170500308275223,0.12170500308275223,45191,0.12170500308275223,0.12170500308275223,0.05182182788848877
05-02-1974,0.12170500308275223,0.12170500308275223,0,0.12170500308275223,0.12170500308275223,0.05182182788848877
06-02-1974,0.11949200183153152,0.12170500308275223,180765,0.12170500308275223,0.11949200183153152,0.05087953433394432
07-02-1974,0.11949200183153152,0.11949200183153152,0,0.11949200183153152,0.11949200183153152,0.05087953433394432
08-02-1974,0.11949200183153152,0.11949200183153152,0,0.11949200183153152,0.11949200183153152,0.05087953433394432
11-02-1974,0.11617299914360046,0.11617299914360046,33893,0.11617299914360046,0.11617299914360046,0.04946630820631981
12-02-1974,0.1128539964556694,0.11617299914360046,101680,0.11617299914360046,0.1128539964556694,0.0480530671775341
13-02-1974,0.10953400284051895,0.1128539964556694,1118483,0.1128539964556694,0.10953400284051895,0.046639397740364075
14-02-1974,0.10953400284051895,0.10953400284051895,11298,0.10953400284051895,0.10953400284051895,0.046639397740364075
15-02-1974,0.10953400284051895,0.10953400284051895,45191,0.1128539964556694,0.1128539964556694,0.0480530671775341
19-02-1974,0.1128539964556694,0.1128539964556694,0,0.1128539964556694,0.1128539964556694,0.0480530671775341
20-02-1974,0.1128539964556694,0.1128539964556694,0,0.1128539964556694,0.1128539964556694,0.0480530671775341
21-02-1974,0.11617299914360046,0.11617299914360046,22596,0.11617299914360046,0.11617299914360046,0.04946630820631981
22-02-1974,0.11617299914360046,0.11617299914360046,0,0.11617299914360046,0.11617299914360046,0.04946630820631981
25-02-1974,0.1128539964556694,0.1128539964556694,56489,0.1128539964556694,0.1128539964556694,0.0480530671775341
26-02-1974,0.1128539964556694,0.1128539964556694,0,0.1128539964556694,0.1128539964556694,0.0480530671775341
27-02-1974,0.1128539964556694,0.1128539964556694,56489,0.1128539964556694,0.1128539964556694,0.0480530671775341
28-02-1974,0.10732199996709824,0.1128539964556694,67787,0.1128539964556694,0.10732199996709824,0.045697543770074844
01-03-1974,0.10953400284051895,0.10953400284051895,22596,0.10953400284051895,0.10953400284051895,0.046639397740364075
04-03-1974,0.10732199996709824,0.10732199996709824,22596,0.10732199996709824,0.10732199996709824,0.045697543770074844
05-03-1974,0.10732199996709824,0.10732199996709824,79085,0.10953400284051895,0.10953400284051895,0.046639397740364075
06-03-1974,0.10732199996709824,0.10953400284051895,79085,0.10953400284051895,0.10953400284051895,0.046639397740364075
07-03-1974,0.10732199996709824,0.10732199996709824,22596,0.10732199996709824,0.10732199996709824,0.045697543770074844
08-03-1974,0.10400199890136719,0.10400199890136719,101680,0.10400199890136719,0.10400199890136719,0.04428388178348541
11-03-1974,0.10400199890136719,0.10400199890136719,90383,0.10732199996709824,0.10400199890136719,0.04428388178348541
12-03-1974,0.10400199890136719,0.10400199890136719,22596,0.10400199890136719,0.10400199890136719,0.04428388178348541
13-03-1974,0.10400199890136719,0.10400199890136719,11298,0.10400199890136719,0.10400199890136719,0.04428388178348541
14-03-1974,0.10400199890136719,0.10400199890136719,22596,0.10400199890136719,0.10400199890136719,0.04428388178348541
15-03-1974,0.10400199890136719,0.10400199890136719,22596,0.10400199890136719,0.10400199890136719,0.04428388178348541
18-03-1974,0.10400199890136719,0.10400199890136719,79085,0.10400199890136719,0.10400199890136719,0.04428388178348541
19-03-1974,0.10732199996709824,0.10732199996709824,11298,0.10732199996709824,0.10732199996709824,0.045697543770074844
20-03-1974,0.10732199996709824,0.10732199996709824,0,0.10732199996709824,0.10732199996709824,0.045697543770074844
21-03-1974,0.10732199996709824,0.10732199996709824,0,0.10732199996709824,0.10732199996709824,0.045697543770074844
22-03-1974,0.10732199996709824,0.10732199996709824,0,0.10732199996709824,0.10732199996709824,0.045697543770074844
25-03-1974,0.10732199996709824,0.10732199996709824,0,0.10732199996709824,0.10732199996709824,0.045697543770074844
26-03-1974,0.10400199890136719,0.10732199996709824,33893,0.10732199996709824,0.10400199890136719,0.04428388178348541
27-03-1974,0.10400199890136719,0.10400199890136719,0,0.10400199890136719,0.10400199890136719,0.04428388178348541
28-03-1974,0.10400199890136719,0.10400199890136719,0,0.10400199890136719,0.10400199890136719,0.04428388178348541
29-03-1974,0.10732199996709824,0.10732199996709824,22596,0.10732199996709824,0.10732199996709824,0.045697543770074844
01-04-1974,0.10732199996709824,0.10732199996709824,22596,0.10732199996709824,0.10732199996709824,0.045697543770074844
02-04-1974,0.10400199890136719,0.10400199890136719,67787,0.10400199890136719,0.10400199890136719,0.04428388178348541
03-04-1974,0.10732199996709824,0.10732199996709824,45191,0.10953400284051895,0.10953400284051895,0.046639397740364075
04-04-1974,0.10953400284051895,0.10953400284051895,0,0.10953400284051895,0.10953400284051895,0.046639397740364075
05-04-1974,0.10953400284051895,0.10953400284051895,11298,0.10953400284051895,0.10953400284051895,0.046639397740364075
08-04-1974,0.10953400284051895,0.10953400284051895,11298,0.10953400284051895,0.10953400284051895,0.046639397740364075
09-04-1974,0.10732199996709824,0.10732199996709824,45191,0.10732199996709824,0.10732199996709824,0.045697543770074844
10-04-1974,0.10732199996709824,0.10732199996709824,0,0.10732199996709824,0.10732199996709824,0.045697543770074844
11-04-1974,0.10732199996709824,0.10732199996709824,0,0.10732199996709824,0.10732199996709824,0.045697543770074844
15-04-1974,0.10732199996709824,0.10732199996709824,45191,0.10953400284051895,0.10953400284051895,0.046639397740364075
16-04-1974,0.10953400284051895,0.10953400284051895,0,0.10953400284051895,0.10953400284051895,0.046639397740364075
17-04-1974,0.10953400284051895,0.10953400284051895,0,0.10953400284051895,0.10953400284051895,0.046639397740364075
18-04-1974,0.10953400284051895,0.10953400284051895,11298,0.10953400284051895,0.10953400284051895,0.046639397740364075
19-04-1974,0.10953400284051895,0.10953400284051895,11298,0.10953400284051895,0.10953400284051895,0.046639397740364075
22-04-1974,0.10953400284051895,0.10953400284051895,0,0.10953400284051895,0.10953400284051895,0.046639397740364075
23-04-1974,0.10953400284051895,0.10953400284051895,0,0.10953400284051895,0.10953400284051895,0.046639397740364075
24-04-1974,0.10732199996709824,0.10732199996709824,11298,0.10732199996709824,0.10732199996709824,0.045697543770074844
25-04-1974,0.10732199996709824,0.10732199996709824,11298,0.10732199996709824,0.10732199996709824,0.045697543770074844
26-04-1974,0.10400199890136719,0.10400199890136719,22596,0.10400199890136719,0.10400199890136719,0.04428388178348541
29-04-1974,0.10400199890136719,0.10400199890136719,11298,0.10400199890136719,0.10400199890136719,0.04428388178348541
30-04-1974,0.10400199890136719,0.10400199890136719,0,0.10400199890136719,0.10400199890136719,0.04428388178348541
01-05-1974,0.10400199890136719,0.10400199890136719,0,0.10400199890136719,0.10400199890136719,0.04428388178348541
02-05-1974,0.09847000241279602,0.10068300366401672,67787,0.10068300366401672,0.10068300366401672,0.042870692908763885
03-05-1974,0.10068300366401672,0.10068300366401672,0,0.10068300366401672,0.10068300366401672,0.042870692908763885
06-05-1974,0.10068300366401672,0.10068300366401672,0,0.10068300366401672,0.10068300366401672,0.042870692908763885
07-05-1974,0.10068300366401672,0.10068300366401672,0,0.10068300366401672,0.10068300366401672,0.042870692908763885
08-05-1974,0.10400199890136719,0.10400199890136719,11298,0.10400199890136719,0.10400199890136719,0.04428388178348541
09-05-1974,0.10068300366401672,0.10068300366401672,11298,0.10068300366401672,0.10068300366401672,0.042870692908763885
10-05-1974,0.09847000241279602,0.10068300366401672,67787,0.10068300366401672,0.09847000241279602,0.04192837327718735
13-05-1974,0.10068300366401672,0.10068300366401672,45191,0.10068300366401672,0.10068300366401672,0.042870692908763885
14-05-1974,0.09847000241279602,0.09847000241279602,22596,0.09847000241279602,0.09847000241279602,0.04192837327718735
15-05-1974,0.10068300366401672,0.10068300366401672,22596,0.10068300366401672,0.10068300366401672,0.042870692908763885
16-05-1974,0.09847000241279602,0.10068300366401672,56489,0.10068300366401672,0.09847000241279602,0.04192837327718735
17-05-1974,0.09847000241279602,0.09847000241279602,56489,0.09847000241279602,0.09847000241279602,0.04192837327718735
20-05-1974,0.09847000241279602,0.09847000241279602,0,0.09847000241279602,0.09847000241279602,0.04192837327718735
21-05-1974,0.09847000241279602,0.09847000241279602,0,0.09847000241279602,0.09847000241279602,0.04192837327718735
22-05-1974,0.09515099972486496,0.09847000241279602,33893,0.09847000241279602,0.09515099972486496,0.04051513224840164
23-05-1974,0.09515099972486496,0.09515099972486496,56489,0.09515099972486496,0.09515099972486496,0.04051513224840164
24-05-1974,0.09847000241279602,0.09847000241279602,33893,0.10068300366401672,0.10068300366401672,0.042870692908763885
28-05-1974,0.10400199890136719,0.10400199890136719,11298,0.10400199890136719,0.10400199890136719,0.04428388178348541
29-05-1974,0.10732199996709824,0.10732199996709824,11298,0.10732199996709824,0.10732199996709824,0.045697543770074844
30-05-1974,0.10732199996709824,0.10732199996709824,22596,0.10953400284051895,0.10953400284051895,0.046639397740364075
31-05-1974,0.10953400284051895,0.10953400284051895,0,0.10953400284051895,0.10953400284051895,0.046639397740364075
03-06-1974,0.10953400284051895,0.10953400284051895,11298,0.10953400284051895,0.10953400284051895,0.046639397740364075
04-06-1974,0.10953400284051895,0.10953400284051895,56489,0.1128539964556694,0.1128539964556694,0.0480530671775341
05-06-1974,0.1128539964556694,0.1128539964556694,0,0.1128539964556694,0.1128539964556694,0.0480530671775341
06-06-1974,0.1128539964556694,0.1128539964556694,11298,0.1128539964556694,0.1128539964556694,0.0480530671775341
07-06-1974,0.11617299914360046,0.11617299914360046,22596,0.11617299914360046,0.11617299914360046,0.04946630820631981
10-06-1974,0.11617299914360046,0.11617299914360046,0,0.11617299914360046,0.11617299914360046,0.04946630820631981
11-06-1974,0.11617299914360046,0.11617299914360046,0,0.11617299914360046,0.11617299914360046,0.04946630820631981
12-06-1974,0.11617299914360046,0.11617299914360046,0,0.11617299914360046,0.11617299914360046,0.04946630820631981
13-06-1974,0.11617299914360046,0.11617299914360046,11298,0.11617299914360046,0.11617299914360046,0.04946630820631981
14-06-1974,0.11617299914360046,0.11617299914360046,0,0.11617299914360046,0.11617299914360046,0.04946630820631981
17-06-1974,0.11617299914360046,0.11617299914360046,0,0.11617299914360046,0.11617299914360046,0.04946630820631981
18-06-1974,0.11617299914360046,0.11617299914360046,11298,0.11617299914360046,0.11617299914360046,0.04946630820631981
19-06-1974,0.11617299914360046,0.11617299914360046,0,0.11617299914360046,0.11617299914360046,0.04946630820631981
20-06-1974,0.11617299914360046,0.11617299914360046,0,0.11617299914360046,0.11617299914360046,0.04946630820631981
21-06-1974,0.11617299914360046,0.11617299914360046,0,0.11617299914360046,0.11617299914360046,0.04946630820631981
24-06-1974,0.11617299914360046,0.11617299914360046,0,0.11617299914360046,0.11617299914360046,0.04946630820631981
25-06-1974,0.11617299914360046,0.11617299914360046,0,0.11617299914360046,0.11617299914360046,0.04946630820631981
26-06-1974,0.11617299914360046,0.11617299914360046,0,0.11617299914360046,0.11617299914360046,0.04946630820631981
27-06-1974,0.11617299914360046,0.11617299914360046,0,0.11617299914360046,0.11617299914360046,0.04946630820631981
28-06-1974,0.11617299914360046,0.11617299914360046,0,0.11617299914360046,0.11617299914360046,0.04946630820631981
01-07-1974,0.11617299914360046,0.11617299914360046,22596,0.11617299914360046,0.11617299914360046,0.04946630820631981
02-07-1974,0.11949200183153152,0.11949200183153152,11298,0.11949200183153152,0.11949200183153152,0.05087953433394432
03-07-1974,0.11949200183153152,0.11949200183153152,0,0.11949200183153152,0.11949200183153152,0.05087953433394432
05-07-1974,0.11617299914360046,0.11617299914360046,22596,0.11617299914360046,0.11617299914360046,0.04946630820631981
08-07-1974,0.11949200183153152,0.11949200183153152,33893,0.11949200183153152,0.11949200183153152,0.05087953433394432
09-07-1974,0.11949200183153152,0.11949200183153152,11298,0.11949200183153152,0.11949200183153152,0.05087953433394432
10-07-1974,0.11617299914360046,0.11617299914360046,11298,0.11617299914360046,0.11617299914360046,0.04946630820631981
11-07-1974,0.11617299914360046,0.11617299914360046,0,0.11617299914360046,0.11617299914360046,0.04946630820631981
12-07-1974,0.11617299914360046,0.11617299914360046,0,0.11617299914360046,0.11617299914360046,0.04946630820631981
15-07-1974,0.10953400284051895,0.1128539964556694,56489,0.1128539964556694,0.10953400284051895,0.046639397740364075
16-07-1974,0.10400199890136719,0.10732199996709824,22596,0.10732199996709824,0.10400199890136719,0.04428388178348541
17-07-1974,0.10400199890136719,0.10400199890136719,0,0.10400199890136719,0.10400199890136719,0.04428388178348541
18-07-1974,0.10400199890136719,0.10400199890136719,11298,0.10400199890136719,0.10400199890136719,0.04428388178348541
19-07-1974,0.09515099972486496,0.10068300366401672,146872,0.10068300366401672,0.09515099972486496,0.04051513224840164
22-07-1974,0.09847000241279602,0.09847000241279602,11298,0.09847000241279602,0.09847000241279602,0.04192837327718735
23-07-1974,0.09847000241279602,0.09847000241279602,0,0.09847000241279602,0.09847000241279602,0.04192837327718735
24-07-1974,0.09515099972486496,0.09847000241279602,33893,0.09847000241279602,0.09515099972486496,0.04051513224840164
25-07-1974,0.0918319970369339,0.0918319970369339,56489,0.0918319970369339,0.0918319970369339,0.039101921021938324
26-07-1974,0.0918319970369339,0.0918319970369339,22596,0.0918319970369339,0.0918319970369339,0.039101921021938324
29-07-1974,0.08630000054836273,0.08961900323629379,45191,0.08961900323629379,0.08630000054836273,0.03674641251564026
30-07-1974,0.08961900323629379,0.08961900323629379,22596,0.08961900323629379,0.08961900323629379,0.03815961256623268
31-07-1974,0.08961900323629379,0.08961900323629379,0,0.08961900323629379,0.08961900323629379,0.03815961256623268
01-08-1974,0.08630000054836273,0.08630000054836273,56489,0.08630000054836273,0.08630000054836273,0.03674641251564026
02-08-1974,0.08298099786043167,0.08630000054836273,395423,0.08630000054836273,0.08298099786043167,0.03533317521214485
05-08-1974,0.08630000054836273,0.08630000054836273,79085,0.08630000054836273,0.08630000054836273,0.03674641251564026
06-08-1974,0.08298099786043167,0.08298099786043167,305041,0.08298099786043167,0.08298099786043167,0.03533317521214485
07-08-1974,0.08630000054836273,0.08630000054836273,90383,0.0918319970369339,0.0918319970369339,0.039101921021938324
08-08-1974,0.0918319970369339,0.0918319970369339,11298,0.0918319970369339,0.0918319970369339,0.039101921021938324
09-08-1974,0.0918319970369339,0.0918319970369339,0,0.0918319970369339,0.0918319970369339,0.039101921021938324
12-08-1974,0.0918319970369339,0.0918319970369339,0,0.0918319970369339,0.0918319970369339,0.039101921021938324
13-08-1974,0.0918319970369339,0.0918319970369339,0,0.0918319970369339,0.0918319970369339,0.039101921021938324
14-08-1974,0.09515099972486496,0.09515099972486496,11298,0.09515099972486496,0.09515099972486496,0.04051513224840164
15-08-1974,0.0918319970369339,0.0918319970369339,22596,0.0918319970369339,0.0918319970369339,0.039101921021938324
16-08-1974,0.0918319970369339,0.0918319970369339,0,0.0918319970369339,0.0918319970369339,0.039101921021938324
19-08-1974,0.0918319970369339,0.0918319970369339,0,0.0918319970369339,0.0918319970369339,0.039101921021938324
20-08-1974,0.0918319970369339,0.0918319970369339,56489,0.0918319970369339,0.0918319970369339,0.039101921021938324
21-08-1974,0.08961900323629379,0.08961900323629379,11298,0.08961900323629379,0.08961900323629379,0.03815961256623268
22-08-1974,0.08961900323629379,0.08961900323629379,0,0.08961900323629379,0.08961900323629379,0.03815961256623268
23-08-1974,0.08961900323629379,0.08961900323629379,0,0.08961900323629379,0.08961900323629379,0.03815961256623268
26-08-1974,0.07966099679470062,0.08630000054836273,892527,0.08630000054836273,0.08298099786043167,0.03533317521214485
27-08-1974,0.08298099786043167,0.08298099786043167,0,0.08298099786043167,0.08298099786043167,0.03533317521214485
28-08-1974,0.08298099786043167,0.08298099786043167,33893,0.08298099786043167,0.08298099786043167,0.03533317521214485
29-08-1974,0.07966099679470062,0.08298099786043167,305041,0.08298099786043167,0.07966099679470062,0.033919528126716614
30-08-1974,0.07412900030612946,0.07412900030612946,22596,0.07412900030612946,0.07412900030612946,0.03156401962041855
03-09-1974,0.07412900030612946,0.07412900030612946,67787,0.0774490013718605,0.0774490013718605,0.03297766298055649
04-09-1974,0.0774490013718605,0.0774490013718605,11298,0.0774490013718605,0.0774490013718605,0.03297766298055649
05-09-1974,0.0774490013718605,0.0774490013718605,282445,0.07966099679470062,0.0774490013718605,0.03297766298055649
06-09-1974,0.0774490013718605,0.0774490013718605,45191,0.0774490013718605,0.0774490013718605,0.03297766298055649
09-09-1974,0.07412900030612946,0.07412900030612946,135574,0.07412900030612946,0.07412900030612946,0.03156401962041855
10-09-1974,0.07412900030612946,0.07412900030612946,22596,0.07412900030612946,0.07412900030612946,0.03156401962041855
11-09-1974,0.0708099976181984,0.07412900030612946,440615,0.07412900030612946,0.07412900030612946,0.03156401962041855
12-09-1974,0.0708099976181984,0.07412900030612946,158169,0.07412900030612946,0.0708099976181984,0.03015078790485859
13-09-1974,0.0708099976181984,0.0708099976181984,33893,0.0708099976181984,0.0708099976181984,0.03015078790485859
16-09-1974,0.06859699636697769,0.0708099976181984,22596,0.0708099976181984,0.06859699636697769,0.029208511114120483
17-09-1974,0.06527800112962723,0.06859699636697769,350232,0.06859699636697769,0.06527800112962723,0.027795275673270226
18-09-1974,0.06527800112962723,0.06527800112962723,90383,0.06527800112962723,0.06527800112962723,0.027795275673270226
19-09-1974,0.06859699636697769,0.06859699636697769,11298,0.06859699636697769,0.06859699636697769,0.029208511114120483
20-09-1974,0.0708099976181984,0.0708099976181984,11298,0.0708099976181984,0.0708099976181984,0.03015078790485859
23-09-1974,0.06859699636697769,0.06859699636697769,11298,0.06859699636697769,0.06859699636697769,0.029208511114120483
24-09-1974,0.06859699636697769,0.06859699636697769,0,0.06859699636697769,0.06859699636697769,0.029208511114120483
25-09-1974,0.0708099976181984,0.0708099976181984,22596,0.0708099976181984,0.0708099976181984,0.03015078790485859
26-09-1974,0.0708099976181984,0.0708099976181984,0,0.0708099976181984,0.0708099976181984,0.03015078790485859
27-09-1974,0.0708099976181984,0.0708099976181984,0,0.0708099976181984,0.0708099976181984,0.03015078790485859
30-09-1974,0.0708099976181984,0.0708099976181984,56489,0.0708099976181984,0.0708099976181984,0.03015078790485859
01-10-1974,0.0708099976181984,0.0708099976181984,0,0.0708099976181984,0.0708099976181984,0.03015078790485859
02-10-1974,0.07412900030612946,0.07412900030612946,22596,0.07412900030612946,0.07412900030612946,0.03156401962041855
03-10-1974,0.07412900030612946,0.07412900030612946,0,0.07412900030612946,0.07412900030612946,0.03156401962041855
04-10-1974,0.07412900030612946,0.07412900030612946,0,0.07412900030612946,0.07412900030612946,0.03156401962041855
07-10-1974,0.07412900030612946,0.07412900030612946,22596,0.07412900030612946,0.07412900030612946,0.03156401962041855
08-10-1974,0.07412900030612946,0.07412900030612946,0,0.07412900030612946,0.07412900030612946,0.03156401962041855
09-10-1974,0.07412900030612946,0.07412900030612946,11298,0.07412900030612946,0.07412900030612946,0.03156401962041855
10-10-1974,0.07412900030612946,0.07412900030612946,0,0.07412900030612946,0.07412900030612946,0.03156401962041855
11-10-1974,0.0708099976181984,0.07412900030612946,56489,0.07412900030612946,0.0708099976181984,0.03015078790485859
14-10-1974,0.0708099976181984,0.0708099976181984,0,0.0708099976181984,0.0708099976181984,0.03015078790485859
15-10-1974,0.0708099976181984,0.0708099976181984,67787,0.0708099976181984,0.0708099976181984,0.03015078790485859
16-10-1974,0.0708099976181984,0.0708099976181984,0,0.0708099976181984,0.0708099976181984,0.03015078790485859
17-10-1974,0.0708099976181984,0.0708099976181984,11298,0.0708099976181984,0.0708099976181984,0.03015078790485859
18-10-1974,0.07412900030612946,0.07412900030612946,11298,0.07412900030612946,0.07412900030612946,0.03156401962041855
21-10-1974,0.07412900030612946,0.07412900030612946,0,0.07412900030612946,0.07412900030612946,0.03156401962041855
22-10-1974,0.07412900030612946,0.07412900030612946,0,0.07412900030612946,0.07412900030612946,0.03156401962041855
23-10-1974,0.07412900030612946,0.07412900030612946,0,0.07412900030612946,0.07412900030612946,0.03156401962041855
24-10-1974,0.0708099976181984,0.0708099976181984,56489,0.0708099976181984,0.0708099976181984,0.03015078790485859
25-10-1974,0.0708099976181984,0.0708099976181984,0,0.0708099976181984,0.0708099976181984,0.03015078790485859
28-10-1974,0.07412900030612946,0.07412900030612946,56489,0.0774490013718605,0.0774490013718605,0.03297766298055649
29-10-1974,0.0774490013718605,0.0774490013718605,0,0.0774490013718605,0.0774490013718605,0.03297766298055649
30-10-1974,0.0774490013718605,0.0774490013718605,0,0.0774490013718605,0.0774490013718605,0.03297766298055649
31-10-1974,0.0774490013718605,0.0774490013718605,11298,0.0774490013718605,0.0774490013718605,0.03297766298055649
01-11-1974,0.0774490013718605,0.0774490013718605,0,0.0774490013718605,0.0774490013718605,0.03297766298055649
04-11-1974,0.07412900030612946,0.07412900030612946,33893,0.07412900030612946,0.07412900030612946,0.03156401962041855
05-11-1974,0.07412900030612946,0.07412900030612946,11298,0.07412900030612946,0.07412900030612946,0.03156401962041855
06-11-1974,0.07412900030612946,0.07412900030612946,0,0.07412900030612946,0.07412900030612946,0.03156401962041855
07-11-1974,0.07412900030612946,0.07412900030612946,56489,0.07412900030612946,0.07412900030612946,0.03156401962041855
08-11-1974,0.0774490013718605,0.0774490013718605,11298,0.0774490013718605,0.0774490013718605,0.03297766298055649
11-11-1974,0.0774490013718605,0.0774490013718605,0,0.0774490013718605,0.0774490013718605,0.03297766298055649
12-11-1974,0.0774490013718605,0.0774490013718605,0,0.0774490013718605,0.0774490013718605,0.03297766298055649
13-11-1974,0.07412900030612946,0.07412900030612946,11298,0.07412900030612946,0.07412900030612946,0.03156401962041855
14-11-1974,0.07412900030612946,0.07412900030612946,0,0.07412900030612946,0.07412900030612946,0.03156401962041855
15-11-1974,0.0708099976181984,0.0708099976181984,22596,0.0708099976181984,0.0708099976181984,0.03015078790485859
18-11-1974,0.06859699636697769,0.0708099976181984,79085,0.0708099976181984,0.06859699636697769,0.029208511114120483
19-11-1974,0.06859699636697769,0.06859699636697769,56489,0.06859699636697769,0.06859699636697769,0.029208511114120483
20-11-1974,0.06859699636697769,0.06859699636697769,22596,0.06859699636697769,0.06859699636697769,0.029208511114120483
21-11-1974,0.06527800112962723,0.06527800112962723,305041,0.06527800112962723,0.06527800112962723,0.027795275673270226
22-11-1974,0.06527800112962723,0.06527800112962723,33893,0.06527800112962723,0.06527800112962723,0.027795275673270226
25-11-1974,0.06527800112962723,0.06527800112962723,0,0.06527800112962723,0.06527800112962723,0.027795275673270226
26-11-1974,0.06859699636697769,0.06859699636697769,11298,0.06859699636697769,0.06859699636697769,0.029208511114120483
27-11-1974,0.0708099976181984,0.0708099976181984,11298,0.0708099976181984,0.0708099976181984,0.03015078790485859
29-11-1974,0.06859699636697769,0.0708099976181984,67787,0.0708099976181984,0.0708099976181984,0.03015078790485859
02-12-1974,0.0708099976181984,0.0708099976181984,0,0.0708099976181984,0.0708099976181984,0.03015078790485859
03-12-1974,0.0708099976181984,0.0708099976181984,0,0.0708099976181984,0.0708099976181984,0.03015078790485859
04-12-1974,0.0708099976181984,0.0708099976181984,0,0.0708099976181984,0.0708099976181984,0.03015078790485859
05-12-1974,0.0708099976181984,0.0708099976181984,11298,0.0708099976181984,0.0708099976181984,0.03015078790485859
06-12-1974,0.0708099976181984,0.0708099976181984,67787,0.0708099976181984,0.0708099976181984,0.03015078790485859
09-12-1974,0.0708099976181984,0.0708099976181984,90383,0.0708099976181984,0.0708099976181984,0.03015078790485859
10-12-1974,0.0708099976181984,0.0708099976181984,0,0.0708099976181984,0.0708099976181984,0.03015078790485859
11-12-1974,0.0708099976181984,0.0708099976181984,11298,0.0708099976181984,0.0708099976181984,0.03015078790485859
12-12-1974,0.0708099976181984,0.0708099976181984,0,0.0708099976181984,0.0708099976181984,0.03015078790485859
13-12-1974,0.0708099976181984,0.0708099976181984,45191,0.0708099976181984,0.0708099976181984,0.03015078790485859
16-12-1974,0.0708099976181984,0.0708099976181984,0,0.0708099976181984,0.0708099976181984,0.03015078790485859
17-12-1974,0.0708099976181984,0.0708099976181984,90383,0.07412900030612946,0.0708099976181984,0.03015078790485859
18-12-1974,0.0708099976181984,0.0708099976181984,90383,0.07412900030612946,0.07412900030612946,0.03156401962041855
19-12-1974,0.0708099976181984,0.0708099976181984,11298,0.0708099976181984,0.0708099976181984,0.03015078790485859
20-12-1974,0.0708099976181984,0.0708099976181984,22596,0.0708099976181984,0.0708099976181984,0.03015078790485859
23-12-1974,0.0708099976181984,0.0708099976181984,67787,0.0708099976181984,0.0708099976181984,0.03015078790485859
24-12-1974,0.0708099976181984,0.0708099976181984,0,0.0708099976181984,0.0708099976181984,0.03015078790485859
26-12-1974,0.06527800112962723,0.06859699636697769,90383,0.06859699636697769,0.06527800112962723,0.027795275673270226
27-12-1974,0.06859699636697769,0.06859699636697769,11298,0.06859699636697769,0.06859699636697769,0.029208511114120483
30-12-1974,0.06527800112962723,0.06859699636697769,56489,0.06859699636697769,0.06859699636697769,0.029208511114120483
31-12-1974,0.06527800112962723,0.06859699636697769,101680,0.06859699636697769,0.06527800112962723,0.027795275673270226
02-01-1975,0.06859699636697769,0.06859699636697769,11298,0.06859699636697769,0.06859699636697769,0.029208511114120483
03-01-1975,0.0708099976181984,0.0708099976181984,45191,0.0708099976181984,0.0708099976181984,0.03015078790485859
06-01-1975,0.07412900030612946,0.07412900030612946,22596,0.07412900030612946,0.07412900030612946,0.03156401962041855
07-01-1975,0.07412900030612946,0.07412900030612946,56489,0.07966099679470062,0.07966099679470062,0.033919528126716614
08-01-1975,0.07966099679470062,0.07966099679470062,0,0.07966099679470062,0.07966099679470062,0.033919528126716614
09-01-1975,0.08298099786043167,0.08298099786043167,56489,0.0918319970369339,0.0918319970369339,0.039101921021938324
10-01-1975,0.09515099972486496,0.09515099972486496,56489,0.09515099972486496,0.09515099972486496,0.04051513224840164
13-01-1975,0.0918319970369339,0.09515099972486496,112978,0.09847000241279602,0.09847000241279602,0.04192837327718735
14-01-1975,0.09847000241279602,0.09847000241279602,22596,0.09847000241279602,0.09847000241279602,0.04192837327718735
15-01-1975,0.09847000241279602,0.09847000241279602,11298,0.09847000241279602,0.09847000241279602,0.04192837327718735
16-01-1975,0.09847000241279602,0.09847000241279602,0,0.09847000241279602,0.09847000241279602,0.04192837327718735
17-01-1975,0.09847000241279602,0.09847000241279602,0,0.09847000241279602,0.09847000241279602,0.04192837327718735
20-01-1975,0.09847000241279602,0.09847000241279602,0,0.09847000241279602,0.09847000241279602,0.04192837327718735
21-01-1975,0.09847000241279602,0.09847000241279602,0,0.09847000241279602,0.09847000241279602,0.04192837327718735
22-01-1975,0.09847000241279602,0.09847000241279602,0,0.09847000241279602,0.09847000241279602,0.04192837327718735
23-01-1975,0.09847000241279602,0.09847000241279602,0,0.09847000241279602,0.09847000241279602,0.04192837327718735
24-01-1975,0.09847000241279602,0.09847000241279602,0,0.09847000241279602,0.09847000241279602,0.04192837327718735
27-01-1975,0.09515099972486496,0.09847000241279602,33893,0.09847000241279602,0.09847000241279602,0.04192837327718735
28-01-1975,0.09847000241279602,0.09847000241279602,0,0.09847000241279602,0.09847000241279602,0.04192837327718735
29-01-1975,0.09847000241279602,0.09847000241279602,11298,0.09847000241279602,0.09847000241279602,0.04192837327718735
30-01-1975,0.09515099972486496,0.09847000241279602,259850,0.09847000241279602,0.09847000241279602,0.04192837327718735
31-01-1975,0.09847000241279602,0.09847000241279602,11298,0.09847000241279602,0.09847000241279602,0.04192837327718735
03-02-1975,0.10068300366401672,0.10068300366401672,11298,0.10068300366401672,0.10068300366401672,0.042870692908763885
04-02-1975,0.10068300366401672,0.10068300366401672,11298,0.10068300366401672,0.10068300366401672,0.042870692908763885
05-02-1975,0.10400199890136719,0.10400199890136719,11298,0.10400199890136719,0.10400199890136719,0.04428388178348541
06-02-1975,0.10400199890136719,0.10400199890136719,0,0.10400199890136719,0.10400199890136719,0.04428388178348541
07-02-1975,0.10400199890136719,0.10400199890136719,0,0.10400199890136719,0.10400199890136719,0.04428388178348541
10-02-1975,0.10400199890136719,0.10400199890136719,0,0.10400199890136719,0.10400199890136719,0.04428388178348541
11-02-1975,0.10400199890136719,0.10400199890136719,56489,0.10400199890136719,0.10400199890136719,0.04428388178348541
12-02-1975,0.10400199890136719,0.10400199890136719,0,0.10400199890136719,0.10400199890136719,0.04428388178348541
13-02-1975,0.10732199996709824,0.10732199996709824,11298,0.10732199996709824,0.10732199996709824,0.045697543770074844
14-02-1975,0.10732199996709824,0.10732199996709824,0,0.10732199996709824,0.10732199996709824,0.045697543770074844
18-02-1975,0.10400199890136719,0.10400199890136719,11298,0.10400199890136719,0.10400199890136719,0.04428388178348541
19-02-1975,0.10732199996709824,0.10732199996709824,56489,0.10953400284051895,0.10953400284051895,0.046639397740364075
20-02-1975,0.10732199996709824,0.10953400284051895,124276,0.10953400284051895,0.10732199996709824,0.045697543770074844
21-02-1975,0.10732199996709824,0.10732199996709824,0,0.10732199996709824,0.10732199996709824,0.045697543770074844
24-02-1975,0.10953400284051895,0.10953400284051895,11298,0.10953400284051895,0.10953400284051895,0.046639397740364075
25-02-1975,0.10953400284051895,0.10953400284051895,0,0.10953400284051895,0.10953400284051895,0.046639397740364075
26-02-1975,0.10953400284051895,0.10953400284051895,45191,0.1128539964556694,0.10953400284051895,0.046639397740364075
27-02-1975,0.10732199996709824,0.10953400284051895,158169,0.10953400284051895,0.10732199996709824,0.045697543770074844
28-02-1975,0.10732199996709824,0.10732199996709824,11298,0.10732199996709824,0.10732199996709824,0.045697543770074844
03-03-1975,0.09847000241279602,0.10400199890136719,146872,0.10400199890136719,0.09847000241279602,0.04192837327718735
04-03-1975,0.10068300366401672,0.10068300366401672,90383,0.10400199890136719,0.10400199890136719,0.04428388178348541
05-03-1975,0.10400199890136719,0.10400199890136719,22596,0.10400199890136719,0.10400199890136719,0.04428388178348541
06-03-1975,0.10400199890136719,0.10400199890136719,0,0.10400199890136719,0.10400199890136719,0.04428388178348541
07-03-1975,0.10400199890136719,0.10400199890136719,11298,0.10400199890136719,0.10400199890136719,0.04428388178348541
10-03-1975,0.10400199890136719,0.10400199890136719,0,0.10400199890136719,0.10400199890136719,0.04428388178348541
11-03-1975,0.10400199890136719,0.10400199890136719,22596,0.10400199890136719,0.10400199890136719,0.04428388178348541
12-03-1975,0.10068300366401672,0.10068300366401672,11298,0.10068300366401672,0.10068300366401672,0.042870692908763885
13-03-1975,0.10400199890136719,0.10400199890136719,33893,0.10400199890136719,0.10400199890136719,0.04428388178348541
14-03-1975,0.10400199890136719,0.10400199890136719,0,0.10400199890136719,0.10400199890136719,0.04428388178348541
17-03-1975,0.10400199890136719,0.10400199890136719,11298,0.10400199890136719,0.10400199890136719,0.04428388178348541
18-03-1975,0.10400199890136719,0.10400199890136719,0,0.10400199890136719,0.10400199890136719,0.04428388178348541
19-03-1975,0.10732199996709824,0.10732199996709824,22596,0.10732199996709824,0.10732199996709824,0.045697543770074844
20-03-1975,0.10953400284051895,0.10953400284051895,11298,0.10953400284051895,0.10953400284051895,0.046639397740364075
21-03-1975,0.10953400284051895,0.10953400284051895,0,0.10953400284051895,0.10953400284051895,0.046639397740364075
24-03-1975,0.10732199996709824,0.10732199996709824,22596,0.10732199996709824,0.10732199996709824,0.045697543770074844
25-03-1975,0.10732199996709824,0.10732199996709824,0,0.10732199996709824,0.10732199996709824,0.045697543770074844
26-03-1975,0.10732199996709824,0.10732199996709824,11298,0.10732199996709824,0.10732199996709824,0.045697543770074844
27-03-1975,0.10732199996709824,0.10732199996709824,0,0.10732199996709824,0.10732199996709824,0.045697543770074844
31-03-1975,0.10953400284051895,0.10953400284051895,11298,0.10953400284051895,0.10953400284051895,0.046639397740364075
01-04-1975,0.10953400284051895,0.10953400284051895,11298,0.10953400284051895,0.10953400284051895,0.046639397740364075
02-04-1975,0.10953400284051895,0.10953400284051895,22596,0.10953400284051895,0.10953400284051895,0.046639397740364075
03-04-1975,0.10953400284051895,0.10953400284051895,0,0.10953400284051895,0.10953400284051895,0.046639397740364075
04-04-1975,0.10953400284051895,0.10953400284051895,0,0.10953400284051895,0.10953400284051895,0.046639397740364075
07-04-1975,0.10953400284051895,0.10953400284051895,0,0.10953400284051895,0.10953400284051895,0.046639397740364075
08-04-1975,0.10732199996709824,0.10732199996709824,11298,0.10732199996709824,0.10732199996709824,0.045697543770074844
09-04-1975,0.10732199996709824,0.10732199996709824,0,0.10732199996709824,0.10732199996709824,0.045697543770074844
10-04-1975,0.10732199996709824,0.10732199996709824,0,0.10732199996709824,0.10732199996709824,0.045697543770074844
11-04-1975,0.10732199996709824,0.10732199996709824,0,0.10732199996709824,0.10732199996709824,0.045697543770074844
14-04-1975,0.10732199996709824,0.10732199996709824,56489,0.10732199996709824,0.10732199996709824,0.045697543770074844
15-04-1975,0.10732199996709824,0.10732199996709824,0,0.10732199996709824,0.10732199996709824,0.045697543770074844
16-04-1975,0.10732199996709824,0.10732199996709824,22596,0.10732199996709824,0.10732199996709824,0.045697543770074844
17-04-1975,0.10732199996709824,0.10732199996709824,11298,0.10732199996709824,0.10732199996709824,0.045697543770074844
18-04-1975,0.10732199996709824,0.10732199996709824,0,0.10732199996709824,0.10732199996709824,0.045697543770074844
21-04-1975,0.10732199996709824,0.10732199996709824,0,0.10732199996709824,0.10732199996709824,0.045697543770074844
22-04-1975,0.10732199996709824,0.10732199996709824,22596,0.10732199996709824,0.10732199996709824,0.045697543770074844
23-04-1975,0.10732199996709824,0.10732199996709824,0,0.10732199996709824,0.10732199996709824,0.045697543770074844
24-04-1975,0.10732199996709824,0.10732199996709824,0,0.10732199996709824,0.10732199996709824,0.045697543770074844
25-04-1975,0.10732199996709824,0.10732199996709824,0,0.10732199996709824,0.10732199996709824,0.045697543770074844
28-04-1975,0.10732199996709824,0.10732199996709824,11298,0.10732199996709824,0.10732199996709824,0.045697543770074844
29-04-1975,0.10732199996709824,0.10732199996709824,11298,0.10732199996709824,0.10732199996709824,0.045697543770074844
30-04-1975,0.10732199996709824,0.10732199996709824,0,0.10732199996709824,0.10732199996709824,0.045697543770074844
01-05-1975,0.10732199996709824,0.10732199996709824,0,0.10732199996709824,0.10732199996709824,0.045697543770074844
02-05-1975,0.10732199996709824,0.10732199996709824,0,0.10732199996709824,0.10732199996709824,0.045697543770074844
05-05-1975,0.10732199996709824,0.10732199996709824,22596,0.10953400284051895,0.10732199996709824,0.045697543770074844
06-05-1975,0.10732199996709824,0.10732199996709824,11298,0.10732199996709824,0.10732199996709824,0.045697543770074844
07-05-1975,0.10732199996709824,0.10732199996709824,11298,0.10732199996709824,0.10732199996709824,0.045697543770074844
08-05-1975,0.10732199996709824,0.10732199996709824,45191,0.10732199996709824,0.10732199996709824,0.045697543770074844
09-05-1975,0.10732199996709824,0.10732199996709824,0,0.10732199996709824,0.10732199996709824,0.045697543770074844
12-05-1975,0.10732199996709824,0.10732199996709824,0,0.10732199996709824,0.10732199996709824,0.045697543770074844
13-05-1975,0.10732199996709824,0.10732199996709824,22596,0.10732199996709824,0.10732199996709824,0.045697543770074844
14-05-1975,0.10732199996709824,0.10732199996709824,0,0.10732199996709824,0.10732199996709824,0.045697543770074844
15-05-1975,0.10068300366401672,0.10400199890136719,33893,0.10400199890136719,0.10068300366401672,0.042870692908763885
16-05-1975,0.10068300366401672,0.10068300366401672,0,0.10068300366401672,0.10068300366401672,0.042870692908763885
19-05-1975,0.10068300366401672,0.10068300366401672,0,0.10068300366401672,0.10068300366401672,0.042870692908763885
20-05-1975,0.10068300366401672,0.10068300366401672,0,0.10068300366401672,0.10068300366401672,0.042870692908763885
21-05-1975,0.10068300366401672,0.10068300366401672,33893,0.10400199890136719,0.10400199890136719,0.04428388178348541
22-05-1975,0.10400199890136719,0.10400199890136719,0,0.10400199890136719,0.10400199890136719,0.04428388178348541
23-05-1975,0.10400199890136719,0.10400199890136719,0,0.10400199890136719,0.10400199890136719,0.04428388178348541
27-05-1975,0.10400199890136719,0.10400199890136719,0,0.10400199890136719,0.10400199890136719,0.04428388178348541
28-05-1975,0.10400199890136719,0.10400199890136719,0,0.10400199890136719,0.10400199890136719,0.04428388178348541
29-05-1975,0.10400199890136719,0.10400199890136719,0,0.10400199890136719,0.10400199890136719,0.04428388178348541
30-05-1975,0.10400199890136719,0.10400199890136719,0,0.10400199890136719,0.10400199890136719,0.04428388178348541
02-06-1975,0.10732199996709824,0.10732199996709824,11298,0.10732199996709824,0.10732199996709824,0.045697543770074844
03-06-1975,0.10732199996709824,0.10732199996709824,0,0.10732199996709824,0.10732199996709824,0.045697543770074844
04-06-1975,0.10732199996709824,0.10732199996709824,700464,0.10732199996709824,0.10732199996709824,0.045697543770074844
05-06-1975,0.10732199996709824,0.10732199996709824,11298,0.10732199996709824,0.10732199996709824,0.045697543770074844
06-06-1975,0.10732199996709824,0.10732199996709824,22596,0.10732199996709824,0.10732199996709824,0.045697543770074844
09-06-1975,0.10732199996709824,0.10732199996709824,33893,0.10953400284051895,0.10953400284051895,0.046639397740364075
10-06-1975,0.10953400284051895,0.10953400284051895,0,0.10953400284051895,0.10953400284051895,0.046639397740364075
11-06-1975,0.10953400284051895,0.10953400284051895,0,0.10953400284051895,0.10953400284051895,0.046639397740364075
12-06-1975,0.10953400284051895,0.10953400284051895,0,0.10953400284051895,0.10953400284051895,0.046639397740364075
13-06-1975,0.10953400284051895,0.10953400284051895,0,0.10953400284051895,0.10953400284051895,0.046639397740364075
16-06-1975,0.10732199996709824,0.10732199996709824,11298,0.10732199996709824,0.10732199996709824,0.045697543770074844
17-06-1975,0.10732199996709824,0.10732199996709824,0,0.10732199996709824,0.10732199996709824,0.045697543770074844
18-06-1975,0.10732199996709824,0.10732199996709824,0,0.10732199996709824,0.10732199996709824,0.045697543770074844
19-06-1975,0.10732199996709824,0.10732199996709824,0,0.10732199996709824,0.10732199996709824,0.045697543770074844
20-06-1975,0.10732199996709824,0.10732199996709824,0,0.10732199996709824,0.10732199996709824,0.045697543770074844
23-06-1975,0.10732199996709824,0.10732199996709824,45191,0.10732199996709824,0.10732199996709824,0.045697543770074844
24-06-1975,0.10732199996709824,0.10732199996709824,101680,0.10953400284051895,0.10953400284051895,0.046639397740364075
25-06-1975,0.10953400284051895,0.10953400284051895,33893,0.10953400284051895,0.10953400284051895,0.046639397740364075
26-06-1975,0.10953400284051895,0.10953400284051895,90383,0.10953400284051895,0.10953400284051895,0.046639397740364075
27-06-1975,0.10953400284051895,0.10953400284051895,33893,0.10953400284051895,0.10953400284051895,0.046639397740364075
30-06-1975,0.10953400284051895,0.10953400284051895,0,0.10953400284051895,0.10953400284051895,0.046639397740364075
01-07-1975,0.10953400284051895,0.10953400284051895,0,0.10953400284051895,0.10953400284051895,0.046639397740364075
02-07-1975,0.10953400284051895,0.10953400284051895,45191,0.10953400284051895,0.10953400284051895,0.046639397740364075
03-07-1975,0.1128539964556694,0.1128539964556694,11298,0.1128539964556694,0.1128539964556694,0.0480530671775341
07-07-1975,0.10953400284051895,0.1128539964556694,33893,0.1128539964556694,0.1128539964556694,0.0480530671775341
08-07-1975,0.1128539964556694,0.1128539964556694,0,0.1128539964556694,0.1128539964556694,0.0480530671775341
09-07-1975,0.1128539964556694,0.1128539964556694,0,0.1128539964556694,0.1128539964556694,0.0480530671775341
10-07-1975,0.1128539964556694,0.1128539964556694,0,0.1128539964556694,0.1128539964556694,0.0480530671775341
11-07-1975,0.11617299914360046,0.11617299914360046,11298,0.11617299914360046,0.11617299914360046,0.04946630820631981
14-07-1975,0.11949200183153152,0.11949200183153152,11298,0.11949200183153152,0.11949200183153152,0.05087953433394432
15-07-1975,0.12170500308275223,0.12170500308275223,33893,0.12170500308275223,0.12170500308275223,0.05182182788848877
16-07-1975,0.12170500308275223,0.12170500308275223,22596,0.1250240057706833,0.12170500308275223,0.05182182788848877
17-07-1975,0.11617299914360046,0.12170500308275223,214658,0.12170500308275223,0.11617299914360046,0.04946630820631981
18-07-1975,0.11617299914360046,0.11617299914360046,0,0.11617299914360046,0.11617299914360046,0.04946630820631981
21-07-1975,0.11617299914360046,0.11617299914360046,0,0.11617299914360046,0.11617299914360046,0.04946630820631981
22-07-1975,0.11617299914360046,0.11617299914360046,11298,0.11617299914360046,0.11617299914360046,0.04946630820631981
23-07-1975,0.11617299914360046,0.11617299914360046,0,0.11617299914360046,0.11617299914360046,0.04946630820631981
24-07-1975,0.11617299914360046,0.11617299914360046,0,0.11617299914360046,0.11617299914360046,0.04946630820631981
25-07-1975,0.11617299914360046,0.11617299914360046,0,0.11617299914360046,0.11617299914360046,0.04946630820631981
28-07-1975,0.11617299914360046,0.11617299914360046,0,0.11617299914360046,0.11617299914360046,0.04946630820631981
29-07-1975,0.11617299914360046,0.11617299914360046,0,0.11617299914360046,0.11617299914360046,0.04946630820631981
30-07-1975,0.11949200183153152,0.11949200183153152,11298,0.11949200183153152,0.11949200183153152,0.05087953433394432
31-07-1975,0.11617299914360046,0.11617299914360046,22596,0.11617299914360046,0.11617299914360046,0.04946630820631981
01-08-1975,0.11617299914360046,0.11617299914360046,0,0.11617299914360046,0.11617299914360046,0.04946630820631981
04-08-1975,0.11617299914360046,0.11617299914360046,0,0.11617299914360046,0.11617299914360046,0.04946630820631981
05-08-1975,0.11949200183153152,0.11949200183153152,45191,0.11949200183153152,0.11949200183153152,0.05087953433394432
06-08-1975,0.11949200183153152,0.11949200183153152,0,0.11949200183153152,0.11949200183153152,0.05087953433394432
07-08-1975,0.11617299914360046,0.11617299914360046,192063,0.11617299914360046,0.11617299914360046,0.04946630820631981
08-08-1975,0.11617299914360046,0.11617299914360046,0,0.11617299914360046,0.11617299914360046,0.04946630820631981
11-08-1975,0.11617299914360046,0.11617299914360046,11298,0.11617299914360046,0.11617299914360046,0.04946630820631981
12-08-1975,0.11617299914360046,0.11617299914360046,11298,0.11617299914360046,0.11617299914360046,0.04946630820631981
13-08-1975,0.1128539964556694,0.1128539964556694,11298,0.1128539964556694,0.1128539964556694,0.0480530671775341
14-08-1975,0.1128539964556694,0.1128539964556694,0,0.1128539964556694,0.1128539964556694,0.0480530671775341
15-08-1975,0.10953400284051895,0.10953400284051895,33893,0.10953400284051895,0.10953400284051895,0.046639397740364075
18-08-1975,0.10953400284051895,0.10953400284051895,11298,0.10953400284051895,0.10953400284051895,0.046639397740364075
19-08-1975,0.10953400284051895,0.10953400284051895,0,0.10953400284051895,0.10953400284051895,0.046639397740364075
20-08-1975,0.10400199890136719,0.10732199996709824,33893,0.10732199996709824,0.10400199890136719,0.04428388178348541
21-08-1975,0.10068300366401672,0.10068300366401672,33893,0.10068300366401672,0.10068300366401672,0.042870692908763885
22-08-1975,0.10068300366401672,0.10068300366401672,0,0.10068300366401672,0.10068300366401672,0.042870692908763885
25-08-1975,0.10068300366401672,0.10068300366401672,0,0.10068300366401672,0.10068300366401672,0.042870692908763885
26-08-1975,0.10068300366401672,0.10068300366401672,0,0.10068300366401672,0.10068300366401672,0.042870692908763885
27-08-1975,0.10068300366401672,0.10068300366401672,0,0.10068300366401672,0.10068300366401672,0.042870692908763885
28-08-1975,0.10068300366401672,0.10068300366401672,0,0.10068300366401672,0.10068300366401672,0.042870692908763885
29-08-1975,0.10068300366401672,0.10068300366401672,0,0.10068300366401672,0.10068300366401672,0.042870692908763885
02-09-1975,0.10068300366401672,0.10068300366401672,56489,0.10068300366401672,0.10068300366401672,0.042870692908763885
03-09-1975,0.10068300366401672,0.10068300366401672,0,0.10068300366401672,0.10068300366401672,0.042870692908763885
04-09-1975,0.09515099972486496,0.09847000241279602,45191,0.09847000241279602,0.09515099972486496,0.04051513224840164
05-09-1975,0.09515099972486496,0.09515099972486496,22596,0.09515099972486496,0.09515099972486496,0.04051513224840164
08-09-1975,0.09515099972486496,0.09515099972486496,45191,0.09515099972486496,0.09515099972486496,0.04051513224840164
09-09-1975,0.09515099972486496,0.09515099972486496,0,0.09515099972486496,0.09515099972486496,0.04051513224840164
10-09-1975,0.0918319970369339,0.09515099972486496,56489,0.09515099972486496,0.09515099972486496,0.04051513224840164
11-09-1975,0.09847000241279602,0.09847000241279602,11298,0.09847000241279602,0.09847000241279602,0.04192837327718735
12-09-1975,0.09847000241279602,0.09847000241279602,0,0.09847000241279602,0.09847000241279602,0.04192837327718735
15-09-1975,0.09847000241279602,0.09847000241279602,0,0.09847000241279602,0.09847000241279602,0.04192837327718735
16-09-1975,0.09515099972486496,0.09515099972486496,11298,0.09515099972486496,0.09515099972486496,0.04051513224840164
17-09-1975,0.09847000241279602,0.09847000241279602,33893,0.09847000241279602,0.09847000241279602,0.04192837327718735
18-09-1975,0.09847000241279602,0.09847000241279602,0,0.09847000241279602,0.09847000241279602,0.04192837327718735
19-09-1975,0.09847000241279602,0.09847000241279602,22596,0.09847000241279602,0.09847000241279602,0.04192837327718735
22-09-1975,0.09847000241279602,0.09847000241279602,0,0.09847000241279602,0.09847000241279602,0.04192837327718735
23-09-1975,0.09847000241279602,0.09847000241279602,0,0.09847000241279602,0.09847000241279602,0.04192837327718735
24-09-1975,0.09515099972486496,0.09515099972486496,11298,0.09515099972486496,0.09515099972486496,0.04051513224840164
25-09-1975,0.09515099972486496,0.09515099972486496,0,0.09515099972486496,0.09515099972486496,0.04051513224840164
26-09-1975,0.09847000241279602,0.09847000241279602,22596,0.09847000241279602,0.09847000241279602,0.04192837327718735
29-09-1975,0.09847000241279602,0.09847000241279602,0,0.09847000241279602,0.09847000241279602,0.04192837327718735
30-09-1975,0.09847000241279602,0.09847000241279602,0,0.09847000241279602,0.09847000241279602,0.04192837327718735
01-10-1975,0.09847000241279602,0.09847000241279602,22596,0.09847000241279602,0.09847000241279602,0.04192837327718735
02-10-1975,0.09515099972486496,0.09515099972486496,33893,0.09515099972486496,0.09515099972486496,0.04051513224840164
03-10-1975,0.09515099972486496,0.09515099972486496,180765,0.10068300366401672,0.10068300366401672,0.042870692908763885
06-10-1975,0.10068300366401672,0.10068300366401672,56489,0.10068300366401672,0.10068300366401672,0.042870692908763885
07-10-1975,0.10068300366401672,0.10068300366401672,22596,0.10068300366401672,0.10068300366401672,0.042870692908763885
08-10-1975,0.10068300366401672,0.10068300366401672,0,0.10068300366401672,0.10068300366401672,0.042870692908763885
09-10-1975,0.09847000241279602,0.09847000241279602,11298,0.09847000241279602,0.09847000241279602,0.04192837327718735
10-10-1975,0.09847000241279602,0.09847000241279602,56489,0.09847000241279602,0.09847000241279602,0.04192837327718735
13-10-1975,0.09847000241279602,0.09847000241279602,0,0.09847000241279602,0.09847000241279602,0.04192837327718735
14-10-1975,0.10068300366401672,0.10068300366401672,11298,0.10068300366401672,0.10068300366401672,0.042870692908763885
15-10-1975,0.09847000241279602,0.10068300366401672,33893,0.10068300366401672,0.10068300366401672,0.042870692908763885
16-10-1975,0.10068300366401672,0.10068300366401672,0,0.10068300366401672,0.10068300366401672,0.042870692908763885
17-10-1975,0.10068300366401672,0.10068300366401672,0,0.10068300366401672,0.10068300366401672,0.042870692908763885
20-10-1975,0.10068300366401672,0.10068300366401672,0,0.10068300366401672,0.10068300366401672,0.042870692908763885
21-10-1975,0.0918319970369339,0.09515099972486496,45191,0.09515099972486496,0.0918319970369339,0.039101921021938324
22-10-1975,0.0918319970369339,0.0918319970369339,0,0.0918319970369339,0.0918319970369339,0.039101921021938324
23-10-1975,0.09515099972486496,0.09515099972486496,11298,0.09515099972486496,0.09515099972486496,0.04051513224840164
24-10-1975,0.09515099972486496,0.09515099972486496,0,0.09515099972486496,0.09515099972486496,0.04051513224840164
27-10-1975,0.0918319970369339,0.0918319970369339,11298,0.0918319970369339,0.0918319970369339,0.039101921021938324
28-10-1975,0.0918319970369339,0.0918319970369339,67787,0.0918319970369339,0.0918319970369339,0.039101921021938324
29-10-1975,0.0918319970369339,0.0918319970369339,0,0.0918319970369339,0.0918319970369339,0.039101921021938324
30-10-1975,0.0918319970369339,0.0918319970369339,56489,0.0918319970369339,0.0918319970369339,0.039101921021938324
31-10-1975,0.0918319970369339,0.0918319970369339,67787,0.0918319970369339,0.0918319970369339,0.039101921021938324
03-11-1975,0.0918319970369339,0.0918319970369339,0,0.0918319970369339,0.0918319970369339,0.039101921021938324
04-11-1975,0.0918319970369339,0.0918319970369339,45191,0.09515099972486496,0.09515099972486496,0.04051513224840164
05-11-1975,0.09515099972486496,0.09515099972486496,56489,0.09515099972486496,0.09515099972486496,0.04051513224840164
06-11-1975,0.09515099972486496,0.09515099972486496,0,0.09515099972486496,0.09515099972486496,0.04051513224840164
07-11-1975,0.09515099972486496,0.09515099972486496,0,0.09515099972486496,0.09515099972486496,0.04051513224840164
10-11-1975,0.09515099972486496,0.09515099972486496,0,0.09515099972486496,0.09515099972486496,0.04051513224840164
11-11-1975,0.09515099972486496,0.09515099972486496,0,0.09515099972486496,0.09515099972486496,0.04051513224840164
12-11-1975,0.09515099972486496,0.09515099972486496,0,0.09515099972486496,0.09515099972486496,0.04051513224840164
13-11-1975,0.09515099972486496,0.09515099972486496,79085,0.09515099972486496,0.09515099972486496,0.04051513224840164
14-11-1975,0.09515099972486496,0.09515099972486496,0,0.09515099972486496,0.09515099972486496,0.04051513224840164
17-11-1975,0.09515099972486496,0.09515099972486496,0,0.09515099972486496,0.09515099972486496,0.04051513224840164
18-11-1975,0.09847000241279602,0.09847000241279602,11298,0.09847000241279602,0.09847000241279602,0.04192837327718735
19-11-1975,0.09847000241279602,0.09847000241279602,0,0.09847000241279602,0.09847000241279602,0.04192837327718735
20-11-1975,0.09847000241279602,0.09847000241279602,0,0.09847000241279602,0.09847000241279602,0.04192837327718735
21-11-1975,0.09515099972486496,0.09515099972486496,11298,0.09515099972486496,0.09515099972486496,0.04051513224840164
24-11-1975,0.09515099972486496,0.09515099972486496,0,0.09515099972486496,0.09515099972486496,0.04051513224840164
25-11-1975,0.09515099972486496,0.09515099972486496,0,0.09515099972486496,0.09515099972486496,0.04051513224840164
26-11-1975,0.09515099972486496,0.09515099972486496,146872,0.10068300366401672,0.10068300366401672,0.042870692908763885
28-11-1975,0.10068300366401672,0.10068300366401672,0,0.10068300366401672,0.10068300366401672,0.042870692908763885
01-12-1975,0.10068300366401672,0.10068300366401672,79085,0.10068300366401672,0.10068300366401672,0.042870692908763885
02-12-1975,0.09847000241279602,0.10068300366401672,67787,0.10068300366401672,0.10068300366401672,0.042870692908763885
03-12-1975,0.10068300366401672,0.10068300366401672,33893,0.10400199890136719,0.10068300366401672,0.042870692908763885
04-12-1975,0.10068300366401672,0.10068300366401672,56489,0.10068300366401672,0.10068300366401672,0.042870692908763885
05-12-1975,0.10068300366401672,0.10068300366401672,0,0.10068300366401672,0.10068300366401672,0.042870692908763885
08-12-1975,0.10068300366401672,0.10068300366401672,22596,0.10068300366401672,0.10068300366401672,0.042870692908763885
09-12-1975,0.10068300366401672,0.10068300366401672,22596,0.10068300366401672,0.10068300366401672,0.042870692908763885
10-12-1975,0.10068300366401672,0.10068300366401672,0,0.10068300366401672,0.10068300366401672,0.042870692908763885
11-12-1975,0.10400199890136719,0.10400199890136719,11298,0.10400199890136719,0.10400199890136719,0.04428388178348541
12-12-1975,0.10400199890136719,0.10400199890136719,0,0.10400199890136719,0.10400199890136719,0.04428388178348541
15-12-1975,0.10400199890136719,0.10400199890136719,0,0.10400199890136719,0.10400199890136719,0.04428388178348541
16-12-1975,0.10400199890136719,0.10400199890136719,0,0.10400199890136719,0.10400199890136719,0.04428388178348541
17-12-1975,0.10400199890136719,0.10400199890136719,56489,0.10400199890136719,0.10400199890136719,0.04428388178348541
18-12-1975,0.10400199890136719,0.10400199890136719,0,0.10400199890136719,0.10400199890136719,0.04428388178348541
19-12-1975,0.10068300366401672,0.10068300366401672,33893,0.10068300366401672,0.10068300366401672,0.042870692908763885
22-12-1975,0.10068300366401672,0.10068300366401672,0,0.10068300366401672,0.10068300366401672,0.042870692908763885
23-12-1975,0.10068300366401672,0.10068300366401672,33893,0.10068300366401672,0.10068300366401672,0.042870692908763885
24-12-1975,0.10068300366401672,0.10068300366401672,0,0.10068300366401672,0.10068300366401672,0.042870692908763885
26-12-1975,0.09847000241279602,0.10068300366401672,135574,0.10068300366401672,0.09847000241279602,0.04192837327718735
29-12-1975,0.09847000241279602,0.09847000241279602,79085,0.09847000241279602,0.09847000241279602,0.04192837327718735
30-12-1975,0.09847000241279602,0.09847000241279602,0,0.09847000241279602,0.09847000241279602,0.04192837327718735
31-12-1975,0.10068300366401672,0.10068300366401672,22596,0.10068300366401672,0.10068300366401672,0.042870692908763885
02-01-1976,0.10068300366401672,0.10068300366401672,33893,0.10068300366401672,0.10068300366401672,0.042870692908763885
05-01-1976,0.10068300366401672,0.10068300366401672,225956,0.10068300366401672,0.10068300366401672,0.042870692908763885
06-01-1976,0.10732199996709824,0.10732199996709824,169467,0.10732199996709824,0.10732199996709824,0.045697543770074844
07-01-1976,0.10953400284051895,0.10953400284051895,79085,0.10953400284051895,0.10953400284051895,0.046639397740364075
08-01-1976,0.10953400284051895,0.10953400284051895,56489,0.10953400284051895,0.10953400284051895,0.046639397740364075
09-01-1976,0.10732199996709824,0.10953400284051895,146872,0.10953400284051895,0.10953400284051895,0.046639397740364075
12-01-1976,0.1128539964556694,0.1128539964556694,101680,0.11617299914360046,0.11617299914360046,0.04946630820631981
13-01-1976,0.11617299914360046,0.11617299914360046,11298,0.11617299914360046,0.11617299914360046,0.04946630820631981
14-01-1976,0.11617299914360046,0.11617299914360046,45191,0.11617299914360046,0.11617299914360046,0.04946630820631981
15-01-1976,0.11617299914360046,0.11617299914360046,0,0.11617299914360046,0.11617299914360046,0.04946630820631981
16-01-1976,0.11617299914360046,0.11617299914360046,11298,0.11617299914360046,0.11617299914360046,0.04946630820631981
19-01-1976,0.11617299914360046,0.11617299914360046,0,0.11617299914360046,0.11617299914360046,0.04946630820631981
20-01-1976,0.11617299914360046,0.11617299914360046,0,0.11617299914360046,0.11617299914360046,0.04946630820631981
21-01-1976,0.11617299914360046,0.11617299914360046,0,0.11617299914360046,0.11617299914360046,0.04946630820631981
22-01-1976,0.11617299914360046,0.11617299914360046,0,0.11617299914360046,0.11617299914360046,0.04946630820631981
23-01-1976,0.1128539964556694,0.1128539964556694,11298,0.1128539964556694,0.1128539964556694,0.0480530671775341
26-01-1976,0.11617299914360046,0.11617299914360046,11298,0.11617299914360046,0.11617299914360046,0.04946630820631981
27-01-1976,0.11617299914360046,0.11617299914360046,67787,0.11949200183153152,0.11949200183153152,0.05087953433394432
28-01-1976,0.11949200183153152,0.11949200183153152,0,0.11949200183153152,0.11949200183153152,0.05087953433394432
29-01-1976,0.12170500308275223,0.12170500308275223,11298,0.12170500308275223,0.12170500308275223,0.05182182788848877
30-01-1976,0.12170500308275223,0.12170500308275223,180765,0.1250240057706833,0.12170500308275223,0.05182182788848877
02-02-1976,0.12170500308275223,0.12170500308275223,350232,0.12834300100803375,0.12834300100803375,0.054648250341415405
03-02-1976,0.12834300100803375,0.12834300100803375,0,0.12834300100803375,0.12834300100803375,0.054648250341415405
04-02-1976,0.12834300100803375,0.12834300100803375,0,0.12834300100803375,0.12834300100803375,0.054648250341415405
05-02-1976,0.12834300100803375,0.12834300100803375,0,0.12834300100803375,0.12834300100803375,0.054648250341415405
06-02-1976,0.1250240057706833,0.1250240057706833,45191,0.1250240057706833,0.1250240057706833,0.05323506519198418
09-02-1976,0.1250240057706833,0.1250240057706833,0,0.1250240057706833,0.1250240057706833,0.05323506519198418
10-02-1976,0.12170500308275223,0.12170500308275223,11298,0.12170500308275223,0.12170500308275223,0.05182182788848877
11-02-1976,0.12170500308275223,0.12170500308275223,0,0.12170500308275223,0.12170500308275223,0.05182182788848877
12-02-1976,0.12170500308275223,0.12170500308275223,22596,0.1250240057706833,0.1250240057706833,0.05323506519198418
13-02-1976,0.1250240057706833,0.1250240057706833,0,0.1250240057706833,0.1250240057706833,0.05323506519198418
17-02-1976,0.1250240057706833,0.1250240057706833,0,0.1250240057706833,0.1250240057706833,0.05323506519198418
18-02-1976,0.12170500308275223,0.12170500308275223,33893,0.12170500308275223,0.12170500308275223,0.05182182788848877
19-02-1976,0.1250240057706833,0.1250240057706833,33893,0.1250240057706833,0.1250240057706833,0.05323506519198418
20-02-1976,0.1250240057706833,0.1250240057706833,0,0.1250240057706833,0.1250240057706833,0.05323506519198418
23-02-1976,0.1250240057706833,0.1250240057706833,22596,0.1250240057706833,0.1250240057706833,0.05323506519198418
24-02-1976,0.1250240057706833,0.1250240057706833,45191,0.1250240057706833,0.1250240057706833,0.05323506519198418
25-02-1976,0.12170500308275223,0.1250240057706833,45191,0.1250240057706833,0.12170500308275223,0.05182182788848877
26-02-1976,0.12170500308275223,0.12170500308275223,0,0.12170500308275223,0.12170500308275223,0.05182182788848877
27-02-1976,0.12170500308275223,0.12170500308275223,22596,0.12170500308275223,0.12170500308275223,0.05182182788848877
01-03-1976,0.12170500308275223,0.12170500308275223,0,0.12170500308275223,0.12170500308275223,0.05182182788848877
02-03-1976,0.11949200183153152,0.12170500308275223,101680,0.12170500308275223,0.12170500308275223,0.05182182788848877
03-03-1976,0.12170500308275223,0.12170500308275223,79085,0.1250240057706833,0.1250240057706833,0.05323506519198418
04-03-1976,0.1250240057706833,0.1250240057706833,56489,0.1250240057706833,0.1250240057706833,0.05323506519198418
05-03-1976,0.1250240057706833,0.1250240057706833,0,0.1250240057706833,0.1250240057706833,0.05323506519198418
08-03-1976,0.1250240057706833,0.1250240057706833,0,0.1250240057706833,0.1250240057706833,0.05323506519198418
09-03-1976,0.1250240057706833,0.1250240057706833,0,0.1250240057706833,0.1250240057706833,0.05323506519198418
10-03-1976,0.11949200183153152,0.12170500308275223,45191,0.12170500308275223,0.11949200183153152,0.05087953433394432
11-03-1976,0.11949200183153152,0.11949200183153152,0,0.11949200183153152,0.11949200183153152,0.05087953433394432
12-03-1976,0.11949200183153152,0.11949200183153152,45191,0.11949200183153152,0.11949200183153152,0.05087953433394432
15-03-1976,0.11617299914360046,0.11617299914360046,135574,0.11617299914360046,0.11617299914360046,0.04946630820631981
16-03-1976,0.11949200183153152,0.11949200183153152,124276,0.11949200183153152,0.11949200183153152,0.05087953433394432
17-03-1976,0.11949200183153152,0.11949200183153152,0,0.11949200183153152,0.11949200183153152,0.05087953433394432
18-03-1976,0.11949200183153152,0.11949200183153152,0,0.11949200183153152,0.11949200183153152,0.05087953433394432
19-03-1976,0.1250240057706833,0.1250240057706833,56489,0.1250240057706833,0.1250240057706833,0.05323506519198418
22-03-1976,0.1250240057706833,0.1250240057706833,11298,0.1250240057706833,0.1250240057706833,0.05323506519198418
23-03-1976,0.1250240057706833,0.1250240057706833,11298,0.1250240057706833,0.1250240057706833,0.05323506519198418
24-03-1976,0.1250240057706833,0.1250240057706833,0,0.1250240057706833,0.1250240057706833,0.05323506519198418
25-03-1976,0.1250240057706833,0.1250240057706833,0,0.1250240057706833,0.1250240057706833,0.05323506519198418
26-03-1976,0.12170500308275223,0.12170500308275223,22596,0.12170500308275223,0.12170500308275223,0.05182182788848877
29-03-1976,0.11949200183153152,0.12170500308275223,33893,0.12170500308275223,0.11949200183153152,0.05087953433394432
30-03-1976,0.11617299914360046,0.11617299914360046,11298,0.11617299914360046,0.11617299914360046,0.04946630820631981
31-03-1976,0.11617299914360046,0.11617299914360046,11298,0.11617299914360046,0.11617299914360046,0.04946630820631981
01-04-1976,0.11617299914360046,0.11617299914360046,56489,0.11617299914360046,0.11617299914360046,0.04946630820631981
02-04-1976,0.11617299914360046,0.11617299914360046,45191,0.11617299914360046,0.11617299914360046,0.04946630820631981
05-04-1976,0.11617299914360046,0.11617299914360046,45191,0.11617299914360046,0.11617299914360046,0.04946630820631981
06-04-1976,0.10953400284051895,0.1128539964556694,45191,0.1128539964556694,0.10953400284051895,0.046639397740364075
07-04-1976,0.10953400284051895,0.10953400284051895,33893,0.10953400284051895,0.10953400284051895,0.046639397740364075
08-04-1976,0.10953400284051895,0.10953400284051895,22596,0.10953400284051895,0.10953400284051895,0.046639397740364075
09-04-1976,0.10953400284051895,0.10953400284051895,146872,0.10953400284051895,0.10953400284051895,0.046639397740364075
12-04-1976,0.10953400284051895,0.10953400284051895,0,0.10953400284051895,0.10953400284051895,0.046639397740364075
13-04-1976,0.10953400284051895,0.10953400284051895,0,0.10953400284051895,0.10953400284051895,0.046639397740364075
14-04-1976,0.10953400284051895,0.10953400284051895,11298,0.10953400284051895,0.10953400284051895,0.046639397740364075
15-04-1976,0.10953400284051895,0.10953400284051895,0,0.10953400284051895,0.10953400284051895,0.046639397740364075
19-04-1976,0.10953400284051895,0.10953400284051895,11298,0.10953400284051895,0.10953400284051895,0.046639397740364075
20-04-1976,0.10953400284051895,0.10953400284051895,67787,0.10953400284051895,0.10953400284051895,0.046639397740364075
21-04-1976,0.10953400284051895,0.10953400284051895,56489,0.10953400284051895,0.10953400284051895,0.046639397740364075
22-04-1976,0.10953400284051895,0.10953400284051895,45191,0.10953400284051895,0.10953400284051895,0.046639397740364075
23-04-1976,0.10953400284051895,0.10953400284051895,225956,0.10953400284051895,0.10953400284051895,0.046639397740364075
26-04-1976,0.10953400284051895,0.10953400284051895,67787,0.10953400284051895,0.10953400284051895,0.046639397740364075
27-04-1976,0.10953400284051895,0.10953400284051895,56489,0.10953400284051895,0.10953400284051895,0.046639397740364075
28-04-1976,0.10953400284051895,0.10953400284051895,67787,0.10953400284051895,0.10953400284051895,0.046639397740364075
29-04-1976,0.10953400284051895,0.10953400284051895,146872,0.10953400284051895,0.10953400284051895,0.046639397740364075
30-04-1976,0.10953400284051895,0.10953400284051895,22596,0.10953400284051895,0.10953400284051895,0.046639397740364075
03-05-1976,0.10732199996709824,0.10732199996709824,11298,0.10732199996709824,0.10732199996709824,0.045697543770074844
04-05-1976,0.10953400284051895,0.10953400284051895,350232,0.10953400284051895,0.10953400284051895,0.046639397740364075
05-05-1976,0.10953400284051895,0.10953400284051895,45191,0.10953400284051895,0.10953400284051895,0.046639397740364075
06-05-1976,0.10953400284051895,0.10953400284051895,0,0.10953400284051895,0.10953400284051895,0.046639397740364075
07-05-1976,0.10953400284051895,0.10953400284051895,135574,0.10953400284051895,0.10953400284051895,0.046639397740364075
10-05-1976,0.10953400284051895,0.10953400284051895,11298,0.10953400284051895,0.10953400284051895,0.046639397740364075
11-05-1976,0.10953400284051895,0.10953400284051895,67787,0.10953400284051895,0.10953400284051895,0.046639397740364075
12-05-1976,0.10953400284051895,0.10953400284051895,11298,0.10953400284051895,0.10953400284051895,0.046639397740364075
13-05-1976,0.10953400284051895,0.10953400284051895,101680,0.10953400284051895,0.10953400284051895,0.046639397740364075
14-05-1976,0.10953400284051895,0.10953400284051895,11298,0.10953400284051895,0.10953400284051895,0.046639397740364075
17-05-1976,0.10953400284051895,0.10953400284051895,0,0.10953400284051895,0.10953400284051895,0.046639397740364075
18-05-1976,0.10953400284051895,0.10953400284051895,79085,0.10953400284051895,0.10953400284051895,0.046639397740364075
19-05-1976,0.10953400284051895,0.10953400284051895,0,0.10953400284051895,0.10953400284051895,0.046639397740364075
20-05-1976,0.10953400284051895,0.10953400284051895,22596,0.10953400284051895,0.10953400284051895,0.046639397740364075
21-05-1976,0.10953400284051895,0.10953400284051895,0,0.10953400284051895,0.10953400284051895,0.046639397740364075
24-05-1976,0.10953400284051895,0.10953400284051895,11298,0.10953400284051895,0.10953400284051895,0.046639397740364075
25-05-1976,0.10953400284051895,0.10953400284051895,0,0.10953400284051895,0.10953400284051895,0.046639397740364075
26-05-1976,0.10953400284051895,0.10953400284051895,11298,0.10953400284051895,0.10953400284051895,0.046639397740364075
27-05-1976,0.10953400284051895,0.10953400284051895,0,0.10953400284051895,0.10953400284051895,0.046639397740364075
28-05-1976,0.10953400284051895,0.10953400284051895,0,0.10953400284051895,0.10953400284051895,0.046639397740364075
01-06-1976,0.10953400284051895,0.10953400284051895,0,0.10953400284051895,0.10953400284051895,0.046639397740364075
02-06-1976,0.10953400284051895,0.10953400284051895,0,0.10953400284051895,0.10953400284051895,0.046639397740364075
03-06-1976,0.10953400284051895,0.10953400284051895,79085,0.10953400284051895,0.10953400284051895,0.046639397740364075
04-06-1976,0.10953400284051895,0.10953400284051895,22596,0.10953400284051895,0.10953400284051895,0.046639397740364075
07-06-1976,0.10953400284051895,0.10953400284051895,11298,0.10953400284051895,0.10953400284051895,0.046639397740364075
08-06-1976,0.10732199996709824,0.10732199996709824,79085,0.10732199996709824,0.10732199996709824,0.045697543770074844
09-06-1976,0.10732199996709824,0.10732199996709824,33893,0.10732199996709824,0.10732199996709824,0.045697543770074844
10-06-1976,0.10953400284051895,0.10953400284051895,79085,0.10953400284051895,0.10953400284051895,0.046639397740364075
11-06-1976,0.10953400284051895,0.10953400284051895,0,0.10953400284051895,0.10953400284051895,0.046639397740364075
14-06-1976,0.10732199996709824,0.10732199996709824,169467,0.10732199996709824,0.10732199996709824,0.045697543770074844
15-06-1976,0.10732199996709824,0.10732199996709824,0,0.10732199996709824,0.10732199996709824,0.045697543770074844
16-06-1976,0.10400199890136719,0.10732199996709824,158169,0.10732199996709824,0.10400199890136719,0.04428388178348541
17-06-1976,0.10068300366401672,0.10068300366401672,56489,0.10068300366401672,0.10068300366401672,0.042870692908763885
18-06-1976,0.10068300366401672,0.10068300366401672,22596,0.10068300366401672,0.10068300366401672,0.042870692908763885
21-06-1976,0.09847000241279602,0.10068300366401672,146872,0.10068300366401672,0.09847000241279602,0.04192837327718735
22-06-1976,0.09847000241279602,0.09847000241279602,90383,0.10068300366401672,0.10068300366401672,0.042870692908763885
23-06-1976,0.10068300366401672,0.10068300366401672,33893,0.10068300366401672,0.10068300366401672,0.042870692908763885
24-06-1976,0.10068300366401672,0.10068300366401672,90383,0.10068300366401672,0.10068300366401672,0.042870692908763885
25-06-1976,0.10068300366401672,0.10068300366401672,22596,0.10068300366401672,0.10068300366401672,0.042870692908763885
28-06-1976,0.10068300366401672,0.10068300366401672,11298,0.10068300366401672,0.10068300366401672,0.042870692908763885
29-06-1976,0.10068300366401672,0.10068300366401672,11298,0.10068300366401672,0.10068300366401672,0.042870692908763885
30-06-1976,0.10068300366401672,0.10068300366401672,90383,0.10068300366401672,0.10068300366401672,0.042870692908763885
01-07-1976,0.09847000241279602,0.10068300366401672,67787,0.10068300366401672,0.09847000241279602,0.04192837327718735
02-07-1976,0.10068300366401672,0.10068300366401672,11298,0.10068300366401672,0.10068300366401672,0.042870692908763885
06-07-1976,0.09515099972486496,0.09847000241279602,203361,0.09847000241279602,0.09515099972486496,0.04051513224840164
07-07-1976,0.09847000241279602,0.09847000241279602,45191,0.09847000241279602,0.09847000241279602,0.04192837327718735
08-07-1976,0.10068300366401672,0.10068300366401672,45191,0.10068300366401672,0.10068300366401672,0.042870692908763885
09-07-1976,0.10400199890136719,0.10400199890136719,124276,0.10400199890136719,0.10400199890136719,0.04428388178348541
12-07-1976,0.10400199890136719,0.10400199890136719,11298,0.10400199890136719,0.10400199890136719,0.04428388178348541
13-07-1976,0.10400199890136719,0.10400199890136719,0,0.10400199890136719,0.10400199890136719,0.04428388178348541
14-07-1976,0.10400199890136719,0.10400199890136719,0,0.10400199890136719,0.10400199890136719,0.04428388178348541
15-07-1976,0.10400199890136719,0.10400199890136719,0,0.10400199890136719,0.10400199890136719,0.04428388178348541
16-07-1976,0.10400199890136719,0.10400199890136719,0,0.10400199890136719,0.10400199890136719,0.04428388178348541
19-07-1976,0.10400199890136719,0.10400199890136719,0,0.10400199890136719,0.10400199890136719,0.04428388178348541
20-07-1976,0.10732199996709824,0.10732199996709824,33893,0.10732199996709824,0.10732199996709824,0.045697543770074844
21-07-1976,0.10068300366401672,0.10400199890136719,214658,0.10400199890136719,0.10068300366401672,0.042870692908763885
22-07-1976,0.10068300366401672,0.10068300366401672,67787,0.10400199890136719,0.10400199890136719,0.04428388178348541
23-07-1976,0.10068300366401672,0.10068300366401672,45191,0.10068300366401672,0.10068300366401672,0.042870692908763885
26-07-1976,0.10068300366401672,0.10068300366401672,11298,0.10068300366401672,0.10068300366401672,0.042870692908763885
27-07-1976,0.10068300366401672,0.10068300366401672,112978,0.10400199890136719,0.10068300366401672,0.042870692908763885
28-07-1976,0.10068300366401672,0.10068300366401672,0,0.10068300366401672,0.10068300366401672,0.042870692908763885
29-07-1976,0.10068300366401672,0.10068300366401672,0,0.10068300366401672,0.10068300366401672,0.042870692908763885
30-07-1976,0.10068300366401672,0.10068300366401672,79085,0.10400199890136719,0.10068300366401672,0.042870692908763885
02-08-1976,0.10068300366401672,0.10068300366401672,0,0.10068300366401672,0.10068300366401672,0.042870692908763885
03-08-1976,0.09847000241279602,0.09847000241279602,135574,0.09847000241279602,0.09847000241279602,0.04192837327718735
04-08-1976,0.10068300366401672,0.10068300366401672,22596,0.10068300366401672,0.10068300366401672,0.042870692908763885
05-08-1976,0.10068300366401672,0.10068300366401672,0,0.10068300366401672,0.10068300366401672,0.042870692908763885
06-08-1976,0.10068300366401672,0.10068300366401672,0,0.10068300366401672,0.10068300366401672,0.042870692908763885
09-08-1976,0.10068300366401672,0.10068300366401672,11298,0.10068300366401672,0.10068300366401672,0.042870692908763885
10-08-1976,0.09847000241279602,0.09847000241279602,33893,0.09847000241279602,0.09847000241279602,0.04192837327718735
11-08-1976,0.10068300366401672,0.10068300366401672,45191,0.10068300366401672,0.10068300366401672,0.042870692908763885
12-08-1976,0.10068300366401672,0.10068300366401672,0,0.10068300366401672,0.10068300366401672,0.042870692908763885
13-08-1976,0.10068300366401672,0.10068300366401672,0,0.10068300366401672,0.10068300366401672,0.042870692908763885
16-08-1976,0.10068300366401672,0.10068300366401672,45191,0.10400199890136719,0.10400199890136719,0.04428388178348541
17-08-1976,0.10400199890136719,0.10400199890136719,0,0.10400199890136719,0.10400199890136719,0.04428388178348541
18-08-1976,0.10400199890136719,0.10400199890136719,135574,0.10732199996709824,0.10732199996709824,0.045697543770074844
19-08-1976,0.10732199996709824,0.10732199996709824,22596,0.10953400284051895,0.10953400284051895,0.046639397740364075
20-08-1976,0.10953400284051895,0.10953400284051895,0,0.10953400284051895,0.10953400284051895,0.046639397740364075
23-08-1976,0.10953400284051895,0.10953400284051895,0,0.10953400284051895,0.10953400284051895,0.046639397740364075
24-08-1976,0.10732199996709824,0.10953400284051895,79085,0.10953400284051895,0.10953400284051895,0.046639397740364075
25-08-1976,0.10732199996709824,0.10732199996709824,11298,0.10732199996709824,0.10732199996709824,0.045697543770074844
26-08-1976,0.10732199996709824,0.10732199996709824,0,0.10732199996709824,0.10732199996709824,0.045697543770074844
27-08-1976,0.10732199996709824,0.10732199996709824,0,0.10732199996709824,0.10732199996709824,0.045697543770074844
30-08-1976,0.10732199996709824,0.10732199996709824,0,0.10732199996709824,0.10732199996709824,0.045697543770074844
31-08-1976,0.10732199996709824,0.10732199996709824,0,0.10732199996709824,0.10732199996709824,0.045697543770074844
01-09-1976,0.10732199996709824,0.10732199996709824,0,0.10732199996709824,0.10732199996709824,0.045697543770074844
02-09-1976,0.10732199996709824,0.10732199996709824,0,0.10732199996709824,0.10732199996709824,0.045697543770074844
03-09-1976,0.10732199996709824,0.10732199996709824,0,0.10732199996709824,0.10732199996709824,0.045697543770074844
07-09-1976,0.10400199890136719,0.10732199996709824,56489,0.10732199996709824,0.10732199996709824,0.045697543770074844
08-09-1976,0.10732199996709824,0.10732199996709824,90383,0.10732199996709824,0.10732199996709824,0.045697543770074844
09-09-1976,0.10732199996709824,0.10732199996709824,33893,0.10732199996709824,0.10732199996709824,0.045697543770074844
10-09-1976,0.10953400284051895,0.10953400284051895,11298,0.10953400284051895,0.10953400284051895,0.046639397740364075
13-09-1976,0.10953400284051895,0.10953400284051895,0,0.10953400284051895,0.10953400284051895,0.046639397740364075
14-09-1976,0.10732199996709824,0.10732199996709824,11298,0.10732199996709824,0.10732199996709824,0.045697543770074844
15-09-1976,0.10953400284051895,0.10953400284051895,22596,0.10953400284051895,0.10953400284051895,0.046639397740364075
16-09-1976,0.10953400284051895,0.10953400284051895,124276,0.1128539964556694,0.10953400284051895,0.046639397740364075
17-09-1976,0.10953400284051895,0.10953400284051895,0,0.10953400284051895,0.10953400284051895,0.046639397740364075
20-09-1976,0.1128539964556694,0.1128539964556694,45191,0.1128539964556694,0.1128539964556694,0.0480530671775341
21-09-1976,0.1128539964556694,0.1128539964556694,45191,0.1128539964556694,0.1128539964556694,0.0480530671775341
22-09-1976,0.11617299914360046,0.11617299914360046,33893,0.11617299914360046,0.11617299914360046,0.04946630820631981
23-09-1976,0.1128539964556694,0.1128539964556694,11298,0.1128539964556694,0.1128539964556694,0.0480530671775341
24-09-1976,0.1128539964556694,0.1128539964556694,0,0.1128539964556694,0.1128539964556694,0.0480530671775341
27-09-1976,0.1128539964556694,0.1128539964556694,0,0.1128539964556694,0.1128539964556694,0.0480530671775341
28-09-1976,0.1128539964556694,0.1128539964556694,0,0.1128539964556694,0.1128539964556694,0.0480530671775341
29-09-1976,0.1128539964556694,0.1128539964556694,0,0.1128539964556694,0.1128539964556694,0.0480530671775341
30-09-1976,0.1128539964556694,0.1128539964556694,11298,0.1128539964556694,0.1128539964556694,0.0480530671775341
01-10-1976,0.11617299914360046,0.11617299914360046,67787,0.11617299914360046,0.11617299914360046,0.04946630820631981
04-10-1976,0.11617299914360046,0.11617299914360046,0,0.11617299914360046,0.11617299914360046,0.04946630820631981
05-10-1976,0.11617299914360046,0.11617299914360046,45191,0.11617299914360046,0.11617299914360046,0.04946630820631981
06-10-1976,0.11617299914360046,0.11617299914360046,22596,0.11617299914360046,0.11617299914360046,0.04946630820631981
07-10-1976,0.11617299914360046,0.11617299914360046,0,0.11617299914360046,0.11617299914360046,0.04946630820631981
08-10-1976,0.1128539964556694,0.11617299914360046,45191,0.11617299914360046,0.1128539964556694,0.0480530671775341
11-10-1976,0.1128539964556694,0.1128539964556694,22596,0.1128539964556694,0.1128539964556694,0.0480530671775341
12-10-1976,0.1128539964556694,0.1128539964556694,0,0.1128539964556694,0.1128539964556694,0.0480530671775341
13-10-1976,0.1128539964556694,0.1128539964556694,0,0.1128539964556694,0.1128539964556694,0.0480530671775341
14-10-1976,0.1128539964556694,0.1128539964556694,0,0.1128539964556694,0.1128539964556694,0.0480530671775341
15-10-1976,0.1128539964556694,0.1128539964556694,0,0.1128539964556694,0.1128539964556694,0.0480530671775341
18-10-1976,0.1128539964556694,0.1128539964556694,0,0.1128539964556694,0.1128539964556694,0.0480530671775341
19-10-1976,0.1128539964556694,0.1128539964556694,0,0.1128539964556694,0.1128539964556694,0.0480530671775341
20-10-1976,0.11617299914360046,0.11617299914360046,33893,0.11617299914360046,0.11617299914360046,0.04946630820631981
21-10-1976,0.10953400284051895,0.1128539964556694,56489,0.1128539964556694,0.10953400284051895,0.046639397740364075
22-10-1976,0.10953400284051895,0.10953400284051895,33893,0.10953400284051895,0.10953400284051895,0.046639397740364075
25-10-1976,0.10953400284051895,0.10953400284051895,0,0.10953400284051895,0.10953400284051895,0.046639397740364075
26-10-1976,0.10953400284051895,0.10953400284051895,0,0.10953400284051895,0.10953400284051895,0.046639397740364075
27-10-1976,0.10953400284051895,0.10953400284051895,0,0.10953400284051895,0.10953400284051895,0.046639397740364075
28-10-1976,0.10953400284051895,0.10953400284051895,11298,0.10953400284051895,0.10953400284051895,0.046639397740364075
29-10-1976,0.10953400284051895,0.10953400284051895,0,0.10953400284051895,0.10953400284051895,0.046639397740364075
01-11-1976,0.10953400284051895,0.10953400284051895,0,0.10953400284051895,0.10953400284051895,0.046639397740364075
03-11-1976,0.10953400284051895,0.10953400284051895,11298,0.10953400284051895,0.10953400284051895,0.046639397740364075
04-11-1976,0.10732199996709824,0.10953400284051895,45191,0.10953400284051895,0.10732199996709824,0.045697543770074844
05-11-1976,0.10953400284051895,0.10953400284051895,22596,0.10953400284051895,0.10953400284051895,0.046639397740364075
08-11-1976,0.10953400284051895,0.10953400284051895,0,0.10953400284051895,0.10953400284051895,0.046639397740364075
09-11-1976,0.10953400284051895,0.10953400284051895,0,0.10953400284051895,0.10953400284051895,0.046639397740364075
10-11-1976,0.10953400284051895,0.10953400284051895,79085,0.10953400284051895,0.10953400284051895,0.046639397740364075
11-11-1976,0.10953400284051895,0.10953400284051895,0,0.10953400284051895,0.10953400284051895,0.046639397740364075
12-11-1976,0.10732199996709824,0.10732199996709824,22596,0.10732199996709824,0.10732199996709824,0.045697543770074844
15-11-1976,0.10732199996709824,0.10732199996709824,0,0.10732199996709824,0.10732199996709824,0.045697543770074844
16-11-1976,0.10732199996709824,0.10732199996709824,0,0.10732199996709824,0.10732199996709824,0.045697543770074844
17-11-1976,0.10732199996709824,0.10732199996709824,11298,0.10732199996709824,0.10732199996709824,0.045697543770074844
18-11-1976,0.10732199996709824,0.10732199996709824,56489,0.10953400284051895,0.10953400284051895,0.046639397740364075
19-11-1976,0.10953400284051895,0.10953400284051895,0,0.10953400284051895,0.10953400284051895,0.046639397740364075
22-11-1976,0.10732199996709824,0.10953400284051895,101680,0.10953400284051895,0.10732199996709824,0.045697543770074844
23-11-1976,0.10732199996709824,0.10732199996709824,0,0.10732199996709824,0.10732199996709824,0.045697543770074844
24-11-1976,0.10732199996709824,0.10732199996709824,56489,0.10953400284051895,0.10953400284051895,0.046639397740364075
26-11-1976,0.10732199996709824,0.10732199996709824,11298,0.10732199996709824,0.10732199996709824,0.045697543770074844
29-11-1976,0.10732199996709824,0.10732199996709824,11298,0.10732199996709824,0.10732199996709824,0.045697543770074844
30-11-1976,0.10732199996709824,0.10732199996709824,33893,0.10732199996709824,0.10732199996709824,0.045697543770074844
01-12-1976,0.10732199996709824,0.10732199996709824,22596,0.10732199996709824,0.10732199996709824,0.045697543770074844
02-12-1976,0.10732199996709824,0.10732199996709824,33893,0.10732199996709824,0.10732199996709824,0.045697543770074844
03-12-1976,0.10732199996709824,0.10732199996709824,22596,0.10732199996709824,0.10732199996709824,0.045697543770074844
06-12-1976,0.10953400284051895,0.10953400284051895,11298,0.10953400284051895,0.10953400284051895,0.046639397740364075
07-12-1976,0.10732199996709824,0.10732199996709824,22596,0.10732199996709824,0.10732199996709824,0.045697543770074844
08-12-1976,0.10953400284051895,0.10953400284051895,67787,0.10953400284051895,0.10953400284051895,0.046639397740364075
09-12-1976,0.10953400284051895,0.10953400284051895,169467,0.1128539964556694,0.1128539964556694,0.0480530671775341
10-12-1976,0.11617299914360046,0.11617299914360046,146872,0.11617299914360046,0.11617299914360046,0.04946630820631981
13-12-1976,0.11949200183153152,0.11949200183153152,112978,0.12170500308275223,0.12170500308275223,0.05182182788848877
14-12-1976,0.12170500308275223,0.12170500308275223,22596,0.12170500308275223,0.12170500308275223,0.05182182788848877
15-12-1976,0.12170500308275223,0.12170500308275223,11298,0.12170500308275223,0.12170500308275223,0.05182182788848877
16-12-1976,0.12170500308275223,0.12170500308275223,11298,0.12170500308275223,0.12170500308275223,0.05182182788848877
17-12-1976,0.12170500308275223,0.12170500308275223,22596,0.12170500308275223,0.12170500308275223,0.05182182788848877
20-12-1976,0.12170500308275223,0.12170500308275223,45191,0.12170500308275223,0.12170500308275223,0.05182182788848877
21-12-1976,0.12170500308275223,0.12170500308275223,22596,0.12170500308275223,0.12170500308275223,0.05182182788848877
22-12-1976,0.12170500308275223,0.12170500308275223,22596,0.12170500308275223,0.12170500308275223,0.05182182788848877
23-12-1976,0.12170500308275223,0.12170500308275223,0,0.12170500308275223,0.12170500308275223,0.05182182788848877
27-12-1976,0.1250240057706833,0.1250240057706833,33893,0.1250240057706833,0.1250240057706833,0.05323506519198418
28-12-1976,0.1250240057706833,0.1250240057706833,135574,0.13055600225925446,0.13055600225925446,0.05559055134654045
29-12-1976,0.1250240057706833,0.12834300100803375,33893,0.12834300100803375,0.1250240057706833,0.05323506519198418
30-12-1976,0.1250240057706833,0.1250240057706833,67787,0.1250240057706833,0.1250240057706833,0.05323506519198418
31-12-1976,0.1250240057706833,0.1250240057706833,22596,0.1250240057706833,0.1250240057706833,0.05323506519198418
03-01-1977,0.1250240057706833,0.1250240057706833,0,0.1250240057706833,0.1250240057706833,0.05323506519198418
04-01-1977,0.1250240057706833,0.1250240057706833,0,0.1250240057706833,0.1250240057706833,0.05323506519198418
05-01-1977,0.1250240057706833,0.1250240057706833,11298,0.1250240057706833,0.1250240057706833,0.05323506519198418
06-01-1977,0.1250240057706833,0.1250240057706833,0,0.1250240057706833,0.1250240057706833,0.05323506519198418
07-01-1977,0.1250240057706833,0.1250240057706833,0,0.1250240057706833,0.1250240057706833,0.05323506519198418
10-01-1977,0.1250240057706833,0.1250240057706833,0,0.1250240057706833,0.1250240057706833,0.05323506519198418
11-01-1977,0.1250240057706833,0.1250240057706833,11298,0.1250240057706833,0.1250240057706833,0.05323506519198418
12-01-1977,0.12170500308275223,0.12170500308275223,22596,0.12170500308275223,0.12170500308275223,0.05182182788848877
13-01-1977,0.12170500308275223,0.12170500308275223,11298,0.12170500308275223,0.12170500308275223,0.05182182788848877
14-01-1977,0.12170500308275223,0.12170500308275223,56489,0.12170500308275223,0.12170500308275223,0.05182182788848877
17-01-1977,0.12170500308275223,0.12170500308275223,11298,0.12170500308275223,0.12170500308275223,0.05182182788848877
18-01-1977,0.12170500308275223,0.12170500308275223,22596,0.12170500308275223,0.12170500308275223,0.05182182788848877
19-01-1977,0.12170500308275223,0.12170500308275223,169467,0.12170500308275223,0.12170500308275223,0.05182182788848877
20-01-1977,0.12170500308275223,0.12170500308275223,0,0.12170500308275223,0.12170500308275223,0.05182182788848877
21-01-1977,0.1250240057706833,0.1250240057706833,33893,0.1250240057706833,0.1250240057706833,0.05323506519198418
24-01-1977,0.1250240057706833,0.1250240057706833,0,0.1250240057706833,0.1250240057706833,0.05323506519198418
25-01-1977,0.12170500308275223,0.12170500308275223,11298,0.12170500308275223,0.12170500308275223,0.05182182788848877
26-01-1977,0.12170500308275223,0.12170500308275223,90383,0.12170500308275223,0.12170500308275223,0.05182182788848877
27-01-1977,0.12170500308275223,0.12170500308275223,0,0.12170500308275223,0.12170500308275223,0.05182182788848877
28-01-1977,0.12170500308275223,0.12170500308275223,0,0.12170500308275223,0.12170500308275223,0.05182182788848877
31-01-1977,0.12170500308275223,0.12170500308275223,0,0.12170500308275223,0.12170500308275223,0.05182182788848877
01-02-1977,0.12170500308275223,0.12170500308275223,0,0.12170500308275223,0.12170500308275223,0.05182182788848877
02-02-1977,0.12170500308275223,0.12170500308275223,11298,0.12170500308275223,0.12170500308275223,0.05182182788848877
03-02-1977,0.12170500308275223,0.12170500308275223,22596,0.12170500308275223,0.12170500308275223,0.05182182788848877
04-02-1977,0.12170500308275223,0.12170500308275223,22596,0.1250240057706833,0.1250240057706833,0.05323506519198418
07-02-1977,0.1250240057706833,0.1250240057706833,11298,0.1250240057706833,0.1250240057706833,0.05323506519198418
08-02-1977,0.1250240057706833,0.1250240057706833,67787,0.1250240057706833,0.1250240057706833,0.05323506519198418
09-02-1977,0.12834300100803375,0.12834300100803375,22596,0.12834300100803375,0.12834300100803375,0.054648250341415405
10-02-1977,0.12834300100803375,0.12834300100803375,0,0.12834300100803375,0.12834300100803375,0.054648250341415405
11-02-1977,0.12834300100803375,0.12834300100803375,0,0.12834300100803375,0.12834300100803375,0.054648250341415405
14-02-1977,0.12834300100803375,0.12834300100803375,0,0.12834300100803375,0.12834300100803375,0.054648250341415405
15-02-1977,0.12834300100803375,0.12834300100803375,0,0.12834300100803375,0.12834300100803375,0.054648250341415405
16-02-1977,0.12834300100803375,0.12834300100803375,45191,0.12834300100803375,0.12834300100803375,0.054648250341415405
17-02-1977,0.1250240057706833,0.12834300100803375,45191,0.12834300100803375,0.1250240057706833,0.05323506519198418
18-02-1977,0.1250240057706833,0.1250240057706833,0,0.1250240057706833,0.1250240057706833,0.05323506519198418
22-02-1977,0.12170500308275223,0.12170500308275223,67787,0.12170500308275223,0.12170500308275223,0.05182182788848877
23-02-1977,0.12170500308275223,0.12170500308275223,0,0.12170500308275223,0.12170500308275223,0.05182182788848877
24-02-1977,0.12170500308275223,0.12170500308275223,56489,0.12170500308275223,0.12170500308275223,0.05182182788848877
25-02-1977,0.12170500308275223,0.12170500308275223,22596,0.12170500308275223,0.12170500308275223,0.05182182788848877
28-02-1977,0.11949200183153152,0.11949200183153152,11298,0.11949200183153152,0.11949200183153152,0.05087953433394432
01-03-1977,0.12170500308275223,0.12170500308275223,56489,0.12170500308275223,0.12170500308275223,0.05182182788848877
02-03-1977,0.12170500308275223,0.12170500308275223,0,0.12170500308275223,0.12170500308275223,0.05182182788848877
03-03-1977,0.12170500308275223,0.12170500308275223,135574,0.1250240057706833,0.12170500308275223,0.05182182788848877
04-03-1977,0.12170500308275223,0.12170500308275223,11298,0.12170500308275223,0.12170500308275223,0.05182182788848877
07-03-1977,0.1250240057706833,0.1250240057706833,90383,0.12834300100803375,0.12834300100803375,0.054648250341415405
08-03-1977,0.13055600225925446,0.13055600225925446,67787,0.13055600225925446,0.13055600225925446,0.05559055134654045
09-03-1977,0.13055600225925446,0.13055600225925446,124276,0.13387499749660492,0.13055600225925446,0.05559055134654045
10-03-1977,0.13055600225925446,0.13055600225925446,11298,0.13055600225925446,0.13055600225925446,0.05559055134654045
11-03-1977,0.12834300100803375,0.13055600225925446,56489,0.13055600225925446,0.12834300100803375,0.054648250341415405
14-03-1977,0.12834300100803375,0.12834300100803375,11298,0.12834300100803375,0.12834300100803375,0.054648250341415405
15-03-1977,0.12834300100803375,0.12834300100803375,22596,0.12834300100803375,0.12834300100803375,0.054648250341415405
16-03-1977,0.12834300100803375,0.12834300100803375,0,0.12834300100803375,0.12834300100803375,0.054648250341415405
17-03-1977,0.12834300100803375,0.12834300100803375,0,0.12834300100803375,0.12834300100803375,0.054648250341415405
18-03-1977,0.12834300100803375,0.12834300100803375,0,0.12834300100803375,0.12834300100803375,0.054648250341415405
21-03-1977,0.12834300100803375,0.12834300100803375,0,0.12834300100803375,0.12834300100803375,0.054648250341415405
22-03-1977,0.1250240057706833,0.1250240057706833,22596,0.1250240057706833,0.1250240057706833,0.05323506519198418
23-03-1977,0.1250240057706833,0.1250240057706833,0,0.1250240057706833,0.1250240057706833,0.05323506519198418
24-03-1977,0.1250240057706833,0.1250240057706833,22596,0.1250240057706833,0.1250240057706833,0.05323506519198418
25-03-1977,0.1250240057706833,0.1250240057706833,146872,0.1250240057706833,0.1250240057706833,0.05323506519198418
28-03-1977,0.1250240057706833,0.1250240057706833,11298,0.1250240057706833,0.1250240057706833,0.05323506519198418
29-03-1977,0.1250240057706833,0.1250240057706833,22596,0.12834300100803375,0.12834300100803375,0.054648250341415405
30-03-1977,0.1250240057706833,0.1250240057706833,22596,0.1250240057706833,0.1250240057706833,0.05323506519198418
31-03-1977,0.1250240057706833,0.1250240057706833,0,0.1250240057706833,0.1250240057706833,0.05323506519198418
01-04-1977,0.1250240057706833,0.1250240057706833,45191,0.12834300100803375,0.1250240057706833,0.05323506519198418
04-04-1977,0.1250240057706833,0.1250240057706833,33893,0.1250240057706833,0.1250240057706833,0.05323506519198418
05-04-1977,0.1250240057706833,0.1250240057706833,0,0.1250240057706833,0.1250240057706833,0.05323506519198418
06-04-1977,0.12170500308275223,0.1250240057706833,45191,0.1250240057706833,0.12170500308275223,0.05182182788848877
07-04-1977,0.12170500308275223,0.12170500308275223,0,0.12170500308275223,0.12170500308275223,0.05182182788848877
11-04-1977,0.1250240057706833,0.1250240057706833,22596,0.1250240057706833,0.1250240057706833,0.05323506519198418
12-04-1977,0.1250240057706833,0.1250240057706833,0,0.1250240057706833,0.1250240057706833,0.05323506519198418
13-04-1977,0.1250240057706833,0.1250240057706833,67787,0.12834300100803375,0.12834300100803375,0.054648250341415405
14-04-1977,0.13055600225925446,0.13055600225925446,33893,0.13055600225925446,0.13055600225925446,0.05559055134654045
15-04-1977,0.13055600225925446,0.13055600225925446,158169,0.13055600225925446,0.13055600225925446,0.05559055134654045
18-04-1977,0.13387499749660492,0.13387499749660492,45191,0.13940800726413727,0.13940800726413727,0.05935973674058914
19-04-1977,0.13940800726413727,0.13940800726413727,0,0.13940800726413727,0.13940800726413727,0.05935973674058914
20-04-1977,0.13719500601291656,0.13940800726413727,248552,0.13940800726413727,0.13940800726413727,0.05935973674058914
21-04-1977,0.13940800726413727,0.13940800726413727,45191,0.13940800726413727,0.13940800726413727,0.05935973674058914
22-04-1977,0.13719500601291656,0.13940800726413727,124276,0.13940800726413727,0.13940800726413727,0.05935973674058914
25-04-1977,0.13940800726413727,0.13940800726413727,11298,0.13940800726413727,0.13940800726413727,0.05935973674058914
26-04-1977,0.13940800726413727,0.13940800726413727,79085,0.13940800726413727,0.13940800726413727,0.05935973674058914
27-04-1977,0.13940800726413727,0.13940800726413727,11298,0.13940800726413727,0.13940800726413727,0.05935973674058914
28-04-1977,0.13940800726413727,0.13940800726413727,56489,0.13940800726413727,0.13940800726413727,0.05935973674058914
29-04-1977,0.13940800726413727,0.13940800726413727,0,0.13940800726413727,0.13940800726413727,0.05935973674058914
02-05-1977,0.13940800726413727,0.13940800726413727,248552,0.14272700250148773,0.13940800726413727,0.05935973674058914
03-05-1977,0.13940800726413727,0.13940800726413727,33893,0.13940800726413727,0.13940800726413727,0.05935973674058914
04-05-1977,0.13719500601291656,0.13940800726413727,90383,0.13940800726413727,0.13940800726413727,0.05935973674058914
05-05-1977,0.13940800726413727,0.13940800726413727,0,0.13940800726413727,0.13940800726413727,0.05935973674058914
06-05-1977,0.13940800726413727,0.13940800726413727,11298,0.13940800726413727,0.13940800726413727,0.05935973674058914
09-05-1977,0.13719500601291656,0.13719500601291656,11298,0.13719500601291656,0.13719500601291656,0.058417391031980515
10-05-1977,0.13719500601291656,0.13719500601291656,0,0.13719500601291656,0.13719500601291656,0.058417391031980515
11-05-1977,0.13940800726413727,0.13940800726413727,11298,0.13940800726413727,0.13940800726413727,0.05935973674058914
12-05-1977,0.13719500601291656,0.13719500601291656,11298,0.13719500601291656,0.13719500601291656,0.058417391031980515
13-05-1977,0.13719500601291656,0.13719500601291656,0,0.13719500601291656,0.13719500601291656,0.058417391031980515
16-05-1977,0.13719500601291656,0.13719500601291656,22596,0.13719500601291656,0.13719500601291656,0.058417391031980515
17-05-1977,0.13719500601291656,0.13719500601291656,11298,0.13719500601291656,0.13719500601291656,0.058417391031980515
18-05-1977,0.13719500601291656,0.13719500601291656,22596,0.13719500601291656,0.13719500601291656,0.058417391031980515
19-05-1977,0.13719500601291656,0.13719500601291656,22596,0.13719500601291656,0.13719500601291656,0.058417391031980515
20-05-1977,0.13719500601291656,0.13719500601291656,0,0.13719500601291656,0.13719500601291656,0.058417391031980515
23-05-1977,0.13719500601291656,0.13719500601291656,0,0.13719500601291656,0.13719500601291656,0.058417391031980515
24-05-1977,0.13719500601291656,0.13719500601291656,0,0.13719500601291656,0.13719500601291656,0.058417391031980515
25-05-1977,0.13719500601291656,0.13719500601291656,0,0.13719500601291656,0.13719500601291656,0.058417391031980515
26-05-1977,0.13387499749660492,0.13387499749660492,33893,0.13387499749660492,0.13387499749660492,0.05700375884771347
27-05-1977,0.13387499749660492,0.13387499749660492,0,0.13387499749660492,0.13387499749660492,0.05700375884771347
31-05-1977,0.12834300100803375,0.13055600225925446,67787,0.13055600225925446,0.12834300100803375,0.054648250341415405
01-06-1977,0.12170500308275223,0.1250240057706833,45191,0.1250240057706833,0.12170500308275223,0.05182182788848877
02-06-1977,0.1250240057706833,0.1250240057706833,22596,0.1250240057706833,0.1250240057706833,0.05323506519198418
03-06-1977,0.1250240057706833,0.1250240057706833,101680,0.13055600225925446,0.13055600225925446,0.05559055134654045
06-06-1977,0.13055600225925446,0.13055600225925446,0,0.13055600225925446,0.13055600225925446,0.05559055134654045
07-06-1977,0.12834300100803375,0.12834300100803375,67787,0.12834300100803375,0.12834300100803375,0.054648250341415405
08-06-1977,0.12834300100803375,0.12834300100803375,0,0.12834300100803375,0.12834300100803375,0.054648250341415405
09-06-1977,0.12834300100803375,0.12834300100803375,11298,0.12834300100803375,0.12834300100803375,0.054648250341415405
10-06-1977,0.1250240057706833,0.1250240057706833,11298,0.1250240057706833,0.1250240057706833,0.05323506519198418
13-06-1977,0.1250240057706833,0.1250240057706833,0,0.1250240057706833,0.1250240057706833,0.05323506519198418
14-06-1977,0.1250240057706833,0.1250240057706833,22596,0.1250240057706833,0.1250240057706833,0.05323506519198418
15-06-1977,0.1250240057706833,0.1250240057706833,0,0.1250240057706833,0.1250240057706833,0.05323506519198418
16-06-1977,0.1250240057706833,0.1250240057706833,0,0.1250240057706833,0.1250240057706833,0.05323506519198418
17-06-1977,0.12170500308275223,0.12170500308275223,67787,0.12170500308275223,0.12170500308275223,0.05182182788848877
20-06-1977,0.12170500308275223,0.12170500308275223,0,0.12170500308275223,0.12170500308275223,0.05182182788848877
21-06-1977,0.12170500308275223,0.12170500308275223,22596,0.12170500308275223,0.12170500308275223,0.05182182788848877
22-06-1977,0.1250240057706833,0.1250240057706833,11298,0.1250240057706833,0.1250240057706833,0.05323506519198418
23-06-1977,0.1250240057706833,0.1250240057706833,22596,0.1250240057706833,0.1250240057706833,0.05323506519198418
24-06-1977,0.1250240057706833,0.1250240057706833,11298,0.1250240057706833,0.1250240057706833,0.05323506519198418
27-06-1977,0.1250240057706833,0.1250240057706833,11298,0.1250240057706833,0.1250240057706833,0.05323506519198418
28-06-1977,0.1250240057706833,0.1250240057706833,0,0.1250240057706833,0.1250240057706833,0.05323506519198418
29-06-1977,0.1250240057706833,0.1250240057706833,0,0.1250240057706833,0.1250240057706833,0.05323506519198418
30-06-1977,0.12170500308275223,0.1250240057706833,146872,0.1250240057706833,0.1250240057706833,0.05323506519198418
01-07-1977,0.12170500308275223,0.12170500308275223,22596,0.12170500308275223,0.12170500308275223,0.05182182788848877
05-07-1977,0.1250240057706833,0.1250240057706833,11298,0.1250240057706833,0.1250240057706833,0.05323506519198418
06-07-1977,0.12170500308275223,0.12170500308275223,11298,0.12170500308275223,0.12170500308275223,0.05182182788848877
07-07-1977,0.12170500308275223,0.12170500308275223,0,0.12170500308275223,0.12170500308275223,0.05182182788848877
08-07-1977,0.1250240057706833,0.1250240057706833,112978,0.1250240057706833,0.1250240057706833,0.05323506519198418
11-07-1977,0.1250240057706833,0.1250240057706833,0,0.1250240057706833,0.1250240057706833,0.05323506519198418
12-07-1977,0.12834300100803375,0.12834300100803375,11298,0.12834300100803375,0.12834300100803375,0.054648250341415405
13-07-1977,0.1250240057706833,0.1250240057706833,11298,0.1250240057706833,0.1250240057706833,0.05323506519198418
15-07-1977,0.12834300100803375,0.12834300100803375,112978,0.12834300100803375,0.12834300100803375,0.054648250341415405
18-07-1977,0.1250240057706833,0.12834300100803375,22596,0.12834300100803375,0.12834300100803375,0.054648250341415405
19-07-1977,0.12834300100803375,0.12834300100803375,0,0.12834300100803375,0.12834300100803375,0.054648250341415405
20-07-1977,0.12834300100803375,0.12834300100803375,11298,0.12834300100803375,0.12834300100803375,0.054648250341415405
21-07-1977,0.1250240057706833,0.1250240057706833,45191,0.1250240057706833,0.1250240057706833,0.05323506519198418
22-07-1977,0.1250240057706833,0.1250240057706833,33893,0.12834300100803375,0.12834300100803375,0.054648250341415405
25-07-1977,0.12834300100803375,0.12834300100803375,11298,0.12834300100803375,0.12834300100803375,0.054648250341415405
26-07-1977,0.12834300100803375,0.12834300100803375,0,0.12834300100803375,0.12834300100803375,0.054648250341415405
27-07-1977,0.12834300100803375,0.12834300100803375,11298,0.12834300100803375,0.12834300100803375,0.054648250341415405
28-07-1977,0.1250240057706833,0.12834300100803375,33893,0.12834300100803375,0.12834300100803375,0.054648250341415405
29-07-1977,0.12834300100803375,0.12834300100803375,22596,0.12834300100803375,0.12834300100803375,0.054648250341415405
01-08-1977,0.12834300100803375,0.12834300100803375,0,0.12834300100803375,0.12834300100803375,0.054648250341415405
02-08-1977,0.13055600225925446,0.13055600225925446,22596,0.13055600225925446,0.13055600225925446,0.05559055134654045
03-08-1977,0.13055600225925446,0.13055600225925446,11298,0.13055600225925446,0.13055600225925446,0.05559055134654045
04-08-1977,0.13055600225925446,0.13055600225925446,0,0.13055600225925446,0.13055600225925446,0.05559055134654045
05-08-1977,0.13055600225925446,0.13055600225925446,45191,0.13387499749660492,0.13387499749660492,0.05700375884771347
08-08-1977,0.13387499749660492,0.13387499749660492,11298,0.13387499749660492,0.13387499749660492,0.05700375884771347
09-08-1977,0.13387499749660492,0.13387499749660492,112978,0.13719500601291656,0.13387499749660492,0.05700375884771347
10-08-1977,0.13055600225925446,0.13387499749660492,90383,0.13719500601291656,0.13719500601291656,0.058417391031980515
11-08-1977,0.13055600225925446,0.13387499749660492,169467,0.13387499749660492,0.13387499749660492,0.05700375884771347
12-08-1977,0.13055600225925446,0.13055600225925446,11298,0.13055600225925446,0.13055600225925446,0.05559055134654045
15-08-1977,0.13055600225925446,0.13055600225925446,11298,0.13055600225925446,0.13055600225925446,0.05559055134654045
16-08-1977,0.12834300100803375,0.13055600225925446,293743,0.13055600225925446,0.12834300100803375,0.054648250341415405
17-08-1977,0.12834300100803375,0.12834300100803375,0,0.12834300100803375,0.12834300100803375,0.054648250341415405
18-08-1977,0.13055600225925446,0.13055600225925446,22596,0.13055600225925446,0.13055600225925446,0.05559055134654045
19-08-1977,0.13055600225925446,0.13055600225925446,22596,0.13055600225925446,0.13055600225925446,0.05559055134654045
22-08-1977,0.13055600225925446,0.13055600225925446,33893,0.13055600225925446,0.13055600225925446,0.05559055134654045
23-08-1977,0.13055600225925446,0.13055600225925446,67787,0.13387499749660492,0.13387499749660492,0.05700375884771347
24-08-1977,0.13719500601291656,0.13719500601291656,248552,0.13940800726413727,0.13940800726413727,0.05935973674058914
25-08-1977,0.13940800726413727,0.13940800726413727,112978,0.13940800726413727,0.13940800726413727,0.05935973674058914
26-08-1977,0.13940800726413727,0.13940800726413727,22596,0.13940800726413727,0.13940800726413727,0.05935973674058914
29-08-1977,0.13940800726413727,0.13940800726413727,11298,0.13940800726413727,0.13940800726413727,0.05935973674058914
30-08-1977,0.13940800726413727,0.13940800726413727,0,0.13940800726413727,0.13940800726413727,0.05935973674058914
31-08-1977,0.13940800726413727,0.13940800726413727,56489,0.14272700250148773,0.14272700250148773,0.06077294796705246
01-09-1977,0.14272700250148773,0.14272700250148773,45191,0.1460459977388382,0.1460459977388382,0.06218619644641876
02-09-1977,0.1460459977388382,0.1460459977388382,372828,0.1460459977388382,0.1460459977388382,0.06218619644641876
06-09-1977,0.1460459977388382,0.1460459977388382,192063,0.1460459977388382,0.1460459977388382,0.06218619644641876
07-09-1977,0.1460459977388382,0.1460459977388382,22596,0.1460459977388382,0.1460459977388382,0.06218619644641876
08-09-1977,0.1460459977388382,0.1460459977388382,169467,0.1460459977388382,0.1460459977388382,0.06218619644641876
09-09-1977,0.1460459977388382,0.1460459977388382,33893,0.1460459977388382,0.1460459977388382,0.06218619644641876
12-09-1977,0.14272700250148773,0.1460459977388382,33893,0.1460459977388382,0.14272700250148773,0.06077294796705246
13-09-1977,0.14272700250148773,0.14272700250148773,0,0.14272700250148773,0.14272700250148773,0.06077294796705246
14-09-1977,0.14272700250148773,0.14272700250148773,0,0.14272700250148773,0.14272700250148773,0.06077294796705246
15-09-1977,0.14272700250148773,0.14272700250148773,22596,0.14272700250148773,0.14272700250148773,0.06077294796705246
16-09-1977,0.14272700250148773,0.14272700250148773,0,0.14272700250148773,0.14272700250148773,0.06077294796705246
19-09-1977,0.14272700250148773,0.14272700250148773,0,0.14272700250148773,0.14272700250148773,0.06077294796705246
20-09-1977,0.14272700250148773,0.14272700250148773,90383,0.14272700250148773,0.14272700250148773,0.06077294796705246
21-09-1977,0.14272700250148773,0.14272700250148773,33893,0.14272700250148773,0.14272700250148773,0.06077294796705246
22-09-1977,0.14272700250148773,0.14272700250148773,0,0.14272700250148773,0.14272700250148773,0.06077294796705246
23-09-1977,0.13940800726413727,0.14272700250148773,135574,0.14272700250148773,0.14272700250148773,0.06077294796705246
26-09-1977,0.13940800726413727,0.14272700250148773,180765,0.14272700250148773,0.13940800726413727,0.05935973674058914
27-09-1977,0.14272700250148773,0.14272700250148773,33893,0.14272700250148773,0.14272700250148773,0.06077294796705246
28-09-1977,0.14272700250148773,0.14272700250148773,45191,0.14272700250148773,0.14272700250148773,0.06077294796705246
29-09-1977,0.13940800726413727,0.13940800726413727,22596,0.13940800726413727,0.13940800726413727,0.05935973674058914
30-09-1977,0.13940800726413727,0.13940800726413727,0,0.13940800726413727,0.13940800726413727,0.05935973674058914
03-10-1977,0.13940800726413727,0.13940800726413727,0,0.13940800726413727,0.13940800726413727,0.05935973674058914
04-10-1977,0.13940800726413727,0.13940800726413727,0,0.13940800726413727,0.13940800726413727,0.05935973674058914
05-10-1977,0.13940800726413727,0.13940800726413727,0,0.13940800726413727,0.13940800726413727,0.05935973674058914
06-10-1977,0.13940800726413727,0.13940800726413727,0,0.13940800726413727,0.13940800726413727,0.05935973674058914
07-10-1977,0.13940800726413727,0.13940800726413727,11298,0.13940800726413727,0.13940800726413727,0.05935973674058914
10-10-1977,0.13940800726413727,0.13940800726413727,0,0.13940800726413727,0.13940800726413727,0.05935973674058914
11-10-1977,0.13940800726413727,0.13940800726413727,406721,0.1460459977388382,0.14272700250148773,0.06077294796705246
12-10-1977,0.14272700250148773,0.14272700250148773,11298,0.14272700250148773,0.14272700250148773,0.06077294796705246
13-10-1977,0.14272700250148773,0.14272700250148773,0,0.14272700250148773,0.14272700250148773,0.06077294796705246
14-10-1977,0.13940800726413727,0.13940800726413727,22596,0.13940800726413727,0.13940800726413727,0.05935973674058914
17-10-1977,0.13940800726413727,0.13940800726413727,11298,0.13940800726413727,0.13940800726413727,0.05935973674058914
18-10-1977,0.13940800726413727,0.13940800726413727,90383,0.13940800726413727,0.13940800726413727,0.05935973674058914
19-10-1977,0.14272700250148773,0.14272700250148773,56489,0.14272700250148773,0.14272700250148773,0.06077294796705246
20-10-1977,0.14272700250148773,0.14272700250148773,11298,0.14272700250148773,0.14272700250148773,0.06077294796705246
21-10-1977,0.14272700250148773,0.14272700250148773,0,0.14272700250148773,0.14272700250148773,0.06077294796705246
24-10-1977,0.13940800726413727,0.13940800726413727,11298,0.13940800726413727,0.13940800726413727,0.05935973674058914
25-10-1977,0.13940800726413727,0.13940800726413727,158169,0.13940800726413727,0.13940800726413727,0.05935973674058914
26-10-1977,0.13719500601291656,0.13940800726413727,112978,0.13940800726413727,0.13719500601291656,0.058417391031980515
27-10-1977,0.13719500601291656,0.13719500601291656,0,0.13719500601291656,0.13719500601291656,0.058417391031980515
28-10-1977,0.13719500601291656,0.13719500601291656,101680,0.13940800726413727,0.13940800726413727,0.05935973674058914
31-10-1977,0.13940800726413727,0.13940800726413727,33893,0.13940800726413727,0.13940800726413727,0.05935973674058914
01-11-1977,0.13940800726413727,0.13940800726413727,45191,0.13940800726413727,0.13940800726413727,0.05935973674058914
02-11-1977,0.13940800726413727,0.13940800726413727,22596,0.13940800726413727,0.13940800726413727,0.05935973674058914
03-11-1977,0.13940800726413727,0.13940800726413727,11298,0.13940800726413727,0.13940800726413727,0.05935973674058914
04-11-1977,0.13940800726413727,0.13940800726413727,22596,0.14272700250148773,0.14272700250148773,0.06077294796705246
07-11-1977,0.1460459977388382,0.1460459977388382,112978,0.14936499297618866,0.1460459977388382,0.06218619644641876
08-11-1977,0.14936499297618866,0.14936499297618866,214658,0.15157799422740936,0.15157799422740936,0.06454167515039444
09-11-1977,0.15157799422740936,0.15157799422740936,22596,0.15157799422740936,0.15157799422740936,0.06454167515039444
10-11-1977,0.15157799422740936,0.15157799422740936,124276,0.15489700436592102,0.15489700436592102,0.06595493853092194
11-11-1977,0.15489700436592102,0.15489700436592102,22596,0.15489700436592102,0.15489700436592102,0.06595493853092194
14-11-1977,0.15157799422740936,0.15489700436592102,112978,0.15489700436592102,0.15157799422740936,0.06454167515039444
15-11-1977,0.15157799422740936,0.15157799422740936,0,0.15157799422740936,0.15157799422740936,0.06454167515039444
16-11-1977,0.15157799422740936,0.15157799422740936,56489,0.15157799422740936,0.15157799422740936,0.06454167515039444
17-11-1977,0.15157799422740936,0.15157799422740936,112978,0.15489700436592102,0.15489700436592102,0.06595493853092194
18-11-1977,0.15157799422740936,0.15489700436592102,180765,0.15489700436592102,0.15489700436592102,0.06595493853092194
21-11-1977,0.15821599960327148,0.15821599960327148,45191,0.15821599960327148,0.15821599960327148,0.06736814230680466
22-11-1977,0.15821599960327148,0.15821599960327148,45191,0.1604290008544922,0.15821599960327148,0.06736814230680466
23-11-1977,0.15821599960327148,0.15821599960327148,677869,0.1604290008544922,0.15821599960327148,0.06736814230680466
25-11-1977,0.1604290008544922,0.1604290008544922,22596,0.1604290008544922,0.1604290008544922,0.0683104619383812
28-11-1977,0.15821599960327148,0.15821599960327148,22596,0.15821599960327148,0.15821599960327148,0.06736814230680466
29-11-1977,0.15821599960327148,0.15821599960327148,350232,0.1604290008544922,0.1604290008544922,0.0683104619383812
30-11-1977,0.1604290008544922,0.1604290008544922,33893,0.1604290008544922,0.1604290008544922,0.0683104619383812
01-12-1977,0.15821599960327148,0.1604290008544922,158169,0.1604290008544922,0.1604290008544922,0.0683104619383812
02-12-1977,0.1604290008544922,0.1604290008544922,45191,0.1604290008544922,0.1604290008544922,0.0683104619383812
05-12-1977,0.1604290008544922,0.1604290008544922,11298,0.1604290008544922,0.1604290008544922,0.0683104619383812
06-12-1977,0.1604290008544922,0.1604290008544922,56489,0.1604290008544922,0.1604290008544922,0.0683104619383812
07-12-1977,0.1604290008544922,0.1604290008544922,0,0.1604290008544922,0.1604290008544922,0.0683104619383812
08-12-1977,0.1604290008544922,0.1604290008544922,45191,0.1604290008544922,0.1604290008544922,0.0683104619383812
09-12-1977,0.1604290008544922,0.1604290008544922,237254,0.16374899446964264,0.16374899446964264,0.06972409039735794
12-12-1977,0.16374899446964264,0.16374899446964264,90383,0.1670680046081543,0.16374899446964264,0.06972409039735794
13-12-1977,0.16374899446964264,0.16374899446964264,203361,0.16374899446964264,0.16374899446964264,0.06972409039735794
14-12-1977,0.1670680046081543,0.1670680046081543,112978,0.1670680046081543,0.1670680046081543,0.07113731652498245
15-12-1977,0.1670680046081543,0.1670680046081543,112978,0.169281005859375,0.169281005859375,0.07207965105772018
16-12-1977,0.169281005859375,0.169281005859375,56489,0.17260000109672546,0.17260000109672546,0.07349282503128052
19-12-1977,0.169281005859375,0.169281005859375,124276,0.169281005859375,0.169281005859375,0.07207965105772018
20-12-1977,0.169281005859375,0.169281005859375,45191,0.169281005859375,0.169281005859375,0.07207965105772018
21-12-1977,0.169281005859375,0.169281005859375,67787,0.169281005859375,0.169281005859375,0.07207965105772018
22-12-1977,0.169281005859375,0.169281005859375,0,0.169281005859375,0.169281005859375,0.07207965105772018
23-12-1977,0.169281005859375,0.169281005859375,0,0.169281005859375,0.169281005859375,0.07207965105772018
27-12-1977,0.169281005859375,0.169281005859375,0,0.169281005859375,0.169281005859375,0.07207965105772018
28-12-1977,0.169281005859375,0.169281005859375,0,0.169281005859375,0.169281005859375,0.07207965105772018
29-12-1977,0.169281005859375,0.169281005859375,33893,0.17260000109672546,0.17260000109672546,0.07349282503128052
30-12-1977,0.17591899633407593,0.17591899633407593,79085,0.17591899633407593,0.17591899633407593,0.07490606606006622
03-01-1978,0.17591899633407593,0.17591899633407593,90383,0.17923800647258759,0.17591899633407593,0.07490606606006622
04-01-1978,0.17591899633407593,0.17591899633407593,33893,0.17923800647258759,0.17923800647258759,0.07631922513246536
05-01-1978,0.17591899633407593,0.17923800647258759,124276,0.17923800647258759,0.17591899633407593,0.07490606606006622
06-01-1978,0.169281005859375,0.17591899633407593,146872,0.17591899633407593,0.169281005859375,0.07207965105772018
09-01-1978,0.16374899446964264,0.1670680046081543,530997,0.1670680046081543,0.16374899446964264,0.06972409039735794
10-01-1978,0.1604290008544922,0.16374899446964264,180765,0.16374899446964264,0.1604290008544922,0.0683104619383812
11-01-1978,0.1604290008544922,0.1604290008544922,22596,0.1604290008544922,0.1604290008544922,0.0683104619383812
12-01-1978,0.16374899446964264,0.16374899446964264,11298,0.16374899446964264,0.16374899446964264,0.06972409039735794
13-01-1978,0.1604290008544922,0.16374899446964264,45191,0.16374899446964264,0.1604290008544922,0.0683104619383812
16-01-1978,0.1604290008544922,0.1604290008544922,0,0.1604290008544922,0.1604290008544922,0.0683104619383812
17-01-1978,0.1604290008544922,0.1604290008544922,0,0.1604290008544922,0.1604290008544922,0.0683104619383812
18-01-1978,0.16374899446964264,0.16374899446964264,259850,0.1670680046081543,0.1670680046081543,0.07113731652498245
19-01-1978,0.1670680046081543,0.1670680046081543,112978,0.1670680046081543,0.1670680046081543,0.07113731652498245
20-01-1978,0.169281005859375,0.169281005859375,33893,0.169281005859375,0.169281005859375,0.07207965105772018
23-01-1978,0.169281005859375,0.169281005859375,11298,0.169281005859375,0.169281005859375,0.07207965105772018
24-01-1978,0.1670680046081543,0.1670680046081543,11298,0.1670680046081543,0.1670680046081543,0.07113731652498245
25-01-1978,0.169281005859375,0.169281005859375,67787,0.169281005859375,0.169281005859375,0.07207965105772018
26-01-1978,0.169281005859375,0.169281005859375,112978,0.169281005859375,0.169281005859375,0.07207965105772018
27-01-1978,0.169281005859375,0.169281005859375,0,0.169281005859375,0.169281005859375,0.07207965105772018
30-01-1978,0.169281005859375,0.169281005859375,0,0.169281005859375,0.169281005859375,0.07207965105772018
31-01-1978,0.169281005859375,0.169281005859375,101680,0.17591899633407593,0.17260000109672546,0.07349282503128052
01-02-1978,0.17591899633407593,0.17591899633407593,11298,0.17591899633407593,0.17591899633407593,0.07490606606006622
02-02-1978,0.17591899633407593,0.17591899633407593,723060,0.17591899633407593,0.17591899633407593,0.07490606606006622
03-02-1978,0.17591899633407593,0.17591899633407593,237254,0.17923800647258759,0.17591899633407593,0.07490606606006622
06-02-1978,0.17923800647258759,0.17923800647258759,67787,0.17923800647258759,0.17923800647258759,0.07631922513246536
07-02-1978,0.17923800647258759,0.17923800647258759,225956,0.1814509928226471,0.1814509928226471,0.07726159691810608
08-02-1978,0.17923800647258759,0.1814509928226471,101680,0.1814509928226471,0.1814509928226471,0.07726159691810608
09-02-1978,0.1814509928226471,0.1814509928226471,112978,0.1814509928226471,0.1814509928226471,0.07726159691810608
10-02-1978,0.17591899633407593,0.1814509928226471,180765,0.1814509928226471,0.17923800647258759,0.07631922513246536
13-02-1978,0.1814509928226471,0.1814509928226471,11298,0.1814509928226471,0.1814509928226471,0.07726159691810608
14-02-1978,0.1814509928226471,0.1814509928226471,0,0.1814509928226471,0.1814509928226471,0.07726159691810608
15-02-1978,0.1814509928226471,0.1814509928226471,56489,0.1814509928226471,0.1814509928226471,0.07726159691810608
16-02-1978,0.1814509928226471,0.1814509928226471,124276,0.1814509928226471,0.1814509928226471,0.07726159691810608
17-02-1978,0.17923800647258759,0.17923800647258759,22596,0.17923800647258759,0.17923800647258759,0.07631922513246536
21-02-1978,0.17923800647258759,0.17923800647258759,22596,0.17923800647258759,0.17923800647258759,0.07631922513246536
22-02-1978,0.17923800647258759,0.17923800647258759,33893,0.1814509928226471,0.17923800647258759,0.07631922513246536
23-02-1978,0.1814509928226471,0.1814509928226471,45191,0.1814509928226471,0.1814509928226471,0.07726159691810608
24-02-1978,0.1814509928226471,0.1814509928226471,0,0.1814509928226471,0.1814509928226471,0.07726159691810608
27-02-1978,0.1814509928226471,0.1814509928226471,0,0.1814509928226471,0.1814509928226471,0.07726159691810608
28-02-1978,0.1814509928226471,0.1814509928226471,0,0.1814509928226471,0.1814509928226471,0.07726159691810608
01-03-1978,0.1814509928226471,0.1814509928226471,33893,0.1814509928226471,0.1814509928226471,0.07726159691810608
02-03-1978,0.1814509928226471,0.1814509928226471,0,0.1814509928226471,0.1814509928226471,0.07726159691810608
03-03-1978,0.1814509928226471,0.1814509928226471,56489,0.1814509928226471,0.1814509928226471,0.07726159691810608
06-03-1978,0.1814509928226471,0.1814509928226471,0,0.1814509928226471,0.1814509928226471,0.07726159691810608
07-03-1978,0.1814509928226471,0.1814509928226471,33893,0.18477000296115875,0.18477000296115875,0.0786748006939888
08-03-1978,0.1814509928226471,0.18477000296115875,33893,0.18477000296115875,0.18477000296115875,0.0786748006939888
09-03-1978,0.18477000296115875,0.18477000296115875,112978,0.18477000296115875,0.18477000296115875,0.0786748006939888
10-03-1978,0.18477000296115875,0.18477000296115875,112978,0.18477000296115875,0.18477000296115875,0.0786748006939888
13-03-1978,0.18477000296115875,0.18477000296115875,11298,0.18477000296115875,0.18477000296115875,0.0786748006939888
14-03-1978,0.18477000296115875,0.18477000296115875,22596,0.18477000296115875,0.18477000296115875,0.0786748006939888
15-03-1978,0.1880899965763092,0.1880899965763092,33893,0.1880899965763092,0.1880899965763092,0.08008843660354614
16-03-1978,0.1880899965763092,0.1880899965763092,22596,0.1880899965763092,0.1880899965763092,0.08008843660354614
17-03-1978,0.1880899965763092,0.1880899965763092,11298,0.1880899965763092,0.1880899965763092,0.08008843660354614
20-03-1978,0.19030199944972992,0.19030199944972992,22596,0.19030199944972992,0.19030199944972992,0.08103026449680328
21-03-1978,0.19030199944972992,0.19030199944972992,90383,0.19030199944972992,0.19030199944972992,0.08103026449680328
22-03-1978,0.1880899965763092,0.1880899965763092,22596,0.1880899965763092,0.1880899965763092,0.08008843660354614
23-03-1978,0.18477000296115875,0.18477000296115875,22596,0.18477000296115875,0.18477000296115875,0.0786748006939888
27-03-1978,0.1880899965763092,0.1880899965763092,11298,0.1880899965763092,0.1880899965763092,0.08008843660354614
28-03-1978,0.19030199944972992,0.19030199944972992,11298,0.19030199944972992,0.19030199944972992,0.08103026449680328
29-03-1978,0.19030199944972992,0.19030199944972992,0,0.19030199944972992,0.19030199944972992,0.08103026449680328
30-03-1978,0.19030199944972992,0.19030199944972992,0,0.19030199944972992,0.19030199944972992,0.08103026449680328
31-03-1978,0.19030199944972992,0.19030199944972992,90383,0.19030199944972992,0.19030199944972992,0.08103026449680328
03-04-1978,0.19030199944972992,0.19030199944972992,101680,0.19362199306488037,0.19362199306488037,0.08244394510984421
04-04-1978,0.19030199944972992,0.19030199944972992,11298,0.19030199944972992,0.19030199944972992,0.08103026449680328
05-04-1978,0.19030199944972992,0.19030199944972992,11298,0.19030199944972992,0.19030199944972992,0.08103026449680328
06-04-1978,0.19030199944972992,0.19030199944972992,90383,0.19362199306488037,0.19030199944972992,0.08103026449680328
07-04-1978,0.19030199944972992,0.19030199944972992,0,0.19030199944972992,0.19030199944972992,0.08103026449680328
10-04-1978,0.19362199306488037,0.19362199306488037,33893,0.19362199306488037,0.19362199306488037,0.08244394510984421
11-04-1978,0.19030199944972992,0.19030199944972992,11298,0.19030199944972992,0.19030199944972992,0.08103026449680328
12-04-1978,0.19030199944972992,0.19030199944972992,112978,0.19030199944972992,0.19030199944972992,0.08103026449680328
13-04-1978,0.19030199944972992,0.19030199944972992,67787,0.19030199944972992,0.19030199944972992,0.08103026449680328
14-04-1978,0.19030199944972992,0.19030199944972992,101680,0.19030199944972992,0.19030199944972992,0.08103026449680328
17-04-1978,0.19030199944972992,0.19030199944972992,225956,0.19694100320339203,0.19694100320339203,0.08385717868804932
18-04-1978,0.19362199306488037,0.19694100320339203,67787,0.19694100320339203,0.19694100320339203,0.08385717868804932
19-04-1978,0.19694100320339203,0.19694100320339203,45191,0.19694100320339203,0.19694100320339203,0.08385717868804932
20-04-1978,0.19694100320339203,0.19694100320339203,440615,0.2024729996919632,0.19915400445461273,0.08479949831962585
21-04-1978,0.19915400445461273,0.19915400445461273,0,0.19915400445461273,0.19915400445461273,0.08479949831962585
24-04-1978,0.19915400445461273,0.19915400445461273,0,0.19915400445461273,0.19915400445461273,0.08479949831962585
25-04-1978,0.20579199492931366,0.20579199492931366,327637,0.21132400631904602,0.20911100506782532,0.08903916925191879
26-04-1978,0.20579199492931366,0.20911100506782532,101680,0.20911100506782532,0.20579199492931366,0.08762593567371368
27-04-1978,0.20579199492931366,0.20579199492931366,327637,0.20579199492931366,0.20579199492931366,0.08762593567371368
28-04-1978,0.20579199492931366,0.20579199492931366,22596,0.20579199492931366,0.20579199492931366,0.08762593567371368
01-05-1978,0.20579199492931366,0.20579199492931366,56489,0.20911100506782532,0.20911100506782532,0.08903916925191879
02-05-1978,0.20911100506782532,0.20911100506782532,0,0.20911100506782532,0.20911100506782532,0.08903916925191879
03-05-1978,0.20911100506782532,0.20911100506782532,124276,0.20911100506782532,0.20911100506782532,0.08903916925191879
04-05-1978,0.20911100506782532,0.20911100506782532,33893,0.20911100506782532,0.20911100506782532,0.08903916925191879
05-05-1978,0.20911100506782532,0.20911100506782532,33893,0.20911100506782532,0.20911100506782532,0.08903916925191879
08-05-1978,0.20911100506782532,0.20911100506782532,67787,0.21132400631904602,0.21132400631904602,0.08998148143291473
09-05-1978,0.21132400631904602,0.21132400631904602,11298,0.21132400631904602,0.21132400631904602,0.08998148143291473
10-05-1978,0.21132400631904602,0.21132400631904602,90383,0.21132400631904602,0.21132400631904602,0.08998148143291473
11-05-1978,0.21132400631904602,0.21132400631904602,11298,0.21132400631904602,0.21132400631904602,0.08998148143291473
12-05-1978,0.21464300155639648,0.21464300155639648,67787,0.21796299517154694,0.21796299517154694,0.09280835837125778
15-05-1978,0.21796299517154694,0.21796299517154694,22596,0.21796299517154694,0.21796299517154694,0.09280835837125778
16-05-1978,0.21464300155639648,0.21796299517154694,214658,0.21796299517154694,0.21796299517154694,0.09280835837125778
17-05-1978,0.21464300155639648,0.21796299517154694,112978,0.21796299517154694,0.21796299517154694,0.09280835837125778
18-05-1978,0.21796299517154694,0.21796299517154694,11298,0.21796299517154694,0.21796299517154694,0.09280835837125778
19-05-1978,0.21464300155639648,0.21796299517154694,56489,0.21796299517154694,0.21796299517154694,0.09280835837125778
22-05-1978,0.21464300155639648,0.21796299517154694,56489,0.21796299517154694,0.21796299517154694,0.09280835837125778
23-05-1978,0.21464300155639648,0.21796299517154694,180765,0.21796299517154694,0.21796299517154694,0.09280835837125778
24-05-1978,0.21796299517154694,0.21796299517154694,11298,0.21796299517154694,0.21796299517154694,0.09280835837125778
25-05-1978,0.21464300155639648,0.21464300155639648,33893,0.21464300155639648,0.21464300155639648,0.09139471501111984
26-05-1978,0.21464300155639648,0.21464300155639648,0,0.21464300155639648,0.21464300155639648,0.09139471501111984
30-05-1978,0.21464300155639648,0.21464300155639648,0,0.21464300155639648,0.21464300155639648,0.09139471501111984
31-05-1978,0.21796299517154694,0.21796299517154694,67787,0.21796299517154694,0.21796299517154694,0.09280835837125778
01-06-1978,0.21796299517154694,0.21796299517154694,11298,0.21796299517154694,0.21796299517154694,0.09280835837125778
02-06-1978,0.21796299517154694,0.21796299517154694,33893,0.22017499804496765,0.22017499804496765,0.0937502384185791
05-06-1978,0.21464300155639648,0.21464300155639648,90383,0.21464300155639648,0.21464300155639648,0.09139471501111984
06-06-1978,0.21796299517154694,0.21796299517154694,101680,0.22017499804496765,0.22017499804496765,0.0937502384185791
07-06-1978,0.21796299517154694,0.22017499804496765,169467,0.22017499804496765,0.21796299517154694,0.09280835837125778
08-06-1978,0.22017499804496765,0.22017499804496765,237254,0.22017499804496765,0.22017499804496765,0.0937502384185791
09-06-1978,0.22017499804496765,0.22017499804496765,237254,0.22681400179862976,0.22681400179862976,0.09657705575227737
12-06-1978,0.22681400179862976,0.22681400179862976,90383,0.22902700304985046,0.22681400179862976,0.09657705575227737
13-06-1978,0.22681400179862976,0.22681400179862976,90383,0.22902700304985046,0.22681400179862976,0.09657705575227737
14-06-1978,0.22681400179862976,0.22681400179862976,56489,0.23234599828720093,0.23234599828720093,0.09893261641263962
15-06-1978,0.23234599828720093,0.23234599828720093,0,0.23234599828720093,0.23234599828720093,0.09893261641263962
16-06-1978,0.23234599828720093,0.23234599828720093,11298,0.23234599828720093,0.23234599828720093,0.09893261641263962
19-06-1978,0.23234599828720093,0.23234599828720093,0,0.23234599828720093,0.23234599828720093,0.09893261641263962
20-06-1978,0.23234599828720093,0.23234599828720093,56489,0.23234599828720093,0.23234599828720093,0.09893261641263962
21-06-1978,0.22902700304985046,0.22902700304985046,67787,0.22902700304985046,0.22902700304985046,0.09751935303211212
22-06-1978,0.22902700304985046,0.22902700304985046,135574,0.22902700304985046,0.22902700304985046,0.09751935303211212
23-06-1978,0.22902700304985046,0.22902700304985046,33893,0.22902700304985046,0.22902700304985046,0.09751935303211212
26-06-1978,0.22902700304985046,0.22902700304985046,22596,0.22902700304985046,0.22902700304985046,0.09751935303211212
27-06-1978,0.22681400179862976,0.22902700304985046,33893,0.22902700304985046,0.22902700304985046,0.09751935303211212
28-06-1978,0.22902700304985046,0.22902700304985046,22596,0.22902700304985046,0.22902700304985046,0.09751935303211212
29-06-1978,0.22681400179862976,0.22681400179862976,338934,0.22681400179862976,0.22681400179862976,0.09657705575227737
30-06-1978,0.22681400179862976,0.22681400179862976,0,0.22681400179862976,0.22681400179862976,0.09657705575227737
03-07-1978,0.22017499804496765,0.22681400179862976,112978,0.22681400179862976,0.22017499804496765,0.0937502384185791
05-07-1978,0.22017499804496765,0.22017499804496765,56489,0.22017499804496765,0.22017499804496765,0.0937502384185791
06-07-1978,0.21796299517154694,0.22017499804496765,192063,0.22017499804496765,0.22017499804496765,0.0937502384185791
07-07-1978,0.22017499804496765,0.22017499804496765,22596,0.22017499804496765,0.22017499804496765,0.0937502384185791
10-07-1978,0.22017499804496765,0.22017499804496765,158169,0.2234950065612793,0.2234950065612793,0.09516388177871704
11-07-1978,0.2234950065612793,0.2234950065612793,101680,0.22681400179862976,0.22681400179862976,0.09657705575227737
12-07-1978,0.22681400179862976,0.22681400179862976,282445,0.22902700304985046,0.22902700304985046,0.09751935303211212
13-07-1978,0.22902700304985046,0.22902700304985046,11298,0.22902700304985046,0.22902700304985046,0.09751935303211212
14-07-1978,0.22681400179862976,0.22681400179862976,248552,0.22681400179862976,0.22681400179862976,0.09657705575227737
17-07-1978,0.22681400179862976,0.22681400179862976,33893,0.22681400179862976,0.22681400179862976,0.09657705575227737
18-07-1978,0.22681400179862976,0.22681400179862976,11298,0.22681400179862976,0.22681400179862976,0.09657705575227737
19-07-1978,0.22681400179862976,0.22681400179862976,192063,0.23234599828720093,0.23234599828720093,0.09893261641263962
20-07-1978,0.22902700304985046,0.23234599828720093,101680,0.23234599828720093,0.23234599828720093,0.09893261641263962
21-07-1978,0.2655380070209503,0.2655380070209503,271148,0.27438899874687195,0.2655380070209503,0.1130656898021698
24-07-1978,0.258899986743927,0.2655380070209503,67787,0.2655380070209503,0.258899986743927,0.11023921519517899
25-07-1978,0.258899986743927,0.258899986743927,0,0.258899986743927,0.258899986743927,0.11023921519517899
26-07-1978,0.258899986743927,0.258899986743927,79085,0.26221901178359985,0.258899986743927,0.11023921519517899
27-07-1978,0.258899986743927,0.258899986743927,33893,0.258899986743927,0.258899986743927,0.11023921519517899
28-07-1978,0.258899986743927,0.258899986743927,135574,0.258899986743927,0.258899986743927,0.11023921519517899
31-07-1978,0.258899986743927,0.258899986743927,982910,0.2655380070209503,0.2655380070209503,0.1130656898021698
01-08-1978,0.26221901178359985,0.2655380070209503,79085,0.2655380070209503,0.26221901178359985,0.11165250837802887
02-08-1978,0.258899986743927,0.26221901178359985,22596,0.26221901178359985,0.26221901178359985,0.11165250837802887
03-08-1978,0.2655380070209503,0.2655380070209503,33893,0.2655380070209503,0.2655380070209503,0.1130656898021698
04-08-1978,0.2688570022583008,0.2688570022583008,169467,0.2710700035095215,0.2710700035095215,0.11542128026485443
07-08-1978,0.2688570022583008,0.2710700035095215,158169,0.27438899874687195,0.2688570022583008,0.1144789308309555
08-08-1978,0.2655380070209503,0.2688570022583008,282445,0.2688570022583008,0.2688570022583008,0.1144789308309555
09-08-1978,0.2688570022583008,0.2688570022583008,350232,0.2710700035095215,0.2710700035095215,0.11542128026485443
10-08-1978,0.2710700035095215,0.2710700035095215,350232,0.27438899874687195,0.2710700035095215,0.11542128026485443
11-08-1978,0.27438899874687195,0.27438899874687195,112978,0.2777090072631836,0.27438899874687195,0.11683440208435059
14-08-1978,0.27438899874687195,0.27438899874687195,327637,0.27438899874687195,0.27438899874687195,0.11683440208435059
15-08-1978,0.27438899874687195,0.27438899874687195,79085,0.2799209952354431,0.2799209952354431,0.11918991059064865
16-08-1978,0.2799209952354431,0.2799209952354431,79085,0.28324100375175476,0.28324100375175476,0.12060362845659256
17-08-1978,0.2865599989891052,0.2865599989891052,79085,0.2920919954776764,0.2920919954776764,0.12437239289283752
18-08-1978,0.29541099071502686,0.29541099071502686,214658,0.3042620122432709,0.3042620122432709,0.1295543611049652
21-08-1978,0.3042620122432709,0.3042620122432709,384126,0.3131139874458313,0.3042620122432709,0.1295543611049652
22-08-1978,0.29541099071502686,0.3042620122432709,903825,0.3042620122432709,0.29541099071502686,0.12578557431697845
23-08-1978,0.29541099071502686,0.29541099071502686,225956,0.3042620122432709,0.3042620122432709,0.1295543611049652
24-08-1978,0.3042620122432709,0.3042620122432709,282445,0.30979400873184204,0.30758199095726013,0.13096801936626434
25-08-1978,0.3042620122432709,0.30758199095726013,384126,0.30758199095726013,0.30758199095726013,0.13096801936626434
28-08-1978,0.3042620122432709,0.30758199095726013,203361,0.30758199095726013,0.3042620122432709,0.1295543611049652
29-08-1978,0.3042620122432709,0.3042620122432709,22596,0.3042620122432709,0.3042620122432709,0.1295543611049652
30-08-1978,0.300942987203598,0.300942987203598,56489,0.300942987203598,0.300942987203598,0.12814106047153473
31-08-1978,0.2920919954776764,0.2987299859523773,169467,0.2987299859523773,0.2920919954776764,0.12437239289283752
01-09-1978,0.2887730002403259,0.2920919954776764,90383,0.2920919954776764,0.2920919954776764,0.12437239289283752
05-09-1978,0.2887730002403259,0.2920919954776764,101680,0.2920919954776764,0.2920919954776764,0.12437239289283752
06-09-1978,0.2887730002403259,0.2920919954776764,316339,0.300942987203598,0.300942987203598,0.12814106047153473
07-09-1978,0.300942987203598,0.300942987203598,0,0.300942987203598,0.300942987203598,0.12814106047153473
08-09-1978,0.300942987203598,0.300942987203598,0,0.300942987203598,0.300942987203598,0.12814106047153473
11-09-1978,0.2987299859523773,0.300942987203598,112978,0.300942987203598,0.2987299859523773,0.12719884514808655
12-09-1978,0.29541099071502686,0.2987299859523773,1615587,0.2987299859523773,0.29541099071502686,0.12578557431697845
13-09-1978,0.2987299859523773,0.2987299859523773,463210,0.300942987203598,0.300942987203598,0.12814106047153473
14-09-1978,0.2987299859523773,0.2987299859523773,101680,0.2987299859523773,0.2987299859523773,0.12719884514808655
15-09-1978,0.2920919954776764,0.29541099071502686,101680,0.29541099071502686,0.2920919954776764,0.12437239289283752
18-09-1978,0.2887730002403259,0.2920919954776764,22596,0.2920919954776764,0.2887730002403259,0.12295917421579361
19-09-1978,0.2920919954776764,0.2920919954776764,79085,0.29541099071502686,0.2920919954776764,0.12437239289283752
20-09-1978,0.2920919954776764,0.2920919954776764,11298,0.2920919954776764,0.2920919954776764,0.12437239289283752
21-09-1978,0.28324100375175476,0.2920919954776764,124276,0.2920919954776764,0.28324100375175476,0.12060362845659256
22-09-1978,0.2799209952354431,0.28324100375175476,101680,0.28324100375175476,0.28324100375175476,0.12060362845659256
25-09-1978,0.28324100375175476,0.28324100375175476,0,0.28324100375175476,0.28324100375175476,0.12060362845659256
26-09-1978,0.2799209952354431,0.2799209952354431,11298,0.2799209952354431,0.2799209952354431,0.11918991059064865
27-09-1978,0.2799209952354431,0.2799209952354431,79085,0.28324100375175476,0.2799209952354431,0.11918991059064865
28-09-1978,0.2777090072631836,0.2777090072631836,45191,0.2777090072631836,0.2777090072631836,0.11824812740087509
29-09-1978,0.2799209952354431,0.2799209952354431,45191,0.2799209952354431,0.2799209952354431,0.11918991059064865
02-10-1978,0.2777090072631836,0.2799209952354431,45191,0.2799209952354431,0.2777090072631836,0.11824812740087509
03-10-1978,0.2799209952354431,0.2799209952354431,101680,0.28324100375175476,0.28324100375175476,0.12060362845659256
04-10-1978,0.28324100375175476,0.28324100375175476,56489,0.2865599989891052,0.2865599989891052,0.12201683223247528
05-10-1978,0.28324100375175476,0.2865599989891052,101680,0.2887730002403259,0.2865599989891052,0.12201683223247528
06-10-1978,0.2865599989891052,0.2865599989891052,79085,0.2865599989891052,0.2865599989891052,0.12201683223247528
09-10-1978,0.2865599989891052,0.2865599989891052,11298,0.2865599989891052,0.2865599989891052,0.12201683223247528
10-10-1978,0.2865599989891052,0.2865599989891052,225956,0.2887730002403259,0.2887730002403259,0.12295917421579361
11-10-1978,0.2887730002403259,0.2887730002403259,203361,0.2920919954776764,0.2887730002403259,0.12295917421579361
12-10-1978,0.2920919954776764,0.2920919954776764,305041,0.2987299859523773,0.2987299859523773,0.12719884514808655
13-10-1978,0.2987299859523773,0.2987299859523773,79085,0.300942987203598,0.300942987203598,0.12814106047153473
16-10-1978,0.2987299859523773,0.2987299859523773,11298,0.2987299859523773,0.2987299859523773,0.12719884514808655
17-10-1978,0.2887730002403259,0.29541099071502686,124276,0.29541099071502686,0.2887730002403259,0.12295917421579361
18-10-1978,0.2920919954776764,0.2920919954776764,327637,0.2987299859523773,0.29541099071502686,0.12578557431697845
19-10-1978,0.2887730002403259,0.29541099071502686,237254,0.29541099071502686,0.2887730002403259,0.12295917421579361
20-10-1978,0.2777090072631836,0.2887730002403259,214658,0.2887730002403259,0.2777090072631836,0.11824812740087509
23-10-1978,0.2688570022583008,0.2777090072631836,1920628,0.2777090072631836,0.2777090072631836,0.11824812740087509
24-10-1978,0.2777090072631836,0.2777090072631836,11298,0.2777090072631836,0.2777090072631836,0.11824812740087509
25-10-1978,0.2710700035095215,0.27438899874687195,45191,0.27438899874687195,0.2710700035095215,0.11542128026485443
26-10-1978,0.26221901178359985,0.2710700035095215,203361,0.2710700035095215,0.2655380070209503,0.1130656898021698
27-10-1978,0.26221901178359985,0.2655380070209503,45191,0.2655380070209503,0.26221901178359985,0.11165250837802887
30-10-1978,0.24451600015163422,0.258899986743927,225956,0.258899986743927,0.24451600015163422,0.10411451011896133
31-10-1978,0.2356649935245514,0.24119700491428375,90383,0.24119700491428375,0.2356649935245514,0.10034576803445816
01-11-1978,0.2356649935245514,0.2356649935245514,485806,0.24451600015163422,0.24451600015163422,0.10411451011896133
02-11-1978,0.24783599376678467,0.24783599376678467,169467,0.2500480115413666,0.2500480115413666,0.10647013038396835
03-11-1978,0.2500480115413666,0.2500480115413666,282445,0.26221901178359985,0.26221901178359985,0.11165250837802887
06-11-1978,0.2655380070209503,0.2655380070209503,124276,0.2655380070209503,0.2655380070209503,0.1130656898021698
07-11-1978,0.258899986743927,0.2655380070209503,192063,0.2688570022583008,0.258899986743927,0.11023921519517899
08-11-1978,0.258899986743927,0.258899986743927,22596,0.258899986743927,0.258899986743927,0.11023921519517899
09-11-1978,0.2566869854927063,0.2566869854927063,11298,0.2566869854927063,0.2566869854927063,0.10929692536592484
10-11-1978,0.2566869854927063,0.2566869854927063,0,0.2566869854927063,0.2566869854927063,0.10929692536592484
13-11-1978,0.2566869854927063,0.2566869854927063,22596,0.2566869854927063,0.2566869854927063,0.10929692536592484
14-11-1978,0.24119700491428375,0.25336799025535583,384126,0.25336799025535583,0.24119700491428375,0.10270135849714279
15-11-1978,0.24119700491428375,0.24119700491428375,542295,0.24783599376678467,0.24783599376678467,0.10552825778722763
16-11-1978,0.24451600015163422,0.24783599376678467,22596,0.24783599376678467,0.24451600015163422,0.10411451011896133
17-11-1978,0.2500480115413666,0.2500480115413666,192063,0.26221901178359985,0.26221901178359985,0.11165250837802887
20-11-1978,0.258899986743927,0.258899986743927,22596,0.258899986743927,0.258899986743927,0.11023921519517899
21-11-1978,0.2566869854927063,0.258899986743927,146872,0.258899986743927,0.2566869854927063,0.10929692536592484
22-11-1978,0.2566869854927063,0.2566869854927063,22596,0.2566869854927063,0.2566869854927063,0.10929692536592484
24-11-1978,0.2566869854927063,0.2566869854927063,225956,0.2566869854927063,0.2566869854927063,0.10929692536592484
27-11-1978,0.258899986743927,0.258899986743927,214658,0.258899986743927,0.258899986743927,0.11023921519517899
28-11-1978,0.258899986743927,0.258899986743927,33893,0.258899986743927,0.258899986743927,0.11023921519517899
29-11-1978,0.2566869854927063,0.2566869854927063,56489,0.2566869854927063,0.2566869854927063,0.10929692536592484
30-11-1978,0.2566869854927063,0.2566869854927063,0,0.2566869854927063,0.2566869854927063,0.10929692536592484
01-12-1978,0.2566869854927063,0.2566869854927063,33893,0.258899986743927,0.258899986743927,0.11023921519517899
04-12-1978,0.2566869854927063,0.2566869854927063,112978,0.2566869854927063,0.2566869854927063,0.10929692536592484
05-12-1978,0.258899986743927,0.258899986743927,146872,0.27438899874687195,0.27438899874687195,0.11683440208435059
06-12-1978,0.2777090072631836,0.2777090072631836,79085,0.2777090072631836,0.2777090072631836,0.11824812740087509
07-12-1978,0.2777090072631836,0.2777090072631836,11298,0.2777090072631836,0.2777090072631836,0.11824812740087509
08-12-1978,0.2777090072631836,0.2777090072631836,0,0.2777090072631836,0.2777090072631836,0.11824812740087509
11-12-1978,0.2799209952354431,0.2799209952354431,67787,0.2799209952354431,0.2799209952354431,0.11918991059064865
12-12-1978,0.28324100375175476,0.28324100375175476,158169,0.2920919954776764,0.2920919954776764,0.12437239289283752
13-12-1978,0.2887730002403259,0.2887730002403259,45191,0.2887730002403259,0.2887730002403259,0.12295917421579361
14-12-1978,0.2887730002403259,0.2887730002403259,180765,0.29541099071502686,0.29541099071502686,0.12578557431697845
15-12-1978,0.2920919954776764,0.2920919954776764,45191,0.2920919954776764,0.2920919954776764,0.12437239289283752
18-12-1978,0.2887730002403259,0.2887730002403259,11298,0.2887730002403259,0.2887730002403259,0.12295917421579361
19-12-1978,0.2865599989891052,0.2865599989891052,361530,0.2865599989891052,0.2865599989891052,0.12201683223247528
20-12-1978,0.2865599989891052,0.2865599989891052,0,0.2865599989891052,0.2865599989891052,0.12201683223247528
21-12-1978,0.2799209952354431,0.28324100375175476,101680,0.28324100375175476,0.2799209952354431,0.11918991059064865
22-12-1978,0.28324100375175476,0.28324100375175476,79085,0.2865599989891052,0.2865599989891052,0.12201683223247528
26-12-1978,0.2865599989891052,0.2865599989891052,135574,0.2865599989891052,0.2865599989891052,0.12201683223247528
27-12-1978,0.2865599989891052,0.2865599989891052,666571,0.2887730002403259,0.2887730002403259,0.12295917421579361
28-12-1978,0.2865599989891052,0.2865599989891052,79085,0.2865599989891052,0.2865599989891052,0.12201683223247528
29-12-1978,0.2865599989891052,0.2865599989891052,0,0.2865599989891052,0.2865599989891052,0.12201683223247528
02-01-1979,0.2865599989891052,0.2865599989891052,56489,0.2865599989891052,0.2865599989891052,0.12201683223247528
03-01-1979,0.2865599989891052,0.2865599989891052,0,0.2865599989891052,0.2865599989891052,0.12201683223247528
04-01-1979,0.2865599989891052,0.2865599989891052,0,0.2865599989891052,0.2865599989891052,0.12201683223247528
05-01-1979,0.2865599989891052,0.2865599989891052,112978,0.2887730002403259,0.2887730002403259,0.12295917421579361
08-01-1979,0.2865599989891052,0.2887730002403259,56489,0.2887730002403259,0.2865599989891052,0.12201683223247528
09-01-1979,0.2865599989891052,0.2865599989891052,22596,0.2865599989891052,0.2865599989891052,0.12201683223247528
10-01-1979,0.2865599989891052,0.2865599989891052,22596,0.2865599989891052,0.2865599989891052,0.12201683223247528
11-01-1979,0.2865599989891052,0.2865599989891052,11298,0.2865599989891052,0.2865599989891052,0.12201683223247528
12-01-1979,0.2865599989891052,0.2865599989891052,135574,0.29541099071502686,0.29541099071502686,0.12578557431697845
15-01-1979,0.2987299859523773,0.2987299859523773,67787,0.2987299859523773,0.2987299859523773,0.12719884514808655
16-01-1979,0.300942987203598,0.300942987203598,135574,0.3042620122432709,0.300942987203598,0.12814106047153473
17-01-1979,0.300942987203598,0.300942987203598,67787,0.3042620122432709,0.3042620122432709,0.1295543611049652
18-01-1979,0.300942987203598,0.3042620122432709,282445,0.30758199095726013,0.3042620122432709,0.1295543611049652
19-01-1979,0.300942987203598,0.3042620122432709,90383,0.3042620122432709,0.3042620122432709,0.1295543611049652
22-01-1979,0.300942987203598,0.3042620122432709,135574,0.3042620122432709,0.3042620122432709,0.1295543611049652
23-01-1979,0.3042620122432709,0.3042620122432709,225956,0.30758199095726013,0.3042620122432709,0.1295543611049652
24-01-1979,0.3042620122432709,0.3042620122432709,90383,0.30758199095726013,0.30758199095726013,0.13096801936626434
25-01-1979,0.30758199095726013,0.30758199095726013,11298,0.30758199095726013,0.30758199095726013,0.13096801936626434
26-01-1979,0.3042620122432709,0.3042620122432709,33893,0.3042620122432709,0.3042620122432709,0.1295543611049652
29-01-1979,0.3042620122432709,0.3042620122432709,11298,0.3042620122432709,0.3042620122432709,0.1295543611049652
30-01-1979,0.3042620122432709,0.3042620122432709,0,0.3042620122432709,0.3042620122432709,0.1295543611049652
31-01-1979,0.3042620122432709,0.3042620122432709,11298,0.3042620122432709,0.3042620122432709,0.1295543611049652
01-02-1979,0.300942987203598,0.300942987203598,11298,0.300942987203598,0.300942987203598,0.12814106047153473
02-02-1979,0.29541099071502686,0.29541099071502686,33893,0.29541099071502686,0.29541099071502686,0.12578557431697845
05-02-1979,0.29541099071502686,0.29541099071502686,33893,0.29541099071502686,0.29541099071502686,0.12578557431697845
06-02-1979,0.2920919954776764,0.29541099071502686,45191,0.29541099071502686,0.2920919954776764,0.12437239289283752
07-02-1979,0.2920919954776764,0.2920919954776764,0,0.2920919954776764,0.2920919954776764,0.12437239289283752
08-02-1979,0.2887730002403259,0.2920919954776764,90383,0.2920919954776764,0.2920919954776764,0.12437239289283752
09-02-1979,0.2920919954776764,0.2920919954776764,248552,0.29541099071502686,0.29541099071502686,0.12578557431697845
12-02-1979,0.29541099071502686,0.29541099071502686,11298,0.29541099071502686,0.29541099071502686,0.12578557431697845
13-02-1979,0.29541099071502686,0.29541099071502686,0,0.29541099071502686,0.29541099071502686,0.12578557431697845
14-02-1979,0.29541099071502686,0.29541099071502686,0,0.29541099071502686,0.29541099071502686,0.12578557431697845
15-02-1979,0.29541099071502686,0.29541099071502686,0,0.29541099071502686,0.29541099071502686,0.12578557431697845
16-02-1979,0.29541099071502686,0.29541099071502686,33893,0.2987299859523773,0.2987299859523773,0.12719884514808655
20-02-1979,0.2987299859523773,0.2987299859523773,0,0.2987299859523773,0.2987299859523773,0.12719884514808655
21-02-1979,0.2920919954776764,0.29541099071502686,56489,0.29541099071502686,0.2920919954776764,0.12437239289283752
22-02-1979,0.2865599989891052,0.2887730002403259,79085,0.2887730002403259,0.2865599989891052,0.12201683223247528
23-02-1979,0.2865599989891052,0.2865599989891052,56489,0.2887730002403259,0.2887730002403259,0.12295917421579361
26-02-1979,0.28324100375175476,0.2865599989891052,146872,0.2865599989891052,0.2865599989891052,0.12201683223247528
27-02-1979,0.2710700035095215,0.2865599989891052,214658,0.2865599989891052,0.2710700035095215,0.11542128026485443
28-02-1979,0.2688570022583008,0.2710700035095215,440615,0.2710700035095215,0.2710700035095215,0.11542128026485443
01-03-1979,0.2688570022583008,0.2710700035095215,361530,0.2710700035095215,0.2710700035095215,0.11542128026485443
02-03-1979,0.2710700035095215,0.2710700035095215,0,0.2710700035095215,0.2710700035095215,0.11542128026485443
05-03-1979,0.27438899874687195,0.27438899874687195,33893,0.27438899874687195,0.27438899874687195,0.11683440208435059
06-03-1979,0.27438899874687195,0.27438899874687195,293743,0.2777090072631836,0.2777090072631836,0.11824812740087509
07-03-1979,0.27438899874687195,0.27438899874687195,124276,0.27438899874687195,0.27438899874687195,0.11683440208435059
08-03-1979,0.27438899874687195,0.27438899874687195,0,0.27438899874687195,0.27438899874687195,0.11683440208435059
09-03-1979,0.2710700035095215,0.2710700035095215,11298,0.2710700035095215,0.2710700035095215,0.11542128026485443
12-03-1979,0.2688570022583008,0.2710700035095215,259850,0.2710700035095215,0.2688570022583008,0.1144789308309555
13-03-1979,0.2688570022583008,0.2688570022583008,305041,0.2777090072631836,0.2777090072631836,0.11824812740087509
14-03-1979,0.2777090072631836,0.2777090072631836,33893,0.2777090072631836,0.2777090072631836,0.11824812740087509
15-03-1979,0.2777090072631836,0.2777090072631836,135574,0.2799209952354431,0.2799209952354431,0.11918991059064865
16-03-1979,0.2799209952354431,0.2799209952354431,124276,0.28324100375175476,0.28324100375175476,0.12060362845659256
19-03-1979,0.2865599989891052,0.2865599989891052,124276,0.2887730002403259,0.2865599989891052,0.12201683223247528
20-03-1979,0.2865599989891052,0.2865599989891052,11298,0.2865599989891052,0.2865599989891052,0.12201683223247528
21-03-1979,0.2865599989891052,0.2865599989891052,90383,0.2865599989891052,0.2865599989891052,0.12201683223247528
22-03-1979,0.2887730002403259,0.2887730002403259,90383,0.29541099071502686,0.29541099071502686,0.12578557431697845
23-03-1979,0.29541099071502686,0.29541099071502686,45191,0.29541099071502686,0.29541099071502686,0.12578557431697845
26-03-1979,0.29541099071502686,0.29541099071502686,0,0.29541099071502686,0.29541099071502686,0.12578557431697845
27-03-1979,0.29541099071502686,0.29541099071502686,56489,0.29541099071502686,0.29541099071502686,0.12578557431697845
28-03-1979,0.29541099071502686,0.29541099071502686,0,0.29541099071502686,0.29541099071502686,0.12578557431697845
29-03-1979,0.2920919954776764,0.29541099071502686,146872,0.29541099071502686,0.29541099071502686,0.12578557431697845
30-03-1979,0.29541099071502686,0.29541099071502686,11298,0.29541099071502686,0.29541099071502686,0.12578557431697845
02-04-1979,0.29541099071502686,0.29541099071502686,79085,0.29541099071502686,0.29541099071502686,0.12578557431697845
03-04-1979,0.29541099071502686,0.29541099071502686,237254,0.3042620122432709,0.3042620122432709,0.1295543611049652
04-04-1979,0.3042620122432709,0.3042620122432709,101680,0.30979400873184204,0.30979400873184204,0.13190987706184387
05-04-1979,0.30758199095726013,0.30979400873184204,124276,0.30979400873184204,0.30979400873184204,0.13190987706184387
06-04-1979,0.30979400873184204,0.30979400873184204,0,0.30979400873184204,0.30979400873184204,0.13190987706184387
09-04-1979,0.30758199095726013,0.30979400873184204,56489,0.3131139874458313,0.3131139874458313,0.13332347571849823
10-04-1979,0.30979400873184204,0.30979400873184204,11298,0.30979400873184204,0.30979400873184204,0.13190987706184387
11-04-1979,0.30979400873184204,0.30979400873184204,192063,0.3131139874458313,0.30979400873184204,0.13190987706184387
12-04-1979,0.3131139874458313,0.3131139874458313,146872,0.31864601373672485,0.31643301248550415,0.13473674654960632
16-04-1979,0.3131139874458313,0.31643301248550415,158169,0.31643301248550415,0.3131139874458313,0.13332347571849823
17-04-1979,0.3042620122432709,0.30979400873184204,124276,0.30979400873184204,0.3042620122432709,0.1295543611049652
18-04-1979,0.300942987203598,0.3042620122432709,56489,0.3042620122432709,0.300942987203598,0.12814106047153473
19-04-1979,0.300942987203598,0.300942987203598,22596,0.300942987203598,0.300942987203598,0.12814106047153473
20-04-1979,0.300942987203598,0.300942987203598,56489,0.300942987203598,0.300942987203598,0.12814106047153473
23-04-1979,0.300942987203598,0.300942987203598,112978,0.300942987203598,0.300942987203598,0.12814106047153473
24-04-1979,0.2987299859523773,0.2987299859523773,33893,0.2987299859523773,0.2987299859523773,0.12719884514808655
25-04-1979,0.300942987203598,0.300942987203598,146872,0.3042620122432709,0.300942987203598,0.12814106047153473
26-04-1979,0.3042620122432709,0.3042620122432709,112978,0.3042620122432709,0.3042620122432709,0.1295543611049652
27-04-1979,0.2987299859523773,0.300942987203598,56489,0.300942987203598,0.2987299859523773,0.12719884514808655
30-04-1979,0.300942987203598,0.300942987203598,22596,0.300942987203598,0.300942987203598,0.12814106047153473
01-05-1979,0.300942987203598,0.300942987203598,146872,0.3042620122432709,0.300942987203598,0.12814106047153473
02-05-1979,0.300942987203598,0.300942987203598,0,0.300942987203598,0.300942987203598,0.12814106047153473
03-05-1979,0.300942987203598,0.300942987203598,0,0.300942987203598,0.300942987203598,0.12814106047153473
04-05-1979,0.300942987203598,0.300942987203598,45191,0.300942987203598,0.300942987203598,0.12814106047153473
07-05-1979,0.300942987203598,0.300942987203598,0,0.300942987203598,0.300942987203598,0.12814106047153473
08-05-1979,0.29541099071502686,0.29541099071502686,22596,0.29541099071502686,0.29541099071502686,0.12578557431697845
09-05-1979,0.2920919954776764,0.29541099071502686,90383,0.29541099071502686,0.29541099071502686,0.12578557431697845
10-05-1979,0.2920919954776764,0.2920919954776764,192063,0.2920919954776764,0.2920919954776764,0.12437239289283752
11-05-1979,0.2920919954776764,0.2920919954776764,0,0.2920919954776764,0.2920919954776764,0.12437239289283752
14-05-1979,0.2920919954776764,0.2920919954776764,0,0.2920919954776764,0.2920919954776764,0.12437239289283752
15-05-1979,0.2865599989891052,0.2887730002403259,45191,0.2887730002403259,0.2865599989891052,0.12201683223247528
16-05-1979,0.2865599989891052,0.2865599989891052,0,0.2865599989891052,0.2865599989891052,0.12201683223247528
17-05-1979,0.2865599989891052,0.2865599989891052,0,0.2865599989891052,0.2865599989891052,0.12201683223247528
18-05-1979,0.2865599989891052,0.2865599989891052,67787,0.2865599989891052,0.2865599989891052,0.12201683223247528
21-05-1979,0.28324100375175476,0.28324100375175476,11298,0.28324100375175476,0.28324100375175476,0.12060362845659256
22-05-1979,0.2799209952354431,0.2799209952354431,33893,0.2799209952354431,0.2799209952354431,0.11918991059064865
23-05-1979,0.2799209952354431,0.2799209952354431,372828,0.2865599989891052,0.2865599989891052,0.12201683223247528
24-05-1979,0.28324100375175476,0.28324100375175476,11298,0.28324100375175476,0.28324100375175476,0.12060362845659256
25-05-1979,0.28324100375175476,0.28324100375175476,0,0.28324100375175476,0.28324100375175476,0.12060362845659256
29-05-1979,0.2799209952354431,0.2799209952354431,33893,0.2799209952354431,0.2799209952354431,0.11918991059064865
30-05-1979,0.27438899874687195,0.2799209952354431,101680,0.2799209952354431,0.27438899874687195,0.11683440208435059
31-05-1979,0.2710700035095215,0.27438899874687195,101680,0.27438899874687195,0.27438899874687195,0.11683440208435059
01-06-1979,0.2710700035095215,0.2710700035095215,22596,0.2710700035095215,0.2710700035095215,0.11542128026485443
04-06-1979,0.2710700035095215,0.2710700035095215,22596,0.2710700035095215,0.2710700035095215,0.11542128026485443
05-06-1979,0.2710700035095215,0.2710700035095215,67787,0.2710700035095215,0.2710700035095215,0.11542128026485443
06-06-1979,0.2710700035095215,0.2710700035095215,79085,0.27438899874687195,0.2710700035095215,0.11542128026485443
07-06-1979,0.27438899874687195,0.27438899874687195,33893,0.27438899874687195,0.27438899874687195,0.11683440208435059
08-06-1979,0.27438899874687195,0.27438899874687195,45191,0.2777090072631836,0.2777090072631836,0.11824812740087509
11-06-1979,0.2777090072631836,0.2777090072631836,11298,0.2777090072631836,0.2777090072631836,0.11824812740087509
12-06-1979,0.2777090072631836,0.2777090072631836,327637,0.2865599989891052,0.28324100375175476,0.12060362845659256
13-06-1979,0.2799209952354431,0.28324100375175476,248552,0.2920919954776764,0.2920919954776764,0.12437239289283752
14-06-1979,0.2920919954776764,0.2920919954776764,0,0.2920919954776764,0.2920919954776764,0.12437239289283752
15-06-1979,0.2887730002403259,0.2887730002403259,11298,0.2887730002403259,0.2887730002403259,0.12295917421579361
18-06-1979,0.2920919954776764,0.2920919954776764,79085,0.29541099071502686,0.29541099071502686,0.12578557431697845
19-06-1979,0.2920919954776764,0.29541099071502686,779549,0.2987299859523773,0.2987299859523773,0.12719884514808655
20-06-1979,0.300942987203598,0.300942987203598,305041,0.3042620122432709,0.3042620122432709,0.1295543611049652
21-06-1979,0.300942987203598,0.3042620122432709,180765,0.3042620122432709,0.300942987203598,0.12814106047153473
22-06-1979,0.300942987203598,0.300942987203598,372828,0.3042620122432709,0.300942987203598,0.12814106047153473
25-06-1979,0.2987299859523773,0.2987299859523773,22596,0.2987299859523773,0.2987299859523773,0.12719884514808655
26-06-1979,0.2987299859523773,0.2987299859523773,22596,0.2987299859523773,0.2987299859523773,0.12719884514808655
27-06-1979,0.300942987203598,0.300942987203598,11298,0.300942987203598,0.300942987203598,0.12814106047153473
28-06-1979,0.300942987203598,0.300942987203598,0,0.300942987203598,0.300942987203598,0.12814106047153473
29-06-1979,0.29541099071502686,0.2987299859523773,67787,0.2987299859523773,0.29541099071502686,0.12578557431697845
02-07-1979,0.29541099071502686,0.29541099071502686,67787,0.29541099071502686,0.29541099071502686,0.12578557431697845
03-07-1979,0.29541099071502686,0.29541099071502686,248552,0.2987299859523773,0.29541099071502686,0.12578557431697845
05-07-1979,0.2987299859523773,0.2987299859523773,11298,0.2987299859523773,0.2987299859523773,0.12719884514808655
06-07-1979,0.2987299859523773,0.2987299859523773,0,0.2987299859523773,0.2987299859523773,0.12719884514808655
09-07-1979,0.2987299859523773,0.2987299859523773,90383,0.300942987203598,0.300942987203598,0.12814106047153473
10-07-1979,0.300942987203598,0.300942987203598,203361,0.300942987203598,0.300942987203598,0.12814106047153473
11-07-1979,0.300942987203598,0.300942987203598,11298,0.300942987203598,0.300942987203598,0.12814106047153473
12-07-1979,0.29541099071502686,0.2987299859523773,22596,0.2987299859523773,0.29541099071502686,0.12578557431697845
13-07-1979,0.2920919954776764,0.29541099071502686,56489,0.29541099071502686,0.2920919954776764,0.12437239289283752
16-07-1979,0.2920919954776764,0.2920919954776764,0,0.2920919954776764,0.2920919954776764,0.12437239289283752
17-07-1979,0.2865599989891052,0.2887730002403259,67787,0.2887730002403259,0.2865599989891052,0.12201683223247528
18-07-1979,0.2865599989891052,0.2865599989891052,11298,0.2865599989891052,0.2865599989891052,0.12201683223247528
19-07-1979,0.2887730002403259,0.2887730002403259,225956,0.29541099071502686,0.29541099071502686,0.12578557431697845
20-07-1979,0.29541099071502686,0.29541099071502686,0,0.29541099071502686,0.29541099071502686,0.12578557431697845
23-07-1979,0.29541099071502686,0.29541099071502686,0,0.29541099071502686,0.29541099071502686,0.12578557431697845
24-07-1979,0.29541099071502686,0.29541099071502686,0,0.29541099071502686,0.29541099071502686,0.12578557431697845
25-07-1979,0.29541099071502686,0.29541099071502686,56489,0.2987299859523773,0.2987299859523773,0.12719884514808655
26-07-1979,0.300942987203598,0.300942987203598,90383,0.3042620122432709,0.3042620122432709,0.1295543611049652
27-07-1979,0.3042620122432709,0.3042620122432709,0,0.3042620122432709,0.3042620122432709,0.1295543611049652
30-07-1979,0.3042620122432709,0.3042620122432709,11298,0.3042620122432709,0.3042620122432709,0.1295543611049652
31-07-1979,0.3042620122432709,0.3042620122432709,90383,0.30758199095726013,0.30758199095726013,0.13096801936626434
01-08-1979,0.30758199095726013,0.30758199095726013,22596,0.30758199095726013,0.30758199095726013,0.13096801936626434
02-08-1979,0.30979400873184204,0.30979400873184204,135574,0.3131139874458313,0.3131139874458313,0.13332347571849823
03-08-1979,0.30979400873184204,0.3131139874458313,169467,0.3131139874458313,0.30979400873184204,0.13190987706184387
06-08-1979,0.30979400873184204,0.30979400873184204,33893,0.30979400873184204,0.30979400873184204,0.13190987706184387
07-08-1979,0.30758199095726013,0.30979400873184204,158169,0.30979400873184204,0.30979400873184204,0.13190987706184387
08-08-1979,0.30979400873184204,0.30979400873184204,22596,0.30979400873184204,0.30979400873184204,0.13190987706184387
09-08-1979,0.30979400873184204,0.30979400873184204,33893,0.30979400873184204,0.30979400873184204,0.13190987706184387
10-08-1979,0.30979400873184204,0.30979400873184204,0,0.30979400873184204,0.30979400873184204,0.13190987706184387
13-08-1979,0.30979400873184204,0.30979400873184204,101680,0.30979400873184204,0.30979400873184204,0.13190987706184387
14-08-1979,0.30979400873184204,0.30979400873184204,180765,0.3131139874458313,0.3131139874458313,0.13332347571849823
15-08-1979,0.31643301248550415,0.31643301248550415,112978,0.31864601373672485,0.31864601373672485,0.13567906618118286
16-08-1979,0.31864601373672485,0.31864601373672485,225956,0.3252840042114258,0.3219650089740753,0.13709236681461334
17-08-1979,0.31864601373672485,0.3219650089740753,56489,0.3219650089740753,0.3219650089740753,0.13709236681461334
20-08-1979,0.3219650089740753,0.3219650089740753,0,0.3219650089740753,0.3219650089740753,0.13709236681461334
21-08-1979,0.3252840042114258,0.3252840042114258,112978,0.32860299944877625,0.32860299944877625,0.13991869986057281
22-08-1979,0.32860299944877625,0.32860299944877625,282445,0.32860299944877625,0.32860299944877625,0.13991869986057281
23-08-1979,0.33745500445365906,0.33745500445365906,259850,0.33745500445365906,0.33745500445365906,0.143687903881073
24-08-1979,0.33081600069999695,0.3341349959373474,33893,0.3341349959373474,0.33081600069999695,0.14086098968982697
27-08-1979,0.33081600069999695,0.33081600069999695,56489,0.33081600069999695,0.33081600069999695,0.14086098968982697
28-08-1979,0.33081600069999695,0.33081600069999695,214658,0.33745500445365906,0.33745500445365906,0.143687903881073
29-08-1979,0.33745500445365906,0.33745500445365906,271148,0.33745500445365906,0.33745500445365906,0.143687903881073
30-08-1979,0.33745500445365906,0.33745500445365906,0,0.33745500445365906,0.33745500445365906,0.143687903881073
31-08-1979,0.33745500445365906,0.33745500445365906,0,0.33745500445365906,0.33745500445365906,0.143687903881073
04-09-1979,0.33081600069999695,0.33081600069999695,11298,0.33081600069999695,0.33081600069999695,0.14086098968982697
05-09-1979,0.31864601373672485,0.32860299944877625,146872,0.32860299944877625,0.31864601373672485,0.13567906618118286
06-09-1979,0.31864601373672485,0.31864601373672485,0,0.31864601373672485,0.31864601373672485,0.13567906618118286
07-09-1979,0.31864601373672485,0.31864601373672485,22596,0.31864601373672485,0.31864601373672485,0.13567906618118286
10-09-1979,0.31864601373672485,0.31864601373672485,22596,0.31864601373672485,0.31864601373672485,0.13567906618118286
11-09-1979,0.3219650089740753,0.3219650089740753,169467,0.3252840042114258,0.3252840042114258,0.1385054737329483
12-09-1979,0.3252840042114258,0.3252840042114258,45191,0.3252840042114258,0.3252840042114258,0.1385054737329483
13-09-1979,0.3252840042114258,0.3252840042114258,0,0.3252840042114258,0.3252840042114258,0.1385054737329483
14-09-1979,0.31864601373672485,0.3252840042114258,180765,0.3252840042114258,0.31864601373672485,0.13567906618118286
17-09-1979,0.31864601373672485,0.31864601373672485,0,0.31864601373672485,0.31864601373672485,0.13567906618118286
18-09-1979,0.31864601373672485,0.31864601373672485,0,0.31864601373672485,0.31864601373672485,0.13567906618118286
19-09-1979,0.31864601373672485,0.31864601373672485,56489,0.31864601373672485,0.31864601373672485,0.13567906618118286
20-09-1979,0.31864601373672485,0.31864601373672485,0,0.31864601373672485,0.31864601373672485,0.13567906618118286
21-09-1979,0.31864601373672485,0.31864601373672485,22596,0.31864601373672485,0.31864601373672485,0.13567906618118286
24-09-1979,0.31864601373672485,0.31864601373672485,33893,0.31864601373672485,0.31864601373672485,0.13567906618118286
25-09-1979,0.31864601373672485,0.31864601373672485,0,0.31864601373672485,0.31864601373672485,0.13567906618118286
26-09-1979,0.31864601373672485,0.31864601373672485,0,0.31864601373672485,0.31864601373672485,0.13567906618118286
27-09-1979,0.3219650089740753,0.3219650089740753,33893,0.3219650089740753,0.3219650089740753,0.13709236681461334
28-09-1979,0.3219650089740753,0.3219650089740753,79085,0.3252840042114258,0.3219650089740753,0.13709236681461334
01-10-1979,0.31643301248550415,0.31864601373672485,56489,0.31864601373672485,0.31643301248550415,0.13473674654960632
02-10-1979,0.31864601373672485,0.31864601373672485,67787,0.3219650089740753,0.3219650089740753,0.13709236681461334
03-10-1979,0.3219650089740753,0.3219650089740753,0,0.3219650089740753,0.3219650089740753,0.13709236681461334
04-10-1979,0.3219650089740753,0.3219650089740753,0,0.3219650089740753,0.3219650089740753,0.13709236681461334
05-10-1979,0.3219650089740753,0.3219650089740753,0,0.3219650089740753,0.3219650089740753,0.13709236681461334
08-10-1979,0.3219650089740753,0.3219650089740753,0,0.3219650089740753,0.3219650089740753,0.13709236681461334
09-10-1979,0.31643301248550415,0.31864601373672485,282445,0.31864601373672485,0.31643301248550415,0.13473674654960632
10-10-1979,0.29541099071502686,0.3131139874458313,214658,0.3131139874458313,0.29541099071502686,0.12578557431697845
11-10-1979,0.29541099071502686,0.29541099071502686,0,0.29541099071502686,0.29541099071502686,0.12578557431697845
12-10-1979,0.2987299859523773,0.2987299859523773,67787,0.2987299859523773,0.2987299859523773,0.12719884514808655
15-10-1979,0.28324100375175476,0.2987299859523773,146872,0.300942987203598,0.28324100375175476,0.12060362845659256
16-10-1979,0.2799209952354431,0.28324100375175476,33893,0.28324100375175476,0.2799209952354431,0.11918991059064865
17-10-1979,0.2799209952354431,0.2799209952354431,33893,0.2799209952354431,0.2799209952354431,0.11918991059064865
18-10-1979,0.2799209952354431,0.2799209952354431,0,0.2799209952354431,0.2799209952354431,0.11918991059064865
19-10-1979,0.2777090072631836,0.2777090072631836,22596,0.2777090072631836,0.2777090072631836,0.11824812740087509
22-10-1979,0.2777090072631836,0.2777090072631836,0,0.2777090072631836,0.2777090072631836,0.11824812740087509
23-10-1979,0.2777090072631836,0.2777090072631836,0,0.2777090072631836,0.2777090072631836,0.11824812740087509
24-10-1979,0.27438899874687195,0.27438899874687195,11298,0.27438899874687195,0.27438899874687195,0.11683440208435059
25-10-1979,0.27438899874687195,0.27438899874687195,0,0.27438899874687195,0.27438899874687195,0.11683440208435059
26-10-1979,0.2777090072631836,0.2777090072631836,11298,0.2777090072631836,0.2777090072631836,0.11824812740087509
29-10-1979,0.2710700035095215,0.27438899874687195,33893,0.27438899874687195,0.2710700035095215,0.11542128026485443
30-10-1979,0.2688570022583008,0.2688570022583008,56489,0.2688570022583008,0.2688570022583008,0.1144789308309555
31-10-1979,0.27438899874687195,0.27438899874687195,45191,0.27438899874687195,0.27438899874687195,0.11683440208435059
01-11-1979,0.2710700035095215,0.2710700035095215,11298,0.2710700035095215,0.2710700035095215,0.11542128026485443
02-11-1979,0.27438899874687195,0.27438899874687195,45191,0.2777090072631836,0.2777090072631836,0.11824812740087509
05-11-1979,0.2777090072631836,0.2777090072631836,22596,0.2777090072631836,0.2777090072631836,0.11824812740087509
06-11-1979,0.2799209952354431,0.2799209952354431,22596,0.2799209952354431,0.2799209952354431,0.11918991059064865
07-11-1979,0.27438899874687195,0.2777090072631836,112978,0.2777090072631836,0.2777090072631836,0.11824812740087509
08-11-1979,0.2777090072631836,0.2777090072631836,79085,0.2777090072631836,0.2777090072631836,0.11824812740087509
09-11-1979,0.2777090072631836,0.2777090072631836,45191,0.2799209952354431,0.2799209952354431,0.11918991059064865
12-11-1979,0.2799209952354431,0.2799209952354431,33893,0.2799209952354431,0.2799209952354431,0.11918991059064865
13-11-1979,0.28324100375175476,0.28324100375175476,45191,0.2865599989891052,0.28324100375175476,0.12060362845659256
14-11-1979,0.2865599989891052,0.2865599989891052,56489,0.2865599989891052,0.2865599989891052,0.12201683223247528
15-11-1979,0.2887730002403259,0.2887730002403259,11298,0.2887730002403259,0.2887730002403259,0.12295917421579361
16-11-1979,0.2887730002403259,0.2887730002403259,0,0.2887730002403259,0.2887730002403259,0.12295917421579361
19-11-1979,0.2887730002403259,0.2887730002403259,11298,0.2887730002403259,0.2887730002403259,0.12295917421579361
20-11-1979,0.2865599989891052,0.2887730002403259,101680,0.2887730002403259,0.2865599989891052,0.12201683223247528
21-11-1979,0.2887730002403259,0.2887730002403259,124276,0.2920919954776764,0.2887730002403259,0.12295917421579361
23-11-1979,0.2865599989891052,0.2865599989891052,22596,0.2865599989891052,0.2865599989891052,0.12201683223247528
26-11-1979,0.2865599989891052,0.2865599989891052,0,0.2865599989891052,0.2865599989891052,0.12201683223247528
27-11-1979,0.2887730002403259,0.2887730002403259,56489,0.2920919954776764,0.2920919954776764,0.12437239289283752
28-11-1979,0.2920919954776764,0.2920919954776764,45191,0.29541099071502686,0.29541099071502686,0.12578557431697845
29-11-1979,0.29541099071502686,0.29541099071502686,33893,0.29541099071502686,0.29541099071502686,0.12578557431697845
30-11-1979,0.2987299859523773,0.2987299859523773,67787,0.2987299859523773,0.2987299859523773,0.12719884514808655
03-12-1979,0.300942987203598,0.300942987203598,22596,0.300942987203598,0.300942987203598,0.12814106047153473
04-12-1979,0.29541099071502686,0.300942987203598,124276,0.3042620122432709,0.3042620122432709,0.1295543611049652
05-12-1979,0.30758199095726013,0.30758199095726013,112978,0.3252840042114258,0.3219650089740753,0.13709236681461334
06-12-1979,0.3252840042114258,0.3252840042114258,112978,0.3252840042114258,0.3252840042114258,0.1385054737329483
07-12-1979,0.3252840042114258,0.3252840042114258,723060,0.3252840042114258,0.3252840042114258,0.1385054737329483
10-12-1979,0.3252840042114258,0.3252840042114258,0,0.3252840042114258,0.3252840042114258,0.1385054737329483
11-12-1979,0.3252840042114258,0.3252840042114258,33893,0.32860299944877625,0.32860299944877625,0.13991869986057281
12-12-1979,0.3219650089740753,0.3252840042114258,508402,0.3252840042114258,0.3219650089740753,0.13709236681461334
13-12-1979,0.3219650089740753,0.3219650089740753,0,0.3219650089740753,0.3219650089740753,0.13709236681461334
14-12-1979,0.3219650089740753,0.3219650089740753,101680,0.3252840042114258,0.3252840042114258,0.1385054737329483
17-12-1979,0.3252840042114258,0.3252840042114258,146872,0.33081600069999695,0.3252840042114258,0.1385054737329483
18-12-1979,0.3252840042114258,0.3252840042114258,79085,0.33081600069999695,0.3252840042114258,0.1385054737329483
19-12-1979,0.31864601373672485,0.3252840042114258,45191,0.3252840042114258,0.3219650089740753,0.13709236681461334
20-12-1979,0.3219650089740753,0.3219650089740753,0,0.3219650089740753,0.3219650089740753,0.13709236681461334
21-12-1979,0.3219650089740753,0.3219650089740753,22596,0.3252840042114258,0.3252840042114258,0.1385054737329483
24-12-1979,0.3252840042114258,0.3252840042114258,11298,0.3252840042114258,0.3252840042114258,0.1385054737329483
26-12-1979,0.3252840042114258,0.3252840042114258,11298,0.3252840042114258,0.3252840042114258,0.1385054737329483
27-12-1979,0.3252840042114258,0.3252840042114258,0,0.3252840042114258,0.3252840042114258,0.1385054737329483
28-12-1979,0.3252840042114258,0.3252840042114258,0,0.3252840042114258,0.3252840042114258,0.1385054737329483
31-12-1979,0.3219650089740753,0.3252840042114258,67787,0.3252840042114258,0.3219650089740753,0.13709236681461334
02-01-1980,0.3131139874458313,0.31864601373672485,90383,0.31864601373672485,0.3131139874458313,0.13332347571849823
03-01-1980,0.3131139874458313,0.3131139874458313,112978,0.3131139874458313,0.3131139874458313,0.13332347571849823
04-01-1980,0.30758199095726013,0.30979400873184204,67787,0.30979400873184204,0.30758199095726013,0.13096801936626434
07-01-1980,0.3042620122432709,0.30758199095726013,67787,0.30758199095726013,0.3042620122432709,0.1295543611049652
08-01-1980,0.3042620122432709,0.3042620122432709,90383,0.3042620122432709,0.3042620122432709,0.1295543611049652
09-01-1980,0.2987299859523773,0.3042620122432709,169467,0.3042620122432709,0.2987299859523773,0.12719884514808655
10-01-1980,0.2987299859523773,0.2987299859523773,643975,0.30979400873184204,0.30979400873184204,0.13190987706184387
11-01-1980,0.30979400873184204,0.30979400873184204,327637,0.31643301248550415,0.31643301248550415,0.13473674654960632
14-01-1980,0.31864601373672485,0.31864601373672485,79085,0.3219650089740753,0.3219650089740753,0.13709236681461334
15-01-1980,0.31864601373672485,0.31864601373672485,124276,0.31864601373672485,0.31864601373672485,0.13567906618118286
16-01-1980,0.31864601373672485,0.31864601373672485,22596,0.31864601373672485,0.31864601373672485,0.13567906618118286
17-01-1980,0.31643301248550415,0.31864601373672485,327637,0.31864601373672485,0.31643301248550415,0.13473674654960632
18-01-1980,0.31643301248550415,0.31643301248550415,11298,0.31643301248550415,0.31643301248550415,0.13473674654960632
21-01-1980,0.31643301248550415,0.31643301248550415,33893,0.31864601373672485,0.31864601373672485,0.13567906618118286
22-01-1980,0.3131139874458313,0.31864601373672485,146872,0.31864601373672485,0.3131139874458313,0.13332347571849823
23-01-1980,0.3131139874458313,0.3131139874458313,0,0.3131139874458313,0.3131139874458313,0.13332347571849823
24-01-1980,0.31864601373672485,0.31864601373672485,338934,0.3252840042114258,0.3252840042114258,0.1385054737329483
25-01-1980,0.31864601373672485,0.3219650089740753,45191,0.3219650089740753,0.31864601373672485,0.13567906618118286
28-01-1980,0.3219650089740753,0.3219650089740753,90383,0.32860299944877625,0.32860299944877625,0.13991869986057281
29-01-1980,0.3219650089740753,0.3252840042114258,56489,0.3252840042114258,0.3252840042114258,0.1385054737329483
30-01-1980,0.3252840042114258,0.3252840042114258,112978,0.33081600069999695,0.33081600069999695,0.14086098968982697
31-01-1980,0.33745500445365906,0.33745500445365906,237254,0.3463059961795807,0.3463059961795807,0.14745652675628662
01-02-1980,0.3485189974308014,0.3485189974308014,22596,0.3485189974308014,0.3485189974308014,0.14839887619018555
04-02-1980,0.3485189974308014,0.3485189974308014,124276,0.3551569879055023,0.3485189974308014,0.14839887619018555
05-02-1980,0.3463059961795807,0.3485189974308014,33893,0.3485189974308014,0.3463059961795807,0.14745652675628662
06-02-1980,0.3463059961795807,0.3463059961795807,0,0.3463059961795807,0.3463059961795807,0.14745652675628662
07-02-1980,0.3463059961795807,0.3463059961795807,0,0.3463059961795807,0.3463059961795807,0.14745652675628662
08-02-1980,0.3463059961795807,0.3463059961795807,0,0.3463059961795807,0.3463059961795807,0.14745652675628662
11-02-1980,0.33966800570487976,0.33966800570487976,45191,0.33966800570487976,0.33966800570487976,0.14463013410568237
12-02-1980,0.33966800570487976,0.33966800570487976,0,0.33966800570487976,0.33966800570487976,0.14463013410568237
13-02-1980,0.33966800570487976,0.33966800570487976,79085,0.3429870009422302,0.3429870009422302,0.14604341983795166
14-02-1980,0.3429870009422302,0.3429870009422302,0,0.3429870009422302,0.3429870009422302,0.14604341983795166
15-02-1980,0.3341349959373474,0.33745500445365906,101680,0.33745500445365906,0.3341349959373474,0.1422741860151291
19-02-1980,0.32860299944877625,0.33081600069999695,45191,0.33081600069999695,0.32860299944877625,0.13991869986057281
20-02-1980,0.3252840042114258,0.32860299944877625,56489,0.32860299944877625,0.32860299944877625,0.13991869986057281
21-02-1980,0.32860299944877625,0.32860299944877625,0,0.32860299944877625,0.32860299944877625,0.13991869986057281
22-02-1980,0.32860299944877625,0.32860299944877625,0,0.32860299944877625,0.32860299944877625,0.13991869986057281
25-02-1980,0.3252840042114258,0.3252840042114258,11298,0.3252840042114258,0.3252840042114258,0.1385054737329483
26-02-1980,0.3252840042114258,0.3252840042114258,0,0.3252840042114258,0.3252840042114258,0.1385054737329483
27-02-1980,0.3252840042114258,0.3252840042114258,0,0.3252840042114258,0.3252840042114258,0.1385054737329483
28-02-1980,0.3252840042114258,0.3252840042114258,0,0.3252840042114258,0.3252840042114258,0.1385054737329483
29-02-1980,0.3252840042114258,0.3252840042114258,0,0.3252840042114258,0.3252840042114258,0.1385054737329483
03-03-1980,0.3252840042114258,0.3252840042114258,124276,0.33081600069999695,0.32860299944877625,0.13991869986057281
04-03-1980,0.32860299944877625,0.32860299944877625,0,0.32860299944877625,0.32860299944877625,0.13991869986057281
05-03-1980,0.32860299944877625,0.32860299944877625,22596,0.32860299944877625,0.32860299944877625,0.13991869986057281
06-03-1980,0.3219650089740753,0.3252840042114258,56489,0.3252840042114258,0.3219650089740753,0.13709236681461334
07-03-1980,0.31643301248550415,0.31864601373672485,33893,0.31864601373672485,0.31643301248550415,0.13473674654960632
10-03-1980,0.3131139874458313,0.31643301248550415,45191,0.31643301248550415,0.3131139874458313,0.13332347571849823
11-03-1980,0.3042620122432709,0.30979400873184204,124276,0.30979400873184204,0.3042620122432709,0.1295543611049652
12-03-1980,0.30758199095726013,0.30758199095726013,67787,0.30979400873184204,0.30979400873184204,0.13190987706184387
13-03-1980,0.30979400873184204,0.30979400873184204,11298,0.30979400873184204,0.30979400873184204,0.13190987706184387
14-03-1980,0.30979400873184204,0.30979400873184204,0,0.30979400873184204,0.30979400873184204,0.13190987706184387
17-03-1980,0.30979400873184204,0.30979400873184204,0,0.30979400873184204,0.30979400873184204,0.13190987706184387
18-03-1980,0.30758199095726013,0.30758199095726013,67787,0.30758199095726013,0.30758199095726013,0.13096801936626434
19-03-1980,0.3042620122432709,0.3042620122432709,79085,0.3042620122432709,0.3042620122432709,0.1295543611049652
20-03-1980,0.300942987203598,0.3042620122432709,112978,0.3042620122432709,0.300942987203598,0.12814106047153473
21-03-1980,0.29541099071502686,0.300942987203598,158169,0.3042620122432709,0.29541099071502686,0.12578557431697845
24-03-1980,0.2887730002403259,0.29541099071502686,79085,0.29541099071502686,0.2887730002403259,0.12295917421579361
25-03-1980,0.28324100375175476,0.2865599989891052,124276,0.2865599989891052,0.28324100375175476,0.12060362845659256
26-03-1980,0.2777090072631836,0.2799209952354431,112978,0.2799209952354431,0.2777090072631836,0.11824812740087509
27-03-1980,0.2688570022583008,0.2777090072631836,45191,0.2777090072631836,0.2688570022583008,0.1144789308309555
28-03-1980,0.2655380070209503,0.2688570022583008,112978,0.2710700035095215,0.2710700035095215,0.11542128026485443
31-03-1980,0.27438899874687195,0.27438899874687195,79085,0.2799209952354431,0.2799209952354431,0.11918991059064865
01-04-1980,0.2799209952354431,0.2799209952354431,56489,0.28324100375175476,0.28324100375175476,0.12060362845659256
02-04-1980,0.2865599989891052,0.2865599989891052,67787,0.2920919954776764,0.2920919954776764,0.12437239289283752
03-04-1980,0.2920919954776764,0.2920919954776764,11298,0.2920919954776764,0.2920919954776764,0.12437239289283752
07-04-1980,0.2887730002403259,0.2887730002403259,22596,0.2887730002403259,0.2887730002403259,0.12295917421579361
08-04-1980,0.2865599989891052,0.2887730002403259,67787,0.2887730002403259,0.2887730002403259,0.12295917421579361
09-04-1980,0.2887730002403259,0.2887730002403259,0,0.2887730002403259,0.2887730002403259,0.12295917421579361
10-04-1980,0.2920919954776764,0.2920919954776764,112978,0.29541099071502686,0.29541099071502686,0.12578557431697845
11-04-1980,0.2920919954776764,0.29541099071502686,124276,0.300942987203598,0.300942987203598,0.12814106047153473
14-04-1980,0.2920919954776764,0.2987299859523773,158169,0.2987299859523773,0.2920919954776764,0.12437239289283752
15-04-1980,0.2920919954776764,0.2920919954776764,33893,0.2920919954776764,0.2920919954776764,0.12437239289283752
16-04-1980,0.2887730002403259,0.2920919954776764,79085,0.2920919954776764,0.2887730002403259,0.12295917421579361
17-04-1980,0.2887730002403259,0.2887730002403259,0,0.2887730002403259,0.2887730002403259,0.12295917421579361
18-04-1980,0.2887730002403259,0.2887730002403259,0,0.2887730002403259,0.2887730002403259,0.12295917421579361
21-04-1980,0.2887730002403259,0.2887730002403259,0,0.2887730002403259,0.2887730002403259,0.12295917421579361
22-04-1980,0.2887730002403259,0.2887730002403259,79085,0.2920919954776764,0.2920919954776764,0.12437239289283752
23-04-1980,0.2920919954776764,0.2920919954776764,79085,0.29541099071502686,0.2920919954776764,0.12437239289283752
24-04-1980,0.2920919954776764,0.2920919954776764,67787,0.29541099071502686,0.2920919954776764,0.12437239289283752
25-04-1980,0.2920919954776764,0.2920919954776764,11298,0.2920919954776764,0.2920919954776764,0.12437239289283752
28-04-1980,0.29541099071502686,0.29541099071502686,22596,0.29541099071502686,0.29541099071502686,0.12578557431697845
29-04-1980,0.2987299859523773,0.2987299859523773,101680,0.3042620122432709,0.3042620122432709,0.1295543611049652
30-04-1980,0.300942987203598,0.300942987203598,67787,0.300942987203598,0.300942987203598,0.12814106047153473
01-05-1980,0.29541099071502686,0.2987299859523773,79085,0.2987299859523773,0.29541099071502686,0.12578557431697845
02-05-1980,0.2865599989891052,0.2865599989891052,79085,0.2865599989891052,0.2865599989891052,0.12201683223247528
05-05-1980,0.2799209952354431,0.28324100375175476,33893,0.28324100375175476,0.2799209952354431,0.11918991059064865
06-05-1980,0.28324100375175476,0.28324100375175476,338934,0.2987299859523773,0.2987299859523773,0.12719884514808655
07-05-1980,0.300942987203598,0.300942987203598,45191,0.3042620122432709,0.3042620122432709,0.1295543611049652
08-05-1980,0.30758199095726013,0.30758199095726013,33893,0.30979400873184204,0.30979400873184204,0.13190987706184387
09-05-1980,0.30758199095726013,0.30758199095726013,11298,0.30758199095726013,0.30758199095726013,0.13096801936626434
12-05-1980,0.3042620122432709,0.30758199095726013,22596,0.30758199095726013,0.30758199095726013,0.13096801936626434
13-05-1980,0.30758199095726013,0.30758199095726013,0,0.30758199095726013,0.30758199095726013,0.13096801936626434
14-05-1980,0.30758199095726013,0.30758199095726013,11298,0.30758199095726013,0.30758199095726013,0.13096801936626434
15-05-1980,0.30979400873184204,0.30979400873184204,79085,0.30979400873184204,0.30979400873184204,0.13190987706184387
16-05-1980,0.30979400873184204,0.30979400873184204,0,0.30979400873184204,0.30979400873184204,0.13190987706184387
19-05-1980,0.30979400873184204,0.30979400873184204,67787,0.3131139874458313,0.30979400873184204,0.13190987706184387
20-05-1980,0.30979400873184204,0.30979400873184204,0,0.30979400873184204,0.30979400873184204,0.13190987706184387
21-05-1980,0.30979400873184204,0.30979400873184204,33893,0.3131139874458313,0.3131139874458313,0.13332347571849823
22-05-1980,0.3131139874458313,0.3131139874458313,33893,0.31643301248550415,0.31643301248550415,0.13473674654960632
23-05-1980,0.31643301248550415,0.31643301248550415,0,0.31643301248550415,0.31643301248550415,0.13473674654960632
27-05-1980,0.31864601373672485,0.31864601373672485,11298,0.31864601373672485,0.31864601373672485,0.13567906618118286
28-05-1980,0.31864601373672485,0.31864601373672485,22596,0.31864601373672485,0.31864601373672485,0.13567906618118286
29-05-1980,0.31864601373672485,0.31864601373672485,0,0.31864601373672485,0.31864601373672485,0.13567906618118286
30-05-1980,0.31643301248550415,0.31864601373672485,33893,0.31864601373672485,0.31643301248550415,0.13473674654960632
02-06-1980,0.31643301248550415,0.31643301248550415,22596,0.31643301248550415,0.31643301248550415,0.13473674654960632
03-06-1980,0.31864601373672485,0.31864601373672485,11298,0.31864601373672485,0.31864601373672485,0.13567906618118286
04-06-1980,0.3131139874458313,0.31643301248550415,67787,0.31643301248550415,0.3131139874458313,0.13332347571849823
05-06-1980,0.3131139874458313,0.3131139874458313,22596,0.31643301248550415,0.3131139874458313,0.13332347571849823
06-06-1980,0.31643301248550415,0.31643301248550415,11298,0.31643301248550415,0.31643301248550415,0.13473674654960632
09-06-1980,0.31643301248550415,0.31643301248550415,33893,0.31864601373672485,0.31864601373672485,0.13567906618118286
10-06-1980,0.31643301248550415,0.31864601373672485,180765,0.33081600069999695,0.33081600069999695,0.14086098968982697
11-06-1980,0.33081600069999695,0.33081600069999695,146872,0.33745500445365906,0.33745500445365906,0.143687903881073
12-06-1980,0.33745500445365906,0.33745500445365906,0,0.33745500445365906,0.33745500445365906,0.143687903881073
13-06-1980,0.33745500445365906,0.33745500445365906,22596,0.33966800570487976,0.33966800570487976,0.14463013410568237
16-06-1980,0.33745500445365906,0.33966800570487976,214658,0.3429870009422302,0.3429870009422302,0.14604341983795166
17-06-1980,0.3429870009422302,0.3429870009422302,11298,0.3429870009422302,0.3429870009422302,0.14604341983795166
18-06-1980,0.3429870009422302,0.3429870009422302,45191,0.3463059961795807,0.3463059961795807,0.14745652675628662
19-06-1980,0.3463059961795807,0.3463059961795807,22596,0.3463059961795807,0.3463059961795807,0.14745652675628662
20-06-1980,0.3485189974308014,0.3485189974308014,158169,0.3485189974308014,0.3485189974308014,0.14839887619018555
23-06-1980,0.3485189974308014,0.3485189974308014,203361,0.3551569879055023,0.3551569879055023,0.15122535824775696
24-06-1980,0.35183799266815186,0.35183799266815186,45191,0.35183799266815186,0.35183799266815186,0.14981213212013245
25-06-1980,0.35183799266815186,0.35183799266815186,11298,0.35183799266815186,0.35183799266815186,0.14981213212013245
26-06-1980,0.3551569879055023,0.3551569879055023,67787,0.3551569879055023,0.3551569879055023,0.15122535824775696
27-06-1980,0.3551569879055023,0.3551569879055023,0,0.3551569879055023,0.3551569879055023,0.15122535824775696
30-06-1980,0.3551569879055023,0.3551569879055023,33893,0.3551569879055023,0.3551569879055023,0.15122535824775696
01-07-1980,0.3551569879055023,0.3551569879055023,11298,0.3551569879055023,0.3551569879055023,0.15122535824775696
02-07-1980,0.3551569879055023,0.3551569879055023,56489,0.3551569879055023,0.3551569879055023,0.15122535824775696
03-07-1980,0.3551569879055023,0.3551569879055023,56489,0.36400899291038513,0.36400899291038513,0.15499445796012878
07-07-1980,0.36400899291038513,0.36400899291038513,56489,0.3673279881477356,0.3673279881477356,0.1564076840877533
08-07-1980,0.3695409893989563,0.3695409893989563,214658,0.3695409893989563,0.3695409893989563,0.15735012292861938
09-07-1980,0.3695409893989563,0.3695409893989563,0,0.3695409893989563,0.3695409893989563,0.15735012292861938
10-07-1980,0.3673279881477356,0.3695409893989563,33893,0.3695409893989563,0.3673279881477356,0.1564076840877533
11-07-1980,0.3695409893989563,0.3695409893989563,11298,0.3695409893989563,0.3695409893989563,0.15735012292861938
14-07-1980,0.3695409893989563,0.3695409893989563,11298,0.3695409893989563,0.3695409893989563,0.15735012292861938
15-07-1980,0.3673279881477356,0.3695409893989563,56489,0.3695409893989563,0.3673279881477356,0.1564076840877533
16-07-1980,0.3673279881477356,0.3673279881477356,0,0.3673279881477356,0.3673279881477356,0.1564076840877533
17-07-1980,0.3673279881477356,0.3673279881477356,0,0.3673279881477356,0.3673279881477356,0.1564076840877533
18-07-1980,0.3673279881477356,0.3673279881477356,0,0.3673279881477356,0.3673279881477356,0.1564076840877533
21-07-1980,0.3695409893989563,0.3695409893989563,22596,0.3695409893989563,0.3695409893989563,0.15735012292861938
22-07-1980,0.3695409893989563,0.3695409893989563,22596,0.3695409893989563,0.3695409893989563,0.15735012292861938
23-07-1980,0.36400899291038513,0.3673279881477356,361530,0.3673279881477356,0.36400899291038513,0.15499445796012878
24-07-1980,0.36400899291038513,0.36400899291038513,33893,0.3673279881477356,0.3673279881477356,0.1564076840877533
25-07-1980,0.36400899291038513,0.36400899291038513,11298,0.36400899291038513,0.36400899291038513,0.15499445796012878
28-07-1980,0.3673279881477356,0.3673279881477356,11298,0.3673279881477356,0.3673279881477356,0.1564076840877533
29-07-1980,0.3695409893989563,0.3695409893989563,135574,0.3783920109272003,0.3783920109272003,0.1611187607049942
30-07-1980,0.3817110061645508,0.3817110061645508,101680,0.38503000140190125,0.3817110061645508,0.1625320166349411
31-07-1980,0.38503000140190125,0.38503000140190125,11298,0.38503000140190125,0.38503000140190125,0.1639452427625656
01-08-1980,0.3817110061645508,0.38503000140190125,22596,0.38503000140190125,0.38503000140190125,0.1639452427625656
04-08-1980,0.3817110061645508,0.3817110061645508,22596,0.3817110061645508,0.3817110061645508,0.1625320166349411
05-08-1980,0.3783920109272003,0.3817110061645508,79085,0.38503000140190125,0.38503000140190125,0.1639452427625656
06-08-1980,0.38503000140190125,0.38503000140190125,33893,0.3883500099182129,0.38503000140190125,0.1639452427625656
07-08-1980,0.38503000140190125,0.38503000140190125,0,0.38503000140190125,0.38503000140190125,0.1639452427625656
08-08-1980,0.3817110061645508,0.38503000140190125,79085,0.3883500099182129,0.3817110061645508,0.1625320166349411
11-08-1980,0.3783920109272003,0.3783920109272003,56489,0.3783920109272003,0.3783920109272003,0.1611187607049942
12-08-1980,0.3783920109272003,0.3783920109272003,11298,0.3783920109272003,0.3783920109272003,0.1611187607049942
13-08-1980,0.3783920109272003,0.3783920109272003,0,0.3783920109272003,0.3783920109272003,0.1611187607049942
14-08-1980,0.3783920109272003,0.3783920109272003,0,0.3783920109272003,0.3783920109272003,0.1611187607049942
15-08-1980,0.3783920109272003,0.3783920109272003,0,0.3783920109272003,0.3783920109272003,0.1611187607049942
18-08-1980,0.3783920109272003,0.3783920109272003,0,0.3783920109272003,0.3783920109272003,0.1611187607049942
19-08-1980,0.3783920109272003,0.3783920109272003,22596,0.3783920109272003,0.3783920109272003,0.1611187607049942
20-08-1980,0.3783920109272003,0.3783920109272003,67787,0.3817110061645508,0.3817110061645508,0.1625320166349411
21-08-1980,0.38503000140190125,0.38503000140190125,112978,0.3972010016441345,0.3972010016441345,0.16912761330604553
22-08-1980,0.3994140028953552,0.3994140028953552,135574,0.41490301489830017,0.41490301489830017,0.17666515707969666
25-08-1980,0.41490301489830017,0.41490301489830017,67787,0.41490301489830017,0.41490301489830017,0.17666515707969666
26-08-1980,0.41490301489830017,0.41490301489830017,0,0.41490301489830017,0.41490301489830017,0.17666515707969666
27-08-1980,0.41490301489830017,0.41490301489830017,22596,0.41490301489830017,0.41490301489830017,0.17666515707969666
28-08-1980,0.41490301489830017,0.41490301489830017,0,0.41490301489830017,0.41490301489830017,0.17666515707969666
29-08-1980,0.4115839898586273,0.4115839898586273,22596,0.4115839898586273,0.4115839898586273,0.17525187134742737
02-09-1980,0.40605199337005615,0.4115839898586273,203361,0.4115839898586273,0.40826499462127686,0.17383866012096405
03-09-1980,0.4115839898586273,0.4115839898586273,33893,0.41490301489830017,0.41490301489830017,0.17666515707969666
04-09-1980,0.41490301489830017,0.41490301489830017,67787,0.41822299361228943,0.41822299361228943,0.17807874083518982
05-09-1980,0.41822299361228943,0.41822299361228943,79085,0.42707398533821106,0.42707398533821106,0.18184755742549896
08-09-1980,0.42928698658943176,0.42928698658943176,11298,0.42928698658943176,0.42928698658943176,0.18278983235359192
09-09-1980,0.4326060116291046,0.4326060116291046,79085,0.4326060116291046,0.4326060116291046,0.18420299887657166
10-09-1980,0.4381380081176758,0.4381380081176758,146872,0.4447759985923767,0.4447759985923767,0.1893850862979889
11-09-1980,0.4447759985923767,0.4447759985923767,0,0.4447759985923767,0.4447759985923767,0.1893850862979889
12-09-1980,0.4447759985923767,0.4447759985923767,0,0.4447759985923767,0.4447759985923767,0.1893850862979889
15-09-1980,0.44145700335502625,0.44145700335502625,146872,0.44145700335502625,0.44145700335502625,0.18797172605991364
16-09-1980,0.4447759985923767,0.4447759985923767,101680,0.4503079950809479,0.4503079950809479,0.19174036383628845
17-09-1980,0.4536280035972595,0.4536280035972595,22596,0.45694699883461,0.45694699883461,0.19456733763217926
18-09-1980,0.4591600000858307,0.4591600000858307,56489,0.4680109918117523,0.4657979905605316,0.19833609461784363
19-09-1980,0.4657979905605316,0.4657979905605316,0,0.4657979905605316,0.4657979905605316,0.19833609461784363
22-09-1980,0.4680109918117523,0.4680109918117523,90383,0.4779689908027649,0.47464901208877563,0.20210479199886322
23-09-1980,0.4779689908027649,0.4779689908027649,22596,0.4779689908027649,0.4779689908027649,0.20351850986480713
24-09-1980,0.4779689908027649,0.4779689908027649,0,0.4779689908027649,0.4779689908027649,0.20351850986480713
25-09-1980,0.4779689908027649,0.4779689908027649,11298,0.4779689908027649,0.4779689908027649,0.20351850986480713
26-09-1980,0.47464901208877563,0.47464901208877563,11298,0.47464901208877563,0.47464901208877563,0.20210479199886322
29-09-1980,0.46247899532318115,0.4713299870491028,112978,0.4713299870491028,0.46247899532318115,0.19692283868789673
30-09-1980,0.46247899532318115,0.46247899532318115,0,0.46247899532318115,0.46247899532318115,0.19692283868789673
01-10-1980,0.46247899532318115,0.46247899532318115,0,0.46247899532318115,0.46247899532318115,0.19692283868789673
02-10-1980,0.4591600000858307,0.4591600000858307,11298,0.4591600000858307,0.4591600000858307,0.19550979137420654
03-10-1980,0.4591600000858307,0.4591600000858307,0,0.4591600000858307,0.4591600000858307,0.19550979137420654
06-10-1980,0.45694699883461,0.4591600000858307,56489,0.46247899532318115,0.46247899532318115,0.19692283868789673
07-10-1980,0.46247899532318115,0.46247899532318115,0,0.46247899532318115,0.46247899532318115,0.19692283868789673
08-10-1980,0.4657979905605316,0.4657979905605316,33893,0.4680109918117523,0.4657979905605316,0.19833609461784363
09-10-1980,0.4680109918117523,0.4680109918117523,11298,0.4680109918117523,0.4680109918117523,0.19927836954593658
10-10-1980,0.4713299870491028,0.4713299870491028,11298,0.4713299870491028,0.4713299870491028,0.20069153606891632
13-10-1980,0.47464901208877563,0.47464901208877563,33893,0.47464901208877563,0.47464901208877563,0.20210479199886322
14-10-1980,0.46247899532318115,0.47464901208877563,135574,0.47464901208877563,0.46247899532318115,0.19692283868789673
15-10-1980,0.4591600000858307,0.4591600000858307,11298,0.4591600000858307,0.4591600000858307,0.19550979137420654
16-10-1980,0.4591600000858307,0.4591600000858307,0,0.4591600000858307,0.4591600000858307,0.19550979137420654
17-10-1980,0.4591600000858307,0.4591600000858307,0,0.4591600000858307,0.4591600000858307,0.19550979137420654
20-10-1980,0.4536280035972595,0.45694699883461,45191,0.45694699883461,0.4536280035972595,0.19315411150455475
21-10-1980,0.45694699883461,0.45694699883461,11298,0.45694699883461,0.45694699883461,0.19456733763217926
22-10-1980,0.4591600000858307,0.4591600000858307,33893,0.4591600000858307,0.4591600000858307,0.19550979137420654
23-10-1980,0.4503079950809479,0.45694699883461,45191,0.45694699883461,0.4503079950809479,0.19174036383628845
24-10-1980,0.4503079950809479,0.4503079950809479,0,0.4503079950809479,0.4503079950809479,0.19174036383628845
27-10-1980,0.4503079950809479,0.4503079950809479,56489,0.4536280035972595,0.4536280035972595,0.19315411150455475
28-10-1980,0.4536280035972595,0.4536280035972595,0,0.4536280035972595,0.4536280035972595,0.19315411150455475
29-10-1980,0.4536280035972595,0.4536280035972595,56489,0.45694699883461,0.4536280035972595,0.19315411150455475
30-10-1980,0.4536280035972595,0.4536280035972595,0,0.4536280035972595,0.4536280035972595,0.19315411150455475
31-10-1980,0.4536280035972595,0.4536280035972595,0,0.4536280035972595,0.4536280035972595,0.19315411150455475
03-11-1980,0.44809600710868835,0.4536280035972595,67787,0.4536280035972595,0.44809600710868835,0.1907985806465149
05-11-1980,0.44809600710868835,0.44809600710868835,22596,0.4503079950809479,0.44809600710868835,0.1907985806465149
06-11-1980,0.4447759985923767,0.4447759985923767,11298,0.4447759985923767,0.4447759985923767,0.1893850862979889
07-11-1980,0.4326060116291046,0.44145700335502625,418019,0.44145700335502625,0.4326060116291046,0.18420299887657166
10-11-1980,0.4326060116291046,0.4326060116291046,11298,0.4326060116291046,0.4326060116291046,0.18420299887657166
11-11-1980,0.42928698658943176,0.42928698658943176,11298,0.42928698658943176,0.42928698658943176,0.18278983235359192
12-11-1980,0.42928698658943176,0.42928698658943176,33893,0.42928698658943176,0.42928698658943176,0.18278983235359192
13-11-1980,0.42928698658943176,0.42928698658943176,22596,0.42928698658943176,0.42928698658943176,0.18278983235359192
14-11-1980,0.4326060116291046,0.4326060116291046,135574,0.4381380081176758,0.4381380081176758,0.1865585744380951
17-11-1980,0.4326060116291046,0.4381380081176758,101680,0.4381380081176758,0.4381380081176758,0.1865585744380951
18-11-1980,0.4359250068664551,0.4381380081176758,33893,0.4381380081176758,0.4381380081176758,0.1865585744380951
19-11-1980,0.4381380081176758,0.4381380081176758,33893,0.4381380081176758,0.4381380081176758,0.1865585744380951
20-11-1980,0.4381380081176758,0.4381380081176758,158169,0.44809600710868835,0.4447759985923767,0.1893850862979889
21-11-1980,0.44809600710868835,0.44809600710868835,135574,0.4657979905605316,0.4657979905605316,0.19833609461784363
24-11-1980,0.4680109918117523,0.4680109918117523,22596,0.4713299870491028,0.4713299870491028,0.20069153606891632
25-11-1980,0.47464901208877563,0.47464901208877563,33893,0.4779689908027649,0.4779689908027649,0.20351850986480713
26-11-1980,0.4801810085773468,0.4801810085773468,11298,0.4801810085773468,0.4801810085773468,0.20446038246154785
28-11-1980,0.4801810085773468,0.4801810085773468,0,0.4801810085773468,0.4801810085773468,0.20446038246154785
01-12-1980,0.48350098729133606,0.48350098729133606,56489,0.48350098729133606,0.48350098729133606,0.2058740258216858
02-12-1980,0.48350098729133606,0.48350098729133606,0,0.48350098729133606,0.48350098729133606,0.2058740258216858
03-12-1980,0.4801810085773468,0.48350098729133606,79085,0.48350098729133606,0.4801810085773468,0.20446038246154785
04-12-1980,0.48350098729133606,0.48350098729133606,45191,0.4868200123310089,0.4868200123310089,0.20728731155395508
05-12-1980,0.48350098729133606,0.4868200123310089,45191,0.4868200123310089,0.48350098729133606,0.2058740258216858
08-12-1980,0.47464901208877563,0.48350098729133606,45191,0.48350098729133606,0.47464901208877563,0.20210479199886322
09-12-1980,0.47464901208877563,0.47464901208877563,0,0.47464901208877563,0.47464901208877563,0.20210479199886322
10-12-1980,0.47464901208877563,0.47464901208877563,180765,0.47464901208877563,0.47464901208877563,0.20210479199886322
11-12-1980,0.46247899532318115,0.4680109918117523,45191,0.4680109918117523,0.46247899532318115,0.19692283868789673
12-12-1980,0.4591600000858307,0.46247899532318115,56489,0.4657979905605316,0.4591600000858307,0.19550979137420654
15-12-1980,0.4591600000858307,0.4591600000858307,0,0.4591600000858307,0.4591600000858307,0.19550979137420654
16-12-1980,0.4591600000858307,0.4591600000858307,0,0.4591600000858307,0.4591600000858307,0.19550979137420654
17-12-1980,0.4591600000858307,0.4591600000858307,22596,0.4591600000858307,0.4591600000858307,0.19550979137420654
18-12-1980,0.4591600000858307,0.4591600000858307,67787,0.4680109918117523,0.4680109918117523,0.19927836954593658
19-12-1980,0.4713299870491028,0.4713299870491028,67787,0.48350098729133606,0.48350098729133606,0.2058740258216858
22-12-1980,0.48350098729133606,0.48350098729133606,0,0.48350098729133606,0.48350098729133606,0.2058740258216858
23-12-1980,0.48350098729133606,0.48350098729133606,11298,0.48350098729133606,0.48350098729133606,0.2058740258216858
24-12-1980,0.4801810085773468,0.4801810085773468,11298,0.4801810085773468,0.4801810085773468,0.20446038246154785
26-12-1980,0.4779689908027649,0.4779689908027649,22596,0.4779689908027649,0.4779689908027649,0.20351850986480713
29-12-1980,0.47464901208877563,0.47464901208877563,45191,0.47464901208877563,0.47464901208877563,0.20210479199886322
30-12-1980,0.47464901208877563,0.47464901208877563,45191,0.4779689908027649,0.4779689908027649,0.20351850986480713
31-12-1980,0.4801810085773468,0.4801810085773468,22596,0.4801810085773468,0.4801810085773468,0.20446038246154785
02-01-1981,0.4779689908027649,0.4779689908027649,22596,0.4779689908027649,0.4779689908027649,0.20351850986480713
05-01-1981,0.47464901208877563,0.4779689908027649,203361,0.4801810085773468,0.47464901208877563,0.20210479199886322
06-01-1981,0.4801810085773468,0.4801810085773468,158169,0.4868200123310089,0.4868200123310089,0.20728731155395508
07-01-1981,0.4779689908027649,0.4801810085773468,90383,0.4801810085773468,0.4801810085773468,0.20446038246154785
08-01-1981,0.4801810085773468,0.4801810085773468,33893,0.4801810085773468,0.4801810085773468,0.20446038246154785
09-01-1981,0.4801810085773468,0.4801810085773468,0,0.4801810085773468,0.4801810085773468,0.20446038246154785
12-01-1981,0.4801810085773468,0.4801810085773468,22596,0.48350098729133606,0.4801810085773468,0.20446038246154785
13-01-1981,0.4801810085773468,0.4801810085773468,0,0.4801810085773468,0.4801810085773468,0.20446038246154785
14-01-1981,0.4779689908027649,0.4779689908027649,33893,0.4779689908027649,0.4779689908027649,0.20351850986480713
15-01-1981,0.4801810085773468,0.4801810085773468,11298,0.4801810085773468,0.4801810085773468,0.20446038246154785
16-01-1981,0.4801810085773468,0.4801810085773468,0,0.4801810085773468,0.4801810085773468,0.20446038246154785
19-01-1981,0.47464901208877563,0.4801810085773468,45191,0.4801810085773468,0.47464901208877563,0.20210479199886322
20-01-1981,0.46247899532318115,0.4713299870491028,79085,0.4713299870491028,0.46247899532318115,0.19692283868789673
21-01-1981,0.46247899532318115,0.46247899532318115,0,0.46247899532318115,0.46247899532318115,0.19692283868789673
22-01-1981,0.46247899532318115,0.46247899532318115,22596,0.46247899532318115,0.46247899532318115,0.19692283868789673
23-01-1981,0.46247899532318115,0.46247899532318115,0,0.46247899532318115,0.46247899532318115,0.19692283868789673
26-01-1981,0.4591600000858307,0.4591600000858307,22596,0.4591600000858307,0.4591600000858307,0.19550979137420654
27-01-1981,0.4536280035972595,0.45694699883461,22596,0.45694699883461,0.4536280035972595,0.19315411150455475
28-01-1981,0.45694699883461,0.45694699883461,22596,0.4591600000858307,0.4591600000858307,0.19550979137420654
29-01-1981,0.45694699883461,0.4591600000858307,67787,0.4591600000858307,0.4591600000858307,0.19550979137420654
30-01-1981,0.4591600000858307,0.4591600000858307,79085,0.46247899532318115,0.4591600000858307,0.19550979137420654
02-02-1981,0.4536280035972595,0.45694699883461,33893,0.45694699883461,0.4536280035972595,0.19315411150455475
03-02-1981,0.4536280035972595,0.4536280035972595,0,0.4536280035972595,0.4536280035972595,0.19315411150455475
04-02-1981,0.4536280035972595,0.4536280035972595,67787,0.4536280035972595,0.4536280035972595,0.19315411150455475
05-02-1981,0.45694699883461,0.45694699883461,22596,0.45694699883461,0.45694699883461,0.19456733763217926
06-02-1981,0.45694699883461,0.45694699883461,146872,0.4591600000858307,0.4591600000858307,0.19550979137420654
09-02-1981,0.45694699883461,0.45694699883461,67787,0.45694699883461,0.45694699883461,0.19456733763217926
10-02-1981,0.45694699883461,0.45694699883461,79085,0.45694699883461,0.45694699883461,0.19456733763217926
11-02-1981,0.45694699883461,0.45694699883461,79085,0.4591600000858307,0.4591600000858307,0.19550979137420654
12-02-1981,0.4591600000858307,0.4591600000858307,22596,0.4591600000858307,0.4591600000858307,0.19550979137420654
13-02-1981,0.46247899532318115,0.46247899532318115,22596,0.46247899532318115,0.46247899532318115,0.19692283868789673
17-02-1981,0.46247899532318115,0.46247899532318115,11298,0.46247899532318115,0.46247899532318115,0.19692283868789673
18-02-1981,0.46247899532318115,0.46247899532318115,0,0.46247899532318115,0.46247899532318115,0.19692283868789673
19-02-1981,0.46247899532318115,0.46247899532318115,33893,0.46247899532318115,0.46247899532318115,0.19692283868789673
20-02-1981,0.46247899532318115,0.46247899532318115,22596,0.46247899532318115,0.46247899532318115,0.19692283868789673
23-02-1981,0.4680109918117523,0.4680109918117523,101680,0.47464901208877563,0.47464901208877563,0.20210479199886322
24-02-1981,0.4779689908027649,0.4779689908027649,90383,0.4868200123310089,0.4868200123310089,0.20728731155395508
25-02-1981,0.4890330135822296,0.4890330135822296,192063,0.49567100405693054,0.49567100405693054,0.21105599403381348
26-02-1981,0.49788400530815125,0.49788400530815125,33893,0.5045220255851746,0.5045220255851746,0.21482466161251068
27-02-1981,0.5012030005455017,0.5012030005455017,11298,0.5012030005455017,0.5012030005455017,0.2134116291999817
02-03-1981,0.5045220255851746,0.5045220255851746,79085,0.5166929960250854,0.5166929960250854,0.22000710666179657
03-03-1981,0.5133739709854126,0.5166929960250854,33893,0.5166929960250854,0.5166929960250854,0.22000710666179657
04-03-1981,0.5166929960250854,0.5166929960250854,11298,0.5166929960250854,0.5166929960250854,0.22000710666179657
05-03-1981,0.5189059972763062,0.5189059972763062,11298,0.5189059972763062,0.5189059972763062,0.22094957530498505
06-03-1981,0.5166929960250854,0.5166929960250854,11298,0.5166929960250854,0.5166929960250854,0.22000710666179657
09-03-1981,0.5133739709854126,0.5133739709854126,22596,0.5133739709854126,0.5133739709854126,0.21859385073184967
10-03-1981,0.5100539922714233,0.5133739709854126,33893,0.5133739709854126,0.5100539922714233,0.21718032658100128
11-03-1981,0.5078420042991638,0.5078420042991638,56489,0.5078420042991638,0.5078420042991638,0.216238334774971
12-03-1981,0.5078420042991638,0.5078420042991638,0,0.5078420042991638,0.5078420042991638,0.216238334774971
13-03-1981,0.5078420042991638,0.5078420042991638,22596,0.5100539922714233,0.5100539922714233,0.21718032658100128
16-03-1981,0.5100539922714233,0.5100539922714233,0,0.5100539922714233,0.5100539922714233,0.21718032658100128
17-03-1981,0.5133739709854126,0.5133739709854126,56489,0.5189059972763062,0.5189059972763062,0.22094957530498505
18-03-1981,0.5166929960250854,0.5166929960250854,22596,0.5166929960250854,0.5166929960250854,0.22000710666179657
19-03-1981,0.5166929960250854,0.5166929960250854,124276,0.5189059972763062,0.5189059972763062,0.22094957530498505
20-03-1981,0.5189059972763062,0.5189059972763062,0,0.5189059972763062,0.5189059972763062,0.22094957530498505
23-03-1981,0.5166929960250854,0.5166929960250854,22596,0.5166929960250854,0.5166929960250854,0.22000710666179657
24-03-1981,0.5189059972763062,0.5189059972763062,124276,0.5310760140419006,0.5310760140419006,0.2261313796043396
25-03-1981,0.5255439877510071,0.5277569890022278,101680,0.5277569890022278,0.5277569890022278,0.22471822798252106
26-03-1981,0.5310760140419006,0.5310760140419006,11298,0.5310760140419006,0.5310760140419006,0.2261313796043396
27-03-1981,0.5343949794769287,0.5343949794769287,22596,0.5377150177955627,0.5377150177955627,0.22895821928977966
30-03-1981,0.5399280190467834,0.5399280190467834,22596,0.5399280190467834,0.5399280190467834,0.22990049421787262
31-03-1981,0.5432469844818115,0.5432469844818115,45191,0.5487790107727051,0.5487790107727051,0.2336692065000534
01-04-1981,0.5487790107727051,0.5487790107727051,0,0.5487790107727051,0.5487790107727051,0.2336692065000534
02-04-1981,0.5487790107727051,0.5487790107727051,0,0.5487790107727051,0.5487790107727051,0.2336692065000534
03-04-1981,0.5487790107727051,0.5487790107727051,0,0.5487790107727051,0.5487790107727051,0.2336692065000534
06-04-1981,0.5487790107727051,0.5487790107727051,11298,0.5487790107727051,0.5487790107727051,0.2336692065000534
07-04-1981,0.5432469844818115,0.5465660095214844,180765,0.5465660095214844,0.5432469844818115,0.2313138246536255
08-04-1981,0.5465660095214844,0.5465660095214844,11298,0.5465660095214844,0.5465660095214844,0.23272697627544403
09-04-1981,0.5432469844818115,0.5432469844818115,11298,0.5432469844818115,0.5432469844818115,0.2313138246536255
10-04-1981,0.5377150177955627,0.5399280190467834,79085,0.5399280190467834,0.5377150177955627,0.22895821928977966
13-04-1981,0.5377150177955627,0.5377150177955627,0,0.5377150177955627,0.5377150177955627,0.22895821928977966
14-04-1981,0.5377150177955627,0.5377150177955627,0,0.5377150177955627,0.5377150177955627,0.22895821928977966
15-04-1981,0.5310760140419006,0.5343949794769287,33893,0.5343949794769287,0.5310760140419006,0.2261313796043396
16-04-1981,0.5310760140419006,0.5310760140419006,0,0.5310760140419006,0.5310760140419006,0.2261313796043396
20-04-1981,0.5310760140419006,0.5310760140419006,0,0.5310760140419006,0.5310760140419006,0.2261313796043396
21-04-1981,0.5277569890022278,0.5310760140419006,45191,0.5343949794769287,0.5343949794769287,0.2275446206331253
22-04-1981,0.5343949794769287,0.5343949794769287,22596,0.5343949794769287,0.5343949794769287,0.2275446206331253
23-04-1981,0.5343949794769287,0.5343949794769287,11298,0.5343949794769287,0.5343949794769287,0.2275446206331253
24-04-1981,0.5343949794769287,0.5343949794769287,11298,0.5343949794769287,0.5343949794769287,0.2275446206331253
27-04-1981,0.5310760140419006,0.5310760140419006,11298,0.5310760140419006,0.5310760140419006,0.2261313796043396
28-04-1981,0.5310760140419006,0.5310760140419006,124276,0.5377150177955627,0.5310760140419006,0.2261313796043396
29-04-1981,0.5343949794769287,0.5343949794769287,135574,0.5432469844818115,0.5432469844818115,0.2313138246536255
30-04-1981,0.5399280190467834,0.5399280190467834,22596,0.5399280190467834,0.5399280190467834,0.22990049421787262
01-05-1981,0.5399280190467834,0.5399280190467834,56489,0.5399280190467834,0.5399280190467834,0.22990049421787262
04-05-1981,0.5277569890022278,0.5377150177955627,79085,0.5377150177955627,0.5310760140419006,0.2261313796043396
05-05-1981,0.522225022315979,0.5277569890022278,45191,0.5277569890022278,0.522225022315979,0.22236259281635284
06-05-1981,0.5166929960250854,0.5166929960250854,45191,0.5166929960250854,0.5166929960250854,0.22000710666179657
07-05-1981,0.5100539922714233,0.5133739709854126,33893,0.5133739709854126,0.5100539922714233,0.21718032658100128
08-05-1981,0.5078420042991638,0.5078420042991638,22596,0.5078420042991638,0.5078420042991638,0.216238334774971
11-05-1981,0.5045220255851746,0.5078420042991638,67787,0.5078420042991638,0.5045220255851746,0.21482466161251068
12-05-1981,0.49788400530815125,0.5045220255851746,79085,0.5045220255851746,0.49788400530815125,0.21199829876422882
13-05-1981,0.49567100405693054,0.49567100405693054,11298,0.49567100405693054,0.49567100405693054,0.21105599403381348
14-05-1981,0.49567100405693054,0.49567100405693054,33893,0.49788400530815125,0.49788400530815125,0.21199829876422882
15-05-1981,0.49788400530815125,0.49788400530815125,56489,0.49788400530815125,0.49788400530815125,0.21199829876422882
18-05-1981,0.4923520088195801,0.4923520088195801,1028101,0.4923520088195801,0.4923520088195801,0.20964278280735016
19-05-1981,0.49567100405693054,0.49567100405693054,101680,0.49788400530815125,0.49788400530815125,0.21199829876422882
20-05-1981,0.4923520088195801,0.49788400530815125,124276,0.49788400530815125,0.49788400530815125,0.21199829876422882
21-05-1981,0.49788400530815125,0.49788400530815125,248552,0.5045220255851746,0.5045220255851746,0.21482466161251068
22-05-1981,0.5078420042991638,0.5078420042991638,135574,0.522225022315979,0.522225022315979,0.22236259281635284
26-05-1981,0.522225022315979,0.522225022315979,56489,0.5255439877510071,0.5255439877510071,0.22377587854862213
27-05-1981,0.5255439877510071,0.5255439877510071,45191,0.5310760140419006,0.5310760140419006,0.2261313796043396
28-05-1981,0.5277569890022278,0.5310760140419006,90383,0.5310760140419006,0.5277569890022278,0.22471822798252106
29-05-1981,0.5255439877510071,0.5277569890022278,45191,0.5310760140419006,0.5255439877510071,0.22377587854862213
01-06-1981,0.522225022315979,0.522225022315979,56489,0.522225022315979,0.522225022315979,0.22236259281635284
02-06-1981,0.522225022315979,0.522225022315979,33893,0.522225022315979,0.522225022315979,0.22236259281635284
03-06-1981,0.522225022315979,0.522225022315979,45191,0.522225022315979,0.522225022315979,0.22236259281635284
04-06-1981,0.5189059972763062,0.5189059972763062,22596,0.5189059972763062,0.5189059972763062,0.22094957530498505
05-06-1981,0.5166929960250854,0.5166929960250854,768251,0.5166929960250854,0.5166929960250854,0.22000710666179657
08-06-1981,0.5166929960250854,0.5166929960250854,90383,0.5189059972763062,0.5166929960250854,0.22000710666179657
09-06-1981,0.522225022315979,0.522225022315979,124276,0.5277569890022278,0.5255439877510071,0.22377587854862213
10-06-1981,0.5255439877510071,0.5255439877510071,203361,0.5343949794769287,0.5255439877510071,0.22377587854862213
11-06-1981,0.5255439877510071,0.5255439877510071,0,0.5255439877510071,0.5255439877510071,0.22377587854862213
12-06-1981,0.522225022315979,0.522225022315979,22596,0.522225022315979,0.522225022315979,0.22236259281635284
15-06-1981,0.522225022315979,0.522225022315979,0,0.522225022315979,0.522225022315979,0.22236259281635284
16-06-1981,0.522225022315979,0.522225022315979,0,0.522225022315979,0.522225022315979,0.22236259281635284
17-06-1981,0.522225022315979,0.522225022315979,22596,0.522225022315979,0.522225022315979,0.22236259281635284
18-06-1981,0.5255439877510071,0.5255439877510071,45191,0.5277569890022278,0.5277569890022278,0.22471822798252106
19-06-1981,0.5255439877510071,0.5255439877510071,11298,0.5255439877510071,0.5255439877510071,0.22377587854862213
22-06-1981,0.5277569890022278,0.5277569890022278,11298,0.5277569890022278,0.5277569890022278,0.22471822798252106
23-06-1981,0.5310760140419006,0.5310760140419006,67787,0.5343949794769287,0.5343949794769287,0.2275446206331253
24-06-1981,0.5343949794769287,0.5343949794769287,0,0.5343949794769287,0.5343949794769287,0.2275446206331253
25-06-1981,0.5377150177955627,0.5377150177955627,45191,0.5432469844818115,0.5432469844818115,0.2313138246536255
26-06-1981,0.5432469844818115,0.5432469844818115,0,0.5432469844818115,0.5432469844818115,0.2313138246536255
29-06-1981,0.5432469844818115,0.5432469844818115,11298,0.5432469844818115,0.5432469844818115,0.2313138246536255
30-06-1981,0.5432469844818115,0.5432469844818115,0,0.5432469844818115,0.5432469844818115,0.2313138246536255
01-07-1981,0.5465660095214844,0.5465660095214844,90383,0.5520979762077332,0.5520979762077332,0.2350827008485794
02-07-1981,0.5520979762077332,0.5520979762077332,90383,0.555417001247406,0.555417001247406,0.23649585247039795
06-07-1981,0.555417001247406,0.555417001247406,0,0.555417001247406,0.555417001247406,0.23649585247039795
07-07-1981,0.555417001247406,0.555417001247406,0,0.555417001247406,0.555417001247406,0.23649585247039795
08-07-1981,0.5520979762077332,0.5520979762077332,56489,0.5520979762077332,0.5520979762077332,0.2350827008485794
09-07-1981,0.5487790107727051,0.5487790107727051,146872,0.5487790107727051,0.5487790107727051,0.2336692065000534
10-07-1981,0.5487790107727051,0.5487790107727051,0,0.5487790107727051,0.5487790107727051,0.2336692065000534
13-07-1981,0.5465660095214844,0.5465660095214844,11298,0.5465660095214844,0.5465660095214844,0.23272697627544403
14-07-1981,0.5432469844818115,0.5465660095214844,33893,0.5465660095214844,0.5432469844818115,0.2313138246536255
15-07-1981,0.5465660095214844,0.5465660095214844,192063,0.5520979762077332,0.5487790107727051,0.2336692065000534
16-07-1981,0.5487790107727051,0.5487790107727051,22596,0.5487790107727051,0.5487790107727051,0.2336692065000534
17-07-1981,0.5377150177955627,0.5377150177955627,56489,0.5377150177955627,0.5377150177955627,0.22895821928977966
20-07-1981,0.5377150177955627,0.5377150177955627,0,0.5377150177955627,0.5377150177955627,0.22895821928977966
21-07-1981,0.5332890152931213,0.5332890152931213,5649,0.5332890152931213,0.5332890152931213,0.22707368433475494
22-07-1981,0.5310760140419006,0.5332890152931213,11298,0.5332890152931213,0.5310760140419006,0.2261313796043396
23-07-1981,0.5310760140419006,0.5310760140419006,5649,0.5310760140419006,0.5310760140419006,0.2261313796043396
24-07-1981,0.5310760140419006,0.5310760140419006,11298,0.5310760140419006,0.5310760140419006,0.2261313796043396
27-07-1981,0.5310760140419006,0.5310760140419006,124276,0.5399280190467834,0.5399280190467834,0.22990049421787262
28-07-1981,0.5332890152931213,0.5399280190467834,56489,0.5399280190467834,0.5332890152931213,0.22707368433475494
29-07-1981,0.5332890152931213,0.5332890152931213,11298,0.5332890152931213,0.5332890152931213,0.22707368433475494
30-07-1981,0.5399280190467834,0.5399280190467834,22596,0.5399280190467834,0.5399280190467834,0.22990049421787262
31-07-1981,0.542140007019043,0.542140007019043,11298,0.542140007019043,0.542140007019043,0.23084256052970886
03-08-1981,0.5377150177955627,0.5399280190467834,11298,0.5399280190467834,0.5377150177955627,0.22895821928977966
04-08-1981,0.5310760140419006,0.5377150177955627,163818,0.5399280190467834,0.5399280190467834,0.22990049421787262
05-08-1981,0.542140007019043,0.542140007019043,45191,0.5576300024986267,0.5576300024986267,0.2374381124973297
06-08-1981,0.5576300024986267,0.5576300024986267,0,0.5576300024986267,0.5576300024986267,0.2374381124973297
07-08-1981,0.5576300024986267,0.5576300024986267,56489,0.5598430037498474,0.5598430037498474,0.23838035762310028
10-08-1981,0.5664809942245483,0.5664809942245483,11298,0.568693995475769,0.568693995475769,0.24214918911457062
11-08-1981,0.568693995475769,0.568693995475769,33893,0.5753329992294312,0.568693995475769,0.24214918911457062
12-08-1981,0.568693995475769,0.568693995475769,50840,0.568693995475769,0.568693995475769,0.24214918911457062
13-08-1981,0.568693995475769,0.568693995475769,0,0.568693995475769,0.568693995475769,0.24214918911457062
14-08-1981,0.568693995475769,0.568693995475769,11298,0.5731199979782104,0.5731199979782104,0.24403366446495056
17-08-1981,0.568693995475769,0.568693995475769,5649,0.568693995475769,0.568693995475769,0.24214918911457062
18-08-1981,0.568693995475769,0.568693995475769,0,0.568693995475769,0.568693995475769,0.24214918911457062
19-08-1981,0.568693995475769,0.568693995475769,0,0.568693995475769,0.568693995475769,0.24214918911457062
20-08-1981,0.5642690062522888,0.5642690062522888,28245,0.5642690062522888,0.5642690062522888,0.24026481807231903
21-08-1981,0.5598430037498474,0.5598430037498474,5649,0.5598430037498474,0.5598430037498474,0.23838035762310028
24-08-1981,0.5509920120239258,0.5576300024986267,33893,0.5576300024986267,0.5509920120239258,0.2346116006374359
25-08-1981,0.5399280190467834,0.5465660095214844,45191,0.5465660095214844,0.5399280190467834,0.22990049421787262
26-08-1981,0.542140007019043,0.542140007019043,11298,0.542140007019043,0.542140007019043,0.23084256052970886
27-08-1981,0.542140007019043,0.542140007019043,0,0.542140007019043,0.542140007019043,0.23084256052970886
28-08-1981,0.5399280190467834,0.5399280190467834,11298,0.5399280190467834,0.5399280190467834,0.22990049421787262
31-08-1981,0.5399280190467834,0.5399280190467834,11298,0.5399280190467834,0.5399280190467834,0.22990049421787262
01-09-1981,0.5288630127906799,0.5332890152931213,33893,0.5332890152931213,0.5288630127906799,0.22518903017044067
02-09-1981,0.5288630127906799,0.5288630127906799,0,0.5288630127906799,0.5288630127906799,0.22518903017044067
03-09-1981,0.5310760140419006,0.5310760140419006,28245,0.5310760140419006,0.5310760140419006,0.2261313796043396
04-09-1981,0.5244380235671997,0.5244380235671997,11298,0.5244380235671997,0.5244380235671997,0.22330501675605774
08-09-1981,0.5155869722366333,0.522225022315979,11298,0.522225022315979,0.5155869722366333,0.21953625977039337
09-09-1981,0.5067350268363953,0.5133739709854126,50840,0.5133739709854126,0.5067350268363953,0.2157670557498932
10-09-1981,0.5045220255851746,0.5045220255851746,5649,0.5045220255851746,0.5045220255851746,0.21482466161251068
11-09-1981,0.49788400530815125,0.5000969767570496,22596,0.5000969767570496,0.49788400530815125,0.21199829876422882
14-09-1981,0.49788400530815125,0.49788400530815125,0,0.49788400530815125,0.49788400530815125,0.21199829876422882
15-09-1981,0.4912460148334503,0.49567100405693054,11298,0.49567100405693054,0.4912460148334503,0.2091718167066574
16-09-1981,0.4912460148334503,0.4912460148334503,0,0.4912460148334503,0.4912460148334503,0.2091718167066574
17-09-1981,0.4912460148334503,0.4912460148334503,0,0.4912460148334503,0.4912460148334503,0.2091718167066574
18-09-1981,0.4912460148334503,0.4912460148334503,0,0.4912460148334503,0.4912460148334503,0.2091718167066574
21-09-1981,0.4735429883003235,0.4890330135822296,79085,0.4890330135822296,0.4735429883003235,0.20163390040397644
22-09-1981,0.4779689908027649,0.4779689908027649,11298,0.4779689908027649,0.4779689908027649,0.20351850986480713
23-09-1981,0.4779689908027649,0.4779689908027649,0,0.4779689908027649,0.4779689908027649,0.20351850986480713
24-09-1981,0.4779689908027649,0.4779689908027649,28245,0.4823940098285675,0.4779689908027649,0.20351850986480713
25-09-1981,0.4735429883003235,0.4779689908027649,33893,0.4779689908027649,0.4735429883003235,0.20163390040397644
28-09-1981,0.4469889998435974,0.4691169857978821,192063,0.4691169857978821,0.46247899532318115,0.19692283868789673
29-09-1981,0.4691169857978821,0.4691169857978821,96031,0.4779689908027649,0.4735429883003235,0.20163390040397644
30-09-1981,0.4735429883003235,0.4735429883003235,0,0.4735429883003235,0.4735429883003235,0.20163390040397644
01-10-1981,0.4492020010948181,0.4735429883003235,7942362,0.4735429883003235,0.4735429883003235,0.20163390040397644
02-10-1981,0.4735429883003235,0.4735429883003235,56489,0.4779689908027649,0.4779689908027649,0.20351850986480713
05-10-1981,0.4779689908027649,0.4779689908027649,96031,0.49567100405693054,0.49567100405693054,0.21105599403381348
06-10-1981,0.4779689908027649,0.4779689908027649,1208866,0.4779689908027649,0.4779689908027649,0.20351850986480713
07-10-1981,0.4735429883003235,0.4779689908027649,1208866,0.4779689908027649,0.4735429883003235,0.20163390040397644
08-10-1981,0.4779689908027649,0.4779689908027649,79085,0.4823940098285675,0.4823940098285675,0.20540271699428558
09-10-1981,0.4868200123310089,0.4868200123310089,299392,0.49567100405693054,0.49567100405693054,0.21105599403381348
12-10-1981,0.49567100405693054,0.49567100405693054,33893,0.49567100405693054,0.49567100405693054,0.21105599403381348
13-10-1981,0.4912460148334503,0.49567100405693054,67787,0.49788400530815125,0.49788400530815125,0.21199829876422882
14-10-1981,0.4890330135822296,0.49788400530815125,259850,0.49788400530815125,0.49567100405693054,0.21105599403381348
15-10-1981,0.49788400530815125,0.49788400530815125,79085,0.49788400530815125,0.49788400530815125,0.21199829876422882
16-10-1981,0.49788400530815125,0.49788400530815125,28245,0.49788400530815125,0.49788400530815125,0.21199829876422882
19-10-1981,0.49788400530815125,0.49788400530815125,90383,0.5000969767570496,0.5000969767570496,0.21294066309928894
20-10-1981,0.49788400530815125,0.5000969767570496,824740,0.5000969767570496,0.5000969767570496,0.21294066309928894
21-10-1981,0.49788400530815125,0.5000969767570496,79085,0.5045220255851746,0.5045220255851746,0.21482466161251068
22-10-1981,0.5067350268363953,0.5067350268363953,5649,0.5067350268363953,0.5067350268363953,0.2157670557498932
23-10-1981,0.5000969767570496,0.5045220255851746,33893,0.5045220255851746,0.5000969767570496,0.21294066309928894
26-10-1981,0.49567100405693054,0.5000969767570496,101680,0.5067350268363953,0.49567100405693054,0.21105599403381348
27-10-1981,0.4823940098285675,0.4890330135822296,67787,0.4890330135822296,0.4823940098285675,0.20540271699428558
28-10-1981,0.4823940098285675,0.4823940098285675,96031,0.4868200123310089,0.4868200123310089,0.20728731155395508
29-10-1981,0.4912460148334503,0.4912460148334503,33893,0.4912460148334503,0.4912460148334503,0.2091718167066574
30-10-1981,0.49788400530815125,0.49788400530815125,192063,0.5133739709854126,0.508948028087616,0.2167092263698578
02-11-1981,0.5177990198135376,0.5177990198135376,73436,0.5288630127906799,0.5288630127906799,0.22518903017044067
03-11-1981,0.5288630127906799,0.5288630127906799,90383,0.5288630127906799,0.5288630127906799,0.22518903017044067
04-11-1981,0.5288630127906799,0.5288630127906799,73436,0.5377150177955627,0.5377150177955627,0.22895821928977966
05-11-1981,0.542140007019043,0.542140007019043,33893,0.5465660095214844,0.5465660095214844,0.23272697627544403
06-11-1981,0.5487790107727051,0.5487790107727051,163818,0.5642690062522888,0.5642690062522888,0.24026481807231903
09-11-1981,0.5731199979782104,0.5731199979782104,118627,0.5908219814300537,0.5908219814300537,0.2515711486339569
10-11-1981,0.5930349826812744,0.5930349826812744,56489,0.6085249781608582,0.601885974407196,0.25628212094306946
11-11-1981,0.601885974407196,0.601885974407196,0,0.601885974407196,0.601885974407196,0.25628212094306946
12-11-1981,0.601885974407196,0.601885974407196,56489,0.6107379794120789,0.601885974407196,0.25628212094306946
13-11-1981,0.5886099934577942,0.5974609851837158,858634,0.5974609851837158,0.5886099934577942,0.25062912702560425
16-11-1981,0.5819709897041321,0.5819709897041321,45191,0.5819709897041321,0.5819709897041321,0.2478024810552597
17-11-1981,0.5753329992294312,0.5819709897041321,67787,0.5841839909553528,0.5841839909553528,0.24874478578567505
18-11-1981,0.5841839909553528,0.5841839909553528,0,0.5841839909553528,0.5841839909553528,0.24874478578567505
19-11-1981,0.5819709897041321,0.5819709897041321,11298,0.5819709897041321,0.5819709897041321,0.2478024810552597
20-11-1981,0.5819709897041321,0.5819709897041321,22596,0.5819709897041321,0.5819709897041321,0.2478024810552597
23-11-1981,0.5819709897041321,0.5819709897041321,101680,0.5886099934577942,0.5886099934577942,0.25062912702560425
24-11-1981,0.5841839909553528,0.5841839909553528,11298,0.5841839909553528,0.5841839909553528,0.24874478578567505
25-11-1981,0.5841839909553528,0.5841839909553528,0,0.5841839909553528,0.5841839909553528,0.24874478578567505
27-11-1981,0.5841839909553528,0.5841839909553528,0,0.5841839909553528,0.5841839909553528,0.24874478578567505
30-11-1981,0.5908219814300537,0.5908219814300537,101680,0.5974609851837158,0.5974609851837158,0.25439807772636414
01-12-1981,0.5996739864349365,0.5996739864349365,22596,0.5996739864349365,0.5996739864349365,0.25534018874168396
02-12-1981,0.5996739864349365,0.5996739864349365,0,0.5996739864349365,0.5996739864349365,0.25534018874168396
03-12-1981,0.5886099934577942,0.5908219814300537,237254,0.5908219814300537,0.5886099934577942,0.25062912702560425
04-12-1981,0.5886099934577942,0.5886099934577942,33893,0.5930349826812744,0.5908219814300537,0.2515711486339569
07-12-1981,0.5974609851837158,0.5974609851837158,112978,0.5996739864349365,0.5996739864349365,0.25534018874168396
08-12-1981,0.5996739864349365,0.5996739864349365,0,0.5996739864349365,0.5996739864349365,0.25534018874168396
09-12-1981,0.5974609851837158,0.5996739864349365,412370,0.6063119769096375,0.601885974407196,0.25628212094306946
10-12-1981,0.601885974407196,0.601885974407196,214658,0.6085249781608582,0.601885974407196,0.25628212094306946
11-12-1981,0.5930349826812744,0.601885974407196,73436,0.601885974407196,0.5930349826812744,0.25251340866088867
14-12-1981,0.5930349826812744,0.5930349826812744,112978,0.5996739864349365,0.5930349826812744,0.25251340866088867
15-12-1981,0.5930349826812744,0.5930349826812744,73436,0.5930349826812744,0.5930349826812744,0.25251340866088867
16-12-1981,0.5908219814300537,0.5930349826812744,79085,0.5930349826812744,0.5930349826812744,0.25251340866088867
17-12-1981,0.5841839909553528,0.5930349826812744,90383,0.5930349826812744,0.5841839909553528,0.24874478578567505
18-12-1981,0.5775449872016907,0.5819709897041321,33893,0.5819709897041321,0.5775449872016907,0.24591787159442902
21-12-1981,0.5753329992294312,0.5775449872016907,96031,0.5819709897041321,0.5819709897041321,0.2478024810552597
22-12-1981,0.5819709897041321,0.5819709897041321,22596,0.5886099934577942,0.5819709897041321,0.2478024810552597
23-12-1981,0.5886099934577942,0.5886099934577942,11298,0.5886099934577942,0.5886099934577942,0.25062912702560425
24-12-1981,0.5841839909553528,0.5841839909553528,5649,0.5841839909553528,0.5841839909553528,0.24874478578567505
28-12-1981,0.5974609851837158,0.5974609851837158,214658,0.601885974407196,0.5974609851837158,0.25439807772636414
29-12-1981,0.5996739864349365,0.5996739864349365,5649,0.5996739864349365,0.5996739864349365,0.25534018874168396
30-12-1981,0.5996739864349365,0.5996739864349365,50840,0.6063119769096375,0.5996739864349365,0.25534018874168396
31-12-1981,0.601885974407196,0.601885974407196,56489,0.6173760294914246,0.6173760294914246,0.2628777325153351
04-01-1982,0.6151630282402039,0.6151630282402039,5649,0.6151630282402039,0.6151630282402039,0.2619355618953705
05-01-1982,0.6151630282402039,0.6151630282402039,56489,0.6173760294914246,0.6151630282402039,0.2619355618953705
06-01-1982,0.6085249781608582,0.6085249781608582,33893,0.6085249781608582,0.6085249781608582,0.2591090798377991
07-01-1982,0.5930349826812744,0.601885974407196,214658,0.601885974407196,0.5996739864349365,0.25534018874168396
08-01-1982,0.5753329992294312,0.5819709897041321,146872,0.5819709897041321,0.5775449872016907,0.24591787159442902
11-01-1982,0.568693995475769,0.5753329992294312,22596,0.5753329992294312,0.568693995475769,0.24214918911457062
12-01-1982,0.5155869722366333,0.5664809942245483,180765,0.5664809942245483,0.5155869722366333,0.21953625977039337
13-01-1982,0.49788400530815125,0.508948028087616,146872,0.508948028087616,0.5000969767570496,0.21294066309928894
14-01-1982,0.5000969767570496,0.5000969767570496,0,0.5000969767570496,0.5000969767570496,0.21294066309928894
15-01-1982,0.4912460148334503,0.49788400530815125,101680,0.49788400530815125,0.49788400530815125,0.21199829876422882
18-01-1982,0.49788400530815125,0.49788400530815125,33893,0.5045220255851746,0.49788400530815125,0.21199829876422882
19-01-1982,0.49567100405693054,0.49788400530815125,50840,0.49788400530815125,0.49567100405693054,0.21105599403381348
20-01-1982,0.4912460148334503,0.49567100405693054,73436,0.49788400530815125,0.4912460148334503,0.2091718167066574
21-01-1982,0.4890330135822296,0.4912460148334503,547944,0.5067350268363953,0.5045220255851746,0.21482466161251068
22-01-1982,0.5067350268363953,0.5067350268363953,101680,0.5244380235671997,0.5244380235671997,0.22330501675605774
25-01-1982,0.5177990198135376,0.522225022315979,22596,0.522225022315979,0.5177990198135376,0.22047799825668335
26-01-1982,0.5288630127906799,0.5288630127906799,321988,0.542140007019043,0.5332890152931213,0.22707368433475494
27-01-1982,0.5288630127906799,0.5310760140419006,28245,0.5310760140419006,0.5288630127906799,0.22518903017044067
28-01-1982,0.5310760140419006,0.5310760140419006,11298,0.5332890152931213,0.5332890152931213,0.22707368433475494
29-01-1982,0.5332890152931213,0.5332890152931213,28245,0.5399280190467834,0.5399280190467834,0.22990049421787262
01-02-1982,0.5377150177955627,0.5399280190467834,186414,0.5399280190467834,0.5399280190467834,0.22990049421787262
02-02-1982,0.5399280190467834,0.5399280190467834,0,0.5399280190467834,0.5399280190467834,0.22990049421787262
03-02-1982,0.542140007019043,0.542140007019043,28245,0.5487790107727051,0.5487790107727051,0.2336692065000534
04-02-1982,0.542140007019043,0.542140007019043,5649,0.542140007019043,0.542140007019043,0.23084256052970886
05-02-1982,0.5465660095214844,0.5465660095214844,28245,0.5487790107727051,0.5487790107727051,0.2336692065000534
08-02-1982,0.5288630127906799,0.542140007019043,79085,0.542140007019043,0.5288630127906799,0.22518903017044067
09-02-1982,0.522225022315979,0.5288630127906799,79085,0.5288630127906799,0.5288630127906799,0.22518903017044067
10-02-1982,0.5244380235671997,0.5288630127906799,33893,0.5310760140419006,0.5310760140419006,0.2261313796043396
11-02-1982,0.5310760140419006,0.5310760140419006,33893,0.5310760140419006,0.5310760140419006,0.2261313796043396
12-02-1982,0.522225022315979,0.5244380235671997,11298,0.5244380235671997,0.522225022315979,0.22236259281635284
16-02-1982,0.5244380235671997,0.5244380235671997,56489,0.5310760140419006,0.5310760140419006,0.2261313796043396
17-02-1982,0.5244380235671997,0.5244380235671997,5649,0.5244380235671997,0.5244380235671997,0.22330501675605774
18-02-1982,0.5177990198135376,0.522225022315979,28245,0.522225022315979,0.5177990198135376,0.22047799825668335
19-02-1982,0.5133739709854126,0.5155869722366333,11298,0.5155869722366333,0.5133739709854126,0.21859385073184967
22-02-1982,0.5045220255851746,0.508948028087616,101680,0.508948028087616,0.5045220255851746,0.21482466161251068
23-02-1982,0.49567100405693054,0.5045220255851746,146872,0.5155869722366333,0.5155869722366333,0.21953625977039337
24-02-1982,0.5155869722366333,0.5155869722366333,22596,0.5155869722366333,0.5155869722366333,0.21953625977039337
25-02-1982,0.5067350268363953,0.5133739709854126,45191,0.5133739709854126,0.5067350268363953,0.2157670557498932
26-02-1982,0.5067350268363953,0.5067350268363953,0,0.5067350268363953,0.5067350268363953,0.2157670557498932
01-03-1982,0.5045220255851746,0.5045220255851746,22596,0.5045220255851746,0.5045220255851746,0.21482466161251068
02-03-1982,0.5045220255851746,0.5045220255851746,73436,0.5155869722366333,0.5155869722366333,0.21953625977039337
03-03-1982,0.5133739709854126,0.5155869722366333,28245,0.5177990198135376,0.5177990198135376,0.22047799825668335
04-03-1982,0.5177990198135376,0.5177990198135376,141223,0.5310760140419006,0.5288630127906799,0.22518903017044067
05-03-1982,0.522225022315979,0.5288630127906799,101680,0.5288630127906799,0.522225022315979,0.22236259281635284
08-03-1982,0.5177990198135376,0.522225022315979,22596,0.522225022315979,0.5177990198135376,0.22047799825668335
09-03-1982,0.522225022315979,0.522225022315979,344583,0.522225022315979,0.522225022315979,0.22236259281635284
10-03-1982,0.522225022315979,0.522225022315979,0,0.522225022315979,0.522225022315979,0.22236259281635284
11-03-1982,0.5244380235671997,0.5244380235671997,28245,0.5310760140419006,0.5244380235671997,0.22330501675605774
12-03-1982,0.5244380235671997,0.5244380235671997,28245,0.5310760140419006,0.5288630127906799,0.22518903017044067
15-03-1982,0.5288630127906799,0.5288630127906799,11298,0.5288630127906799,0.5288630127906799,0.22518903017044067
16-03-1982,0.522225022315979,0.5288630127906799,28245,0.5288630127906799,0.5244380235671997,0.22330501675605774
17-03-1982,0.522225022315979,0.5244380235671997,73436,0.5310760140419006,0.522225022315979,0.22236259281635284
18-03-1982,0.5288630127906799,0.5288630127906799,5649,0.5288630127906799,0.5288630127906799,0.22518903017044067
19-03-1982,0.5310760140419006,0.5310760140419006,33893,0.5377150177955627,0.5377150177955627,0.22895821928977966
22-03-1982,0.5399280190467834,0.5399280190467834,45191,0.5487790107727051,0.5487790107727051,0.2336692065000534
23-03-1982,0.5487790107727051,0.5487790107727051,79085,0.555417001247406,0.5487790107727051,0.2336692065000534
24-03-1982,0.5487790107727051,0.5487790107727051,11298,0.5487790107727051,0.5487790107727051,0.2336692065000534
25-03-1982,0.5487790107727051,0.5487790107727051,214658,0.5642690062522888,0.5642690062522888,0.24026481807231903
26-03-1982,0.5664809942245483,0.5664809942245483,11298,0.5664809942245483,0.5664809942245483,0.24120672047138214
29-03-1982,0.5642690062522888,0.5664809942245483,56489,0.5664809942245483,0.5664809942245483,0.24120672047138214
30-03-1982,0.5642690062522888,0.5642690062522888,5649,0.5642690062522888,0.5642690062522888,0.24026481807231903
31-03-1982,0.5598430037498474,0.5642690062522888,141223,0.5642690062522888,0.5598430037498474,0.23838035762310028
01-04-1982,0.5664809942245483,0.5664809942245483,101680,0.5775449872016907,0.5775449872016907,0.24591787159442902
02-04-1982,0.5819709897041321,0.5819709897041321,209010,0.5930349826812744,0.5930349826812744,0.25251340866088867
05-04-1982,0.5908219814300537,0.5930349826812744,79085,0.601885974407196,0.5996739864349365,0.25534018874168396
06-04-1982,0.5930349826812744,0.5996739864349365,33893,0.601885974407196,0.5930349826812744,0.25251340866088867
07-04-1982,0.5974609851837158,0.5974609851837158,56489,0.6063119769096375,0.601885974407196,0.25628212094306946
08-04-1982,0.6085249781608582,0.6085249781608582,11298,0.6085249781608582,0.6085249781608582,0.2591090798377991
12-04-1982,0.6063119769096375,0.6085249781608582,73436,0.6085249781608582,0.6085249781608582,0.2591090798377991
13-04-1982,0.6085249781608582,0.6085249781608582,5649,0.6085249781608582,0.6085249781608582,0.2591090798377991
14-04-1982,0.601885974407196,0.6085249781608582,79085,0.6085249781608582,0.6063119769096375,0.25816670060157776
15-04-1982,0.6063119769096375,0.6063119769096375,0,0.6063119769096375,0.6063119769096375,0.25816670060157776
16-04-1982,0.6063119769096375,0.6063119769096375,0,0.6063119769096375,0.6063119769096375,0.25816670060157776
19-04-1982,0.6085249781608582,0.6085249781608582,90383,0.6262270212173462,0.6262270212173462,0.2666465938091278
20-04-1982,0.6284400224685669,0.6284400224685669,11298,0.635079026222229,0.635079026222229,0.2704157531261444
21-04-1982,0.6262270212173462,0.6328660249710083,33893,0.6328660249710083,0.6262270212173462,0.2666465938091278
22-04-1982,0.6262270212173462,0.6262270212173462,0,0.6262270212173462,0.6262270212173462,0.2666465938091278
23-04-1982,0.6195889711380005,0.6262270212173462,163818,0.635079026222229,0.635079026222229,0.2704157531261444
26-04-1982,0.6372920274734497,0.6372920274734497,22596,0.6417170166969299,0.6417170166969299,0.27324217557907104
27-04-1982,0.6372920274734497,0.6417170166969299,11298,0.6417170166969299,0.6372920274734497,0.2713581323623657
28-04-1982,0.6284400224685669,0.635079026222229,56489,0.635079026222229,0.6284400224685669,0.2675889730453491
29-04-1982,0.6240149736404419,0.6262270212173462,28245,0.6262270212173462,0.6262270212173462,0.2666465938091278
30-04-1982,0.6173760294914246,0.6240149736404419,50840,0.6240149736404419,0.6173760294914246,0.2628777325153351
03-05-1982,0.6173760294914246,0.6173760294914246,0,0.6173760294914246,0.6173760294914246,0.2628777325153351
04-05-1982,0.6151630282402039,0.6151630282402039,11298,0.6151630282402039,0.6151630282402039,0.2619355618953705
05-05-1982,0.6085249781608582,0.6151630282402039,90383,0.6151630282402039,0.6085249781608582,0.2591090798377991
06-05-1982,0.6085249781608582,0.6085249781608582,11298,0.6107379794120789,0.6085249781608582,0.2591090798377991
07-05-1982,0.6085249781608582,0.6085249781608582,56489,0.6151630282402039,0.6151630282402039,0.2619355618953705
10-05-1982,0.6107379794120789,0.6151630282402039,79085,0.6173760294914246,0.6107379794120789,0.2600513696670532
11-05-1982,0.6085249781608582,0.6085249781608582,5649,0.6085249781608582,0.6085249781608582,0.2591090798377991
12-05-1982,0.6085249781608582,0.6085249781608582,0,0.6085249781608582,0.6085249781608582,0.2591090798377991
13-05-1982,0.6063119769096375,0.6085249781608582,101680,0.6107379794120789,0.6107379794120789,0.2600513696670532
14-05-1982,0.6107379794120789,0.6107379794120789,0,0.6107379794120789,0.6107379794120789,0.2600513696670532
17-05-1982,0.601885974407196,0.6085249781608582,56489,0.6085249781608582,0.601885974407196,0.25628212094306946
18-05-1982,0.5996739864349365,0.601885974407196,146872,0.6063119769096375,0.601885974407196,0.25628212094306946
19-05-1982,0.5974609851837158,0.601885974407196,73436,0.601885974407196,0.601885974407196,0.25628212094306946
20-05-1982,0.601885974407196,0.601885974407196,146872,0.601885974407196,0.601885974407196,0.25628212094306946
21-05-1982,0.601885974407196,0.601885974407196,33893,0.6063119769096375,0.6063119769096375,0.25816670060157776
24-05-1982,0.601885974407196,0.601885974407196,28245,0.601885974407196,0.601885974407196,0.25628212094306946
25-05-1982,0.601885974407196,0.601885974407196,0,0.601885974407196,0.601885974407196,0.25628212094306946
26-05-1982,0.5886099934577942,0.5974609851837158,112978,0.5974609851837158,0.5886099934577942,0.25062912702560425
27-05-1982,0.5753329992294312,0.5841839909553528,56489,0.5841839909553528,0.5753329992294312,0.2449759542942047
28-05-1982,0.5731199979782104,0.5753329992294312,305041,0.5753329992294312,0.5753329992294312,0.2449759542942047
01-06-1982,0.5753329992294312,0.5753329992294312,203361,0.5753329992294312,0.5753329992294312,0.2449759542942047
02-06-1982,0.5753329992294312,0.5753329992294312,33893,0.5775449872016907,0.5775449872016907,0.24591787159442902
03-06-1982,0.5819709897041321,0.5819709897041321,79085,0.5908219814300537,0.5908219814300537,0.2515711486339569
04-06-1982,0.6085249781608582,0.6085249781608582,418019,0.6262270212173462,0.6085249781608582,0.2591090798377991
07-06-1982,0.5974609851837158,0.601885974407196,33893,0.601885974407196,0.5974609851837158,0.25439807772636414
08-06-1982,0.5974609851837158,0.5974609851837158,0,0.5974609851837158,0.5974609851837158,0.25439807772636414
09-06-1982,0.5886099934577942,0.5974609851837158,485806,0.5974609851837158,0.5930349826812744,0.25251340866088867
10-06-1982,0.5908219814300537,0.5930349826812744,146872,0.5930349826812744,0.5930349826812744,0.25251340866088867
11-06-1982,0.5996739864349365,0.5996739864349365,73436,0.6063119769096375,0.601885974407196,0.25628212094306946
14-06-1982,0.5974609851837158,0.5996739864349365,11298,0.5996739864349365,0.5974609851837158,0.25439807772636414
15-06-1982,0.601885974407196,0.601885974407196,90383,0.6063119769096375,0.6063119769096375,0.25816670060157776
16-06-1982,0.5930349826812744,0.601885974407196,79085,0.601885974407196,0.5930349826812744,0.25251340866088867
17-06-1982,0.5576300024986267,0.5930349826812744,248552,0.5930349826812744,0.5642690062522888,0.24026481807231903
18-06-1982,0.5288630127906799,0.5576300024986267,146872,0.5576300024986267,0.5288630127906799,0.22518903017044067
21-06-1982,0.5310760140419006,0.5310760140419006,50840,0.5399280190467834,0.5399280190467834,0.22990049421787262
22-06-1982,0.5332890152931213,0.5332890152931213,67787,0.5332890152931213,0.5332890152931213,0.22707368433475494
23-06-1982,0.5332890152931213,0.5332890152931213,186414,0.5487790107727051,0.5487790107727051,0.2336692065000534
24-06-1982,0.5487790107727051,0.5487790107727051,186414,0.5598430037498474,0.5576300024986267,0.2374381124973297
25-06-1982,0.5487790107727051,0.5509920120239258,33893,0.5509920120239258,0.5487790107727051,0.2336692065000534
28-06-1982,0.542140007019043,0.542140007019043,28245,0.542140007019043,0.542140007019043,0.23084256052970886
29-06-1982,0.5465660095214844,0.5465660095214844,11298,0.5465660095214844,0.5465660095214844,0.23272697627544403
30-06-1982,0.542140007019043,0.5465660095214844,50840,0.5487790107727051,0.5487790107727051,0.2336692065000534
01-07-1982,0.5465660095214844,0.5465660095214844,33893,0.5465660095214844,0.5465660095214844,0.23272697627544403
02-07-1982,0.542140007019043,0.542140007019043,5649,0.542140007019043,0.542140007019043,0.23084256052970886
06-07-1982,0.542140007019043,0.542140007019043,33893,0.5465660095214844,0.5465660095214844,0.23272697627544403
07-07-1982,0.5487790107727051,0.5487790107727051,5649,0.5487790107727051,0.5487790107727051,0.2336692065000534
08-07-1982,0.522225022315979,0.542140007019043,146872,0.542140007019043,0.5288630127906799,0.22518903017044067
09-07-1982,0.5332890152931213,0.5332890152931213,33893,0.5399280190467834,0.5399280190467834,0.22990049421787262
12-07-1982,0.542140007019043,0.542140007019043,11298,0.542140007019043,0.542140007019043,0.23084256052970886
13-07-1982,0.5310760140419006,0.5310760140419006,429317,0.5310760140419006,0.5310760140419006,0.2261313796043396
14-07-1982,0.5310760140419006,0.5310760140419006,406721,0.5332890152931213,0.5332890152931213,0.22707368433475494
15-07-1982,0.542140007019043,0.542140007019043,169467,0.542140007019043,0.542140007019043,0.23084256052970886
16-07-1982,0.5487790107727051,0.5487790107727051,11298,0.5487790107727051,0.5487790107727051,0.2336692065000534
19-07-1982,0.5509920120239258,0.5509920120239258,79085,0.568693995475769,0.568693995475769,0.24214918911457062
20-07-1982,0.568693995475769,0.568693995475769,101680,0.5819709897041321,0.5775449872016907,0.24591787159442902
21-07-1982,0.5753329992294312,0.5753329992294312,11298,0.5753329992294312,0.5753329992294312,0.2449759542942047
22-07-1982,0.5753329992294312,0.5753329992294312,45191,0.5819709897041321,0.5775449872016907,0.24591787159442902
23-07-1982,0.568693995475769,0.5775449872016907,146872,0.5886099934577942,0.5886099934577942,0.25062912702560425
26-07-1982,0.5819709897041321,0.5886099934577942,214658,0.5930349826812744,0.5819709897041321,0.2478024810552597
27-07-1982,0.5819709897041321,0.5819709897041321,11298,0.5819709897041321,0.5819709897041321,0.2478024810552597
28-07-1982,0.5819709897041321,0.5819709897041321,0,0.5819709897041321,0.5819709897041321,0.2478024810552597
29-07-1982,0.555417001247406,0.5753329992294312,214658,0.5753329992294312,0.5642690062522888,0.24026481807231903
30-07-1982,0.5576300024986267,0.5576300024986267,33893,0.5576300024986267,0.5576300024986267,0.2374381124973297
02-08-1982,0.5598430037498474,0.5598430037498474,56489,0.5664809942245483,0.5664809942245483,0.24120672047138214
03-08-1982,0.5598430037498474,0.5664809942245483,146872,0.5664809942245483,0.5598430037498474,0.23838035762310028
04-08-1982,0.5487790107727051,0.5576300024986267,90383,0.5576300024986267,0.5487790107727051,0.2336692065000534
05-08-1982,0.5310760140419006,0.5332890152931213,118627,0.5332890152931213,0.5332890152931213,0.22707368433475494
06-08-1982,0.5377150177955627,0.5377150177955627,22596,0.5399280190467834,0.5399280190467834,0.22990049421787262
09-08-1982,0.5399280190467834,0.5399280190467834,0,0.5399280190467834,0.5399280190467834,0.22990049421787262
10-08-1982,0.5399280190467834,0.5399280190467834,282445,0.5399280190467834,0.5399280190467834,0.22990049421787262
11-08-1982,0.5332890152931213,0.5399280190467834,101680,0.5399280190467834,0.5377150177955627,0.22895821928977966
12-08-1982,0.5377150177955627,0.5377150177955627,67787,0.542140007019043,0.5377150177955627,0.22895821928977966
13-08-1982,0.5332890152931213,0.5377150177955627,73436,0.5377150177955627,0.5377150177955627,0.22895821928977966
16-08-1982,0.542140007019043,0.542140007019043,11298,0.542140007019043,0.542140007019043,0.23084256052970886
17-08-1982,0.5487790107727051,0.5487790107727051,146872,0.568693995475769,0.568693995475769,0.24214918911457062
18-08-1982,0.568693995475769,0.568693995475769,615731,0.5819709897041321,0.5731199979782104,0.24403366446495056
19-08-1982,0.5598430037498474,0.5664809942245483,67787,0.5664809942245483,0.5642690062522888,0.24026481807231903
20-08-1982,0.5576300024986267,0.5576300024986267,22596,0.5576300024986267,0.5576300024986267,0.2374381124973297
23-08-1982,0.5598430037498474,0.5598430037498474,112978,0.5642690062522888,0.5598430037498474,0.23838035762310028
24-08-1982,0.5576300024986267,0.5598430037498474,225956,0.568693995475769,0.5664809942245483,0.24120672047138214
25-08-1982,0.5664809942245483,0.5664809942245483,158169,0.5841839909553528,0.5841839909553528,0.24874478578567505
26-08-1982,0.5908219814300537,0.5908219814300537,1909330,0.6063119769096375,0.601885974407196,0.25628212094306946
27-08-1982,0.5664809942245483,0.5974609851837158,999856,0.5974609851837158,0.5664809942245483,0.24120672047138214
30-08-1982,0.568693995475769,0.568693995475769,56489,0.5731199979782104,0.5731199979782104,0.24403366446495056
31-08-1982,0.5753329992294312,0.5753329992294312,73436,0.5753329992294312,0.5753329992294312,0.2449759542942047
01-09-1982,0.568693995475769,0.5753329992294312,101680,0.5753329992294312,0.5731199979782104,0.24403366446495056
02-09-1982,0.5731199979782104,0.5731199979782104,5649,0.5731199979782104,0.5731199979782104,0.24403366446495056
03-09-1982,0.5664809942245483,0.5731199979782104,638326,0.5841839909553528,0.5841839909553528,0.24874478578567505
07-09-1982,0.5753329992294312,0.5841839909553528,96031,0.5908219814300537,0.5753329992294312,0.2449759542942047
08-09-1982,0.5886099934577942,0.5886099934577942,2869644,0.5930349826812744,0.5908219814300537,0.2515711486339569
09-09-1982,0.5819709897041321,0.5908219814300537,146872,0.5930349826812744,0.5819709897041321,0.2478024810552597
10-09-1982,0.5753329992294312,0.5819709897041321,282445,0.5908219814300537,0.5753329992294312,0.2449759542942047
13-09-1982,0.5753329992294312,0.5753329992294312,0,0.5753329992294312,0.5753329992294312,0.2449759542942047
14-09-1982,0.5819709897041321,0.5819709897041321,1231462,0.5908219814300537,0.5908219814300537,0.2515711486339569
15-09-1982,0.5908219814300537,0.5908219814300537,0,0.5908219814300537,0.5908219814300537,0.2515711486339569
16-09-1982,0.5819709897041321,0.5908219814300537,632678,0.5908219814300537,0.5819709897041321,0.2478024810552597
17-09-1982,0.5819709897041321,0.5819709897041321,0,0.5819709897041321,0.5819709897041321,0.2478024810552597
20-09-1982,0.5753329992294312,0.5753329992294312,45191,0.5753329992294312,0.5753329992294312,0.2449759542942047
21-09-1982,0.5753329992294312,0.5753329992294312,5649,0.5753329992294312,0.5753329992294312,0.2449759542942047
22-09-1982,0.5753329992294312,0.5753329992294312,146872,0.5974609851837158,0.5908219814300537,0.2515711486339569
23-09-1982,0.5908219814300537,0.5908219814300537,50840,0.5930349826812744,0.5930349826812744,0.25251340866088867
24-09-1982,0.5819709897041321,0.5930349826812744,56489,0.5930349826812744,0.5819709897041321,0.2478024810552597
27-09-1982,0.5819709897041321,0.5819709897041321,0,0.5819709897041321,0.5819709897041321,0.2478024810552597
28-09-1982,0.5819709897041321,0.5819709897041321,112978,0.5930349826812744,0.5819709897041321,0.2478024810552597
29-09-1982,0.5886099934577942,0.5886099934577942,124276,0.5974609851837158,0.5974609851837158,0.25439807772636414
30-09-1982,0.5974609851837158,0.5974609851837158,5649,0.5974609851837158,0.5974609851837158,0.25439807772636414
01-10-1982,0.5886099934577942,0.5930349826812744,118627,0.5930349826812744,0.5930349826812744,0.25251340866088867
04-10-1982,0.5819709897041321,0.5886099934577942,45191,0.5886099934577942,0.5819709897041321,0.2478024810552597
05-10-1982,0.5819709897041321,0.5819709897041321,169467,0.5886099934577942,0.5886099934577942,0.25062912702560425
06-10-1982,0.5930349826812744,0.5930349826812744,101680,0.5974609851837158,0.5930349826812744,0.25251340866088867
07-10-1982,0.6085249781608582,0.6085249781608582,1931926,0.6262270212173462,0.6240149736404419,0.26570454239845276
08-10-1982,0.6240149736404419,0.6240149736404419,395423,0.635079026222229,0.6240149736404419,0.26570454239845276
11-10-1982,0.6262270212173462,0.6262270212173462,214658,0.6505680084228516,0.6505680084228516,0.2770109474658966
12-10-1982,0.6417170166969299,0.648356020450592,33893,0.648356020450592,0.6439300179481506,0.2741847336292267
13-10-1982,0.6417170166969299,0.6439300179481506,79085,0.648356020450592,0.648356020450592,0.2760690748691559
14-10-1982,0.6417170166969299,0.648356020450592,621380,0.6616330146789551,0.6527810096740723,0.277953177690506
15-10-1982,0.635079026222229,0.6505680084228516,180765,0.6505680084228516,0.6505680084228516,0.2770109474658966
18-10-1982,0.6439300179481506,0.6505680084228516,118627,0.6527810096740723,0.6527810096740723,0.277953177690506
19-10-1982,0.6594200134277344,0.6594200134277344,293743,0.6704840064048767,0.668271005153656,0.28454869985580444
20-10-1982,0.668271005153656,0.668271005153656,45191,0.6704840064048767,0.6704840064048767,0.28549113869667053
21-10-1982,0.6704840064048767,0.6704840064048767,124276,0.6859740018844604,0.6771219968795776,0.28831762075424194
22-10-1982,0.6793349981307983,0.6793349981307983,22596,0.6837610006332397,0.6837610006332397,0.29114437103271484
25-10-1982,0.6771219968795776,0.6771219968795776,11298,0.6771219968795776,0.6771219968795776,0.28831762075424194
26-10-1982,0.6616330146789551,0.6749089956283569,67787,0.6749089956283569,0.6616330146789551,0.2817223072052002
27-10-1982,0.6594200134277344,0.6616330146789551,56489,0.6616330146789551,0.6594200134277344,0.28078022599220276
28-10-1982,0.6594200134277344,0.6594200134277344,0,0.6594200134277344,0.6594200134277344,0.28078022599220276
29-10-1982,0.6594200134277344,0.6594200134277344,112978,0.6616330146789551,0.6616330146789551,0.2817223072052002
01-11-1982,0.668271005153656,0.668271005153656,576188,0.6771219968795776,0.6771219968795776,0.28831762075424194
02-11-1982,0.6837610006332397,0.6837610006332397,338934,0.7081019878387451,0.7081019878387451,0.30150872468948364
03-11-1982,0.701462984085083,0.7081019878387451,169467,0.7169529795646667,0.7169529795646667,0.30527737736701965
04-11-1982,0.7169529795646667,0.7169529795646667,282445,0.7346550226211548,0.7280169725418091,0.3099886476993561
05-11-1982,0.7258039712905884,0.7280169725418091,33893,0.7280169725418091,0.7258039712905884,0.3090463876724243
08-11-1982,0.7081019878387451,0.7213789820671082,73436,0.7213789820671082,0.7103139758110046,0.3024507164955139
09-11-1982,0.7368680238723755,0.7368680238723755,124276,0.7368680238723755,0.7368680238723755,0.31375741958618164
10-11-1982,0.7368680238723755,0.7368680238723755,276796,0.7612090110778809,0.7390810251235962,0.31469976902008057
11-11-1982,0.7258039712905884,0.7368680238723755,457561,0.7368680238723755,0.7258039712905884,0.3090463876724243
12-11-1982,0.6970379948616028,0.7213789820671082,135574,0.7213789820671082,0.6970379948616028,0.2967977523803711
15-11-1982,0.6771219968795776,0.68818598985672,225956,0.68818598985672,0.6771219968795776,0.28831762075424194
16-11-1982,0.6771219968795776,0.6771219968795776,11298,0.6771219968795776,0.6771219968795776,0.28831762075424194
17-11-1982,0.6771219968795776,0.6771219968795776,186414,0.6793349981307983,0.6771219968795776,0.28831762075424194
18-11-1982,0.6793349981307983,0.6793349981307983,321988,0.68818598985672,0.6859740018844604,0.2920868396759033
19-11-1982,0.6859740018844604,0.6859740018844604,0,0.6859740018844604,0.6859740018844604,0.2920868396759033
22-11-1982,0.6793349981307983,0.6793349981307983,28245,0.6793349981307983,0.6793349981307983,0.2892598509788513
23-11-1982,0.668271005153656,0.6704840064048767,33893,0.6704840064048767,0.668271005153656,0.28454869985580444
24-11-1982,0.6527810096740723,0.6616330146789551,50840,0.6616330146789551,0.6527810096740723,0.277953177690506
26-11-1982,0.6527810096740723,0.6527810096740723,56489,0.6527810096740723,0.6527810096740723,0.277953177690506
29-11-1982,0.6439300179481506,0.6439300179481506,344583,0.6439300179481506,0.6439300179481506,0.2741847336292267
30-11-1982,0.635079026222229,0.6417170166969299,395423,0.6417170166969299,0.635079026222229,0.2704157531261444
01-12-1982,0.635079026222229,0.635079026222229,2948729,0.6417170166969299,0.6372920274734497,0.2713581323623657
02-12-1982,0.6417170166969299,0.6417170166969299,33893,0.6417170166969299,0.6417170166969299,0.27324217557907104
03-12-1982,0.6439300179481506,0.6439300179481506,5649,0.6439300179481506,0.6439300179481506,0.2741847336292267
06-12-1982,0.6439300179481506,0.6439300179481506,0,0.6439300179481506,0.6439300179481506,0.2741847336292267
07-12-1982,0.635079026222229,0.6439300179481506,28245,0.6439300179481506,0.635079026222229,0.2704157531261444
08-12-1982,0.6328660249710083,0.635079026222229,56489,0.635079026222229,0.6328660249710083,0.26947349309921265
09-12-1982,0.6262270212173462,0.6262270212173462,28245,0.6262270212173462,0.6262270212173462,0.2666465938091278
10-12-1982,0.6262270212173462,0.6262270212173462,11298,0.6328660249710083,0.6262270212173462,0.2666465938091278
13-12-1982,0.6262270212173462,0.6262270212173462,0,0.6262270212173462,0.6262270212173462,0.2666465938091278
14-12-1982,0.6085249781608582,0.6240149736404419,56489,0.6240149736404419,0.6085249781608582,0.2591090798377991
15-12-1982,0.601885974407196,0.6063119769096375,33893,0.6063119769096375,0.601885974407196,0.25628212094306946
16-12-1982,0.601885974407196,0.601885974407196,11298,0.601885974407196,0.601885974407196,0.25628212094306946
17-12-1982,0.5930349826812744,0.5974609851837158,50840,0.5974609851837158,0.5930349826812744,0.25251340866088867
20-12-1982,0.5974609851837158,0.5974609851837158,11298,0.5974609851837158,0.5974609851837158,0.25439807772636414
21-12-1982,0.5930349826812744,0.5930349826812744,11298,0.5930349826812744,0.5930349826812744,0.25251340866088867
22-12-1982,0.5974609851837158,0.5974609851837158,225956,0.5974609851837158,0.5974609851837158,0.25439807772636414
23-12-1982,0.5886099934577942,0.5930349826812744,50840,0.5930349826812744,0.5886099934577942,0.25062912702560425
27-12-1982,0.5930349826812744,0.5930349826812744,73436,0.6063119769096375,0.6063119769096375,0.25816670060157776
28-12-1982,0.6063119769096375,0.6063119769096375,45191,0.6085249781608582,0.6085249781608582,0.2591090798377991
29-12-1982,0.6085249781608582,0.6085249781608582,11298,0.6107379794120789,0.6085249781608582,0.2591090798377991
30-12-1982,0.6085249781608582,0.6085249781608582,11298,0.6085249781608582,0.6085249781608582,0.2591090798377991
31-12-1982,0.6085249781608582,0.6085249781608582,5649,0.6085249781608582,0.6085249781608582,0.2591090798377991
03-01-1983,0.6151630282402039,0.6151630282402039,73436,0.6173760294914246,0.6173760294914246,0.2628777325153351
04-01-1983,0.6085249781608582,0.6173760294914246,73436,0.6173760294914246,0.6085249781608582,0.2591090798377991
05-01-1983,0.6107379794120789,0.6107379794120789,135574,0.6195889711380005,0.6107379794120789,0.2600513696670532
06-01-1983,0.6151630282402039,0.6151630282402039,73436,0.6173760294914246,0.6151630282402039,0.2619355618953705
07-01-1983,0.6173760294914246,0.6173760294914246,146872,0.6262270212173462,0.6262270212173462,0.2666465938091278
10-01-1983,0.6328660249710083,0.6328660249710083,56489,0.6372920274734497,0.635079026222229,0.2704157531261444
11-01-1983,0.6417170166969299,0.6417170166969299,22596,0.6417170166969299,0.6417170166969299,0.27324217557907104
12-01-1983,0.6417170166969299,0.6417170166969299,112978,0.6417170166969299,0.6417170166969299,0.27324217557907104
13-01-1983,0.6439300179481506,0.6439300179481506,33893,0.648356020450592,0.648356020450592,0.2760690748691559
14-01-1983,0.6417170166969299,0.648356020450592,45191,0.6527810096740723,0.6527810096740723,0.277953177690506
17-01-1983,0.6572070121765137,0.6572070121765137,11298,0.6572070121765137,0.6572070121765137,0.27983781695365906
18-01-1983,0.6616330146789551,0.6616330146789551,146872,0.668271005153656,0.6616330146789551,0.2817223072052002
19-01-1983,0.668271005153656,0.668271005153656,186414,0.6704840064048767,0.668271005153656,0.28454869985580444
20-01-1983,0.6704840064048767,0.6704840064048767,28245,0.6749089956283569,0.6749089956283569,0.2873753607273102
21-01-1983,0.668271005153656,0.6704840064048767,11298,0.6704840064048767,0.668271005153656,0.28454869985580444
24-01-1983,0.6616330146789551,0.6660580039024353,11298,0.6660580039024353,0.6616330146789551,0.2817223072052002
25-01-1983,0.6594200134277344,0.6616330146789551,50840,0.6616330146789551,0.6616330146789551,0.2817223072052002
26-01-1983,0.6594200134277344,0.6594200134277344,5649,0.6594200134277344,0.6594200134277344,0.28078022599220276
27-01-1983,0.6417170166969299,0.6527810096740723,124276,0.6527810096740723,0.6417170166969299,0.27324217557907104
28-01-1983,0.6439300179481506,0.6439300179481506,28245,0.6505680084228516,0.6439300179481506,0.2741847336292267
31-01-1983,0.6417170166969299,0.6439300179481506,33893,0.648356020450592,0.6417170166969299,0.27324217557907104
01-02-1983,0.6328660249710083,0.6417170166969299,45191,0.6417170166969299,0.6328660249710083,0.26947349309921265
02-02-1983,0.6328660249710083,0.6328660249710083,0,0.6328660249710083,0.6328660249710083,0.26947349309921265
03-02-1983,0.635079026222229,0.635079026222229,11298,0.635079026222229,0.635079026222229,0.2704157531261444
04-02-1983,0.635079026222229,0.635079026222229,0,0.635079026222229,0.635079026222229,0.2704157531261444
07-02-1983,0.6262270212173462,0.635079026222229,118627,0.635079026222229,0.6262270212173462,0.2666465938091278
08-02-1983,0.6240149736404419,0.6240149736404419,163818,0.6240149736404419,0.6240149736404419,0.26570454239845276
09-02-1983,0.601885974407196,0.6240149736404419,180765,0.6240149736404419,0.601885974407196,0.25628212094306946
10-02-1983,0.601885974407196,0.601885974407196,56489,0.6063119769096375,0.601885974407196,0.25628212094306946
11-02-1983,0.5996739864349365,0.601885974407196,276796,0.6107379794120789,0.601885974407196,0.25628212094306946
14-02-1983,0.5996739864349365,0.5996739864349365,11298,0.5996739864349365,0.5996739864349365,0.25534018874168396
15-02-1983,0.5753329992294312,0.5996739864349365,802145,0.5996739864349365,0.5930349826812744,0.25251340866088867
16-02-1983,0.5886099934577942,0.5930349826812744,237254,0.5974609851837158,0.5886099934577942,0.25062912702560425
17-02-1983,0.5930349826812744,0.5930349826812744,101680,0.5930349826812744,0.5930349826812744,0.25251340866088867
18-02-1983,0.5930349826812744,0.5930349826812744,28245,0.5930349826812744,0.5930349826812744,0.25251340866088867
22-02-1983,0.5753329992294312,0.5886099934577942,101680,0.5886099934577942,0.5753329992294312,0.2449759542942047
23-02-1983,0.5664809942245483,0.5753329992294312,146872,0.5753329992294312,0.5753329992294312,0.2449759542942047
24-02-1983,0.5753329992294312,0.5753329992294312,480157,0.5775449872016907,0.5775449872016907,0.24591787159442902
25-02-1983,0.5753329992294312,0.5775449872016907,338934,0.5819709897041321,0.5753329992294312,0.2449759542942047
28-02-1983,0.5332890152931213,0.5731199979782104,395423,0.5731199979782104,0.5332890152931213,0.22707368433475494
01-03-1983,0.5377150177955627,0.5377150177955627,282445,0.5576300024986267,0.5576300024986267,0.2374381124973297
02-03-1983,0.542140007019043,0.5576300024986267,282445,0.5598430037498474,0.542140007019043,0.23084256052970886
03-03-1983,0.542140007019043,0.542140007019043,305041,0.568693995475769,0.568693995475769,0.24214918911457062
04-03-1983,0.5664809942245483,0.568693995475769,254201,0.5930349826812744,0.5930349826812744,0.25251340866088867
07-03-1983,0.601885974407196,0.601885974407196,1705970,0.6173760294914246,0.601885974407196,0.25628212094306946
08-03-1983,0.601885974407196,0.601885974407196,982910,0.6085249781608582,0.601885974407196,0.25628212094306946
09-03-1983,0.5974609851837158,0.5996739864349365,225956,0.5996739864349365,0.5974609851837158,0.25439807772636414
10-03-1983,0.601885974407196,0.601885974407196,1751161,0.6151630282402039,0.6063119769096375,0.25816670060157776
11-03-1983,0.5819709897041321,0.601885974407196,530997,0.601885974407196,0.5819709897041321,0.2478024810552597
14-03-1983,0.5841839909553528,0.5841839909553528,384126,0.601885974407196,0.601885974407196,0.25628212094306946
15-03-1983,0.5908219814300537,0.5930349826812744,214658,0.5930349826812744,0.5908219814300537,0.2515711486339569
16-03-1983,0.5819709897041321,0.5908219814300537,101680,0.5908219814300537,0.5886099934577942,0.25062912702560425
17-03-1983,0.5819709897041321,0.5819709897041321,67787,0.5819709897041321,0.5819709897041321,0.2478024810552597
18-03-1983,0.5819709897041321,0.5819709897041321,321988,0.5930349826812744,0.5930349826812744,0.25251340866088867
21-03-1983,0.5886099934577942,0.5930349826812744,118627,0.5930349826812744,0.5886099934577942,0.25062912702560425
22-03-1983,0.5819709897041321,0.5886099934577942,158169,0.5930349826812744,0.5886099934577942,0.25062912702560425
23-03-1983,0.5886099934577942,0.5886099934577942,33893,0.5974609851837158,0.5974609851837158,0.25439807772636414
24-03-1983,0.5974609851837158,0.5974609851837158,96031,0.6063119769096375,0.6063119769096375,0.25816670060157776
25-03-1983,0.601885974407196,0.6063119769096375,45191,0.6063119769096375,0.601885974407196,0.25628212094306946
28-03-1983,0.601885974407196,0.601885974407196,209010,0.6063119769096375,0.6063119769096375,0.25816670060157776
29-03-1983,0.601885974407196,0.6063119769096375,79085,0.6085249781608582,0.6063119769096375,0.25816670060157776
30-03-1983,0.6063119769096375,0.6063119769096375,406721,0.6173760294914246,0.6173760294914246,0.2628777325153351
31-03-1983,0.6151630282402039,0.6173760294914246,186414,0.6173760294914246,0.6151630282402039,0.2619355618953705
04-04-1983,0.6085249781608582,0.6107379794120789,56489,0.6107379794120789,0.6085249781608582,0.2591090798377991
05-04-1983,0.6063119769096375,0.6085249781608582,124276,0.6085249781608582,0.6063119769096375,0.25816670060157776
06-04-1983,0.5974609851837158,0.601885974407196,192063,0.601885974407196,0.5974609851837158,0.25439807772636414
07-04-1983,0.601885974407196,0.601885974407196,73436,0.6085249781608582,0.6063119769096375,0.25816670060157776
08-04-1983,0.6085249781608582,0.6085249781608582,90383,0.6173760294914246,0.6085249781608582,0.2591090798377991
11-04-1983,0.601885974407196,0.6063119769096375,22596,0.6063119769096375,0.601885974407196,0.25628212094306946
12-04-1983,0.601885974407196,0.601885974407196,214658,0.6085249781608582,0.6085249781608582,0.2591090798377991
13-04-1983,0.6063119769096375,0.6085249781608582,192063,0.6085249781608582,0.6085249781608582,0.2591090798377991
14-04-1983,0.601885974407196,0.6063119769096375,33893,0.6063119769096375,0.601885974407196,0.25628212094306946
15-04-1983,0.601885974407196,0.601885974407196,73436,0.6085249781608582,0.6085249781608582,0.2591090798377991
18-04-1983,0.6063119769096375,0.6085249781608582,79085,0.6107379794120789,0.6107379794120789,0.2600513696670532
19-04-1983,0.6107379794120789,0.6107379794120789,180765,0.6151630282402039,0.6107379794120789,0.2600513696670532
20-04-1983,0.6085249781608582,0.6107379794120789,321988,0.6151630282402039,0.6151630282402039,0.2619355618953705
21-04-1983,0.6085249781608582,0.6151630282402039,169467,0.6173760294914246,0.6173760294914246,0.2628777325153351
22-04-1983,0.6107379794120789,0.6173760294914246,192063,0.6173760294914246,0.6173760294914246,0.2628777325153351
25-04-1983,0.6151630282402039,0.6173760294914246,56489,0.6173760294914246,0.6173760294914246,0.2628777325153351
26-04-1983,0.6085249781608582,0.6107379794120789,497104,0.6107379794120789,0.6085249781608582,0.2591090798377991
27-04-1983,0.6085249781608582,0.6085249781608582,209010,0.6195889711380005,0.6173760294914246,0.2628777325153351
28-04-1983,0.6173760294914246,0.6173760294914246,135574,0.6328660249710083,0.6262270212173462,0.2666465938091278
29-04-1983,0.6262270212173462,0.6262270212173462,158169,0.6284400224685669,0.6284400224685669,0.2675889730453491
02-05-1983,0.6240149736404419,0.6284400224685669,101680,0.6284400224685669,0.6262270212173462,0.2666465938091278
03-05-1983,0.6195889711380005,0.6262270212173462,316339,0.6262270212173462,0.6195889711380005,0.2638201117515564
04-05-1983,0.6085249781608582,0.6173760294914246,248552,0.6173760294914246,0.6107379794120789,0.2600513696670532
05-05-1983,0.6107379794120789,0.6107379794120789,192063,0.6151630282402039,0.6151630282402039,0.2619355618953705
06-05-1983,0.6173760294914246,0.6173760294914246,321988,0.6262270212173462,0.6262270212173462,0.2666465938091278
09-05-1983,0.6284400224685669,0.6284400224685669,1208866,0.6505680084228516,0.6439300179481506,0.2741847336292267
10-05-1983,0.6439300179481506,0.6439300179481506,259850,0.6527810096740723,0.6527810096740723,0.277953177690506
11-05-1983,0.6417170166969299,0.6505680084228516,112978,0.6505680084228516,0.6417170166969299,0.27324217557907104
12-05-1983,0.6328660249710083,0.6417170166969299,186414,0.6439300179481506,0.6417170166969299,0.27324217557907104
13-05-1983,0.6284400224685669,0.6417170166969299,101680,0.6417170166969299,0.6284400224685669,0.2675889730453491
16-05-1983,0.6240149736404419,0.6284400224685669,22596,0.6284400224685669,0.6240149736404419,0.26570454239845276
17-05-1983,0.6173760294914246,0.6173760294914246,33893,0.6173760294914246,0.6173760294914246,0.2628777325153351
18-05-1983,0.6151630282402039,0.6173760294914246,169467,0.6173760294914246,0.6173760294914246,0.2628777325153351
19-05-1983,0.6173760294914246,0.6173760294914246,22596,0.6173760294914246,0.6173760294914246,0.2628777325153351
20-05-1983,0.6173760294914246,0.6173760294914246,11298,0.6173760294914246,0.6173760294914246,0.2628777325153351
23-05-1983,0.6063119769096375,0.6107379794120789,1841543,0.6107379794120789,0.6085249781608582,0.2591090798377991
24-05-1983,0.6085249781608582,0.6085249781608582,480157,0.6085249781608582,0.6085249781608582,0.2591090798377991
25-05-1983,0.6063119769096375,0.6085249781608582,146872,0.6085249781608582,0.6085249781608582,0.2591090798377991
26-05-1983,0.601885974407196,0.6085249781608582,56489,0.6085249781608582,0.601885974407196,0.25628212094306946
27-05-1983,0.601885974407196,0.601885974407196,11298,0.6063119769096375,0.6063119769096375,0.25816670060157776
31-05-1983,0.5996739864349365,0.6063119769096375,203361,0.6151630282402039,0.6063119769096375,0.25816670060157776
01-06-1983,0.6063119769096375,0.6063119769096375,214658,0.6240149736404419,0.6151630282402039,0.2619355618953705
02-06-1983,0.6085249781608582,0.6151630282402039,50840,0.6173760294914246,0.6151630282402039,0.2619355618953705
03-06-1983,0.6173760294914246,0.6173760294914246,50840,0.6195889711380005,0.6173760294914246,0.2628777325153351
06-06-1983,0.6195889711380005,0.6195889711380005,169467,0.6284400224685669,0.6284400224685669,0.2675889730453491
07-06-1983,0.6085249781608582,0.6262270212173462,158169,0.6262270212173462,0.6085249781608582,0.2591090798377991
08-06-1983,0.5996739864349365,0.6085249781608582,124276,0.6085249781608582,0.601885974407196,0.25628212094306946
09-06-1983,0.542140007019043,0.601885974407196,813443,0.6173760294914246,0.5487790107727051,0.2336692065000534
10-06-1983,0.5487790107727051,0.5487790107727051,960314,0.5642690062522888,0.5487790107727051,0.2336692065000534
13-06-1983,0.5487790107727051,0.5487790107727051,892527,0.5576300024986267,0.5576300024986267,0.2374381124973297
14-06-1983,0.5576300024986267,0.5576300024986267,440615,0.5598430037498474,0.5576300024986267,0.2374381124973297
15-06-1983,0.5576300024986267,0.5576300024986267,463210,0.5664809942245483,0.5664809942245483,0.24120672047138214
16-06-1983,0.568693995475769,0.568693995475769,271148,0.5930349826812744,0.5886099934577942,0.25062912702560425
17-06-1983,0.5664809942245483,0.5819709897041321,299392,0.5819709897041321,0.5819709897041321,0.2478024810552597
20-06-1983,0.5664809942245483,0.5775449872016907,451913,0.5775449872016907,0.568693995475769,0.24214918911457062
21-06-1983,0.5576300024986267,0.568693995475769,677869,0.5775449872016907,0.5775449872016907,0.24591787159442902
22-06-1983,0.5753329992294312,0.5775449872016907,192063,0.5819709897041321,0.5775449872016907,0.24591787159442902
23-06-1983,0.5753329992294312,0.5775449872016907,124276,0.5775449872016907,0.5753329992294312,0.2449759542942047
24-06-1983,0.5664809942245483,0.568693995475769,101680,0.568693995475769,0.5664809942245483,0.24120672047138214
27-06-1983,0.555417001247406,0.5664809942245483,79085,0.5664809942245483,0.555417001247406,0.23649585247039795
28-06-1983,0.5576300024986267,0.5576300024986267,192063,0.5664809942245483,0.5664809942245483,0.24120672047138214
29-06-1983,0.5598430037498474,0.5664809942245483,259850,0.5664809942245483,0.5664809942245483,0.24120672047138214
30-06-1983,0.5598430037498474,0.5642690062522888,146872,0.5642690062522888,0.5598430037498474,0.23838035762310028
01-07-1983,0.5598430037498474,0.5598430037498474,225956,0.5598430037498474,0.5598430037498474,0.23838035762310028
05-07-1983,0.5487790107727051,0.5576300024986267,158169,0.5576300024986267,0.5509920120239258,0.2346116006374359
06-07-1983,0.5576300024986267,0.5576300024986267,79085,0.5642690062522888,0.5642690062522888,0.24026481807231903
07-07-1983,0.5642690062522888,0.5642690062522888,209010,0.5664809942245483,0.5664809942245483,0.24120672047138214
08-07-1983,0.5753329992294312,0.5753329992294312,429317,0.5908219814300537,0.5908219814300537,0.2515711486339569
11-07-1983,0.5819709897041321,0.5886099934577942,56489,0.5886099934577942,0.5819709897041321,0.2478024810552597
12-07-1983,0.5841839909553528,0.5841839909553528,209010,0.5908219814300537,0.5886099934577942,0.25062912702560425
13-07-1983,0.5753329992294312,0.5819709897041321,508402,0.5819709897041321,0.5819709897041321,0.2478024810552597
14-07-1983,0.5753329992294312,0.5775449872016907,186414,0.5775449872016907,0.5753329992294312,0.2449759542942047
15-07-1983,0.568693995475769,0.5753329992294312,237254,0.5753329992294312,0.5753329992294312,0.2449759542942047
18-07-1983,0.568693995475769,0.5753329992294312,79085,0.5753329992294312,0.5753329992294312,0.2449759542942047
19-07-1983,0.5576300024986267,0.5731199979782104,101680,0.5731199979782104,0.5576300024986267,0.2374381124973297
20-07-1983,0.5642690062522888,0.5642690062522888,124276,0.5819709897041321,0.5819709897041321,0.2478024810552597
21-07-1983,0.5775449872016907,0.5819709897041321,293743,0.5908219814300537,0.5841839909553528,0.24874478578567505
22-07-1983,0.568693995475769,0.5753329992294312,135574,0.5753329992294312,0.568693995475769,0.24214918911457062
25-07-1983,0.5598430037498474,0.5664809942245483,321988,0.5664809942245483,0.5642690062522888,0.24026481807231903
26-07-1983,0.5664809942245483,0.5664809942245483,146872,0.5731199979782104,0.5731199979782104,0.24403366446495056
27-07-1983,0.5664809942245483,0.5731199979782104,33893,0.5731199979782104,0.568693995475769,0.24214918911457062
28-07-1983,0.5598430037498474,0.5664809942245483,237254,0.5664809942245483,0.5598430037498474,0.23838035762310028
29-07-1983,0.5244380235671997,0.5487790107727051,779549,0.5487790107727051,0.5310760140419006,0.2261313796043396
01-08-1983,0.5310760140419006,0.5310760140419006,101680,0.5399280190467834,0.5332890152931213,0.22707368433475494
02-08-1983,0.5244380235671997,0.5310760140419006,45191,0.5310760140419006,0.5244380235671997,0.22330501675605774
03-08-1983,0.5133739709854126,0.522225022315979,158169,0.522225022315979,0.5133739709854126,0.21859385073184967
04-08-1983,0.5155869722366333,0.5155869722366333,440615,0.5310760140419006,0.522225022315979,0.22236259281635284
05-08-1983,0.4823940098285675,0.5155869722366333,248552,0.5155869722366333,0.4823940098285675,0.20540271699428558
08-08-1983,0.4779689908027649,0.4823940098285675,254201,0.4823940098285675,0.4779689908027649,0.20351850986480713
09-08-1983,0.4779689908027649,0.4779689908027649,180765,0.4912460148334503,0.4890330135822296,0.20822946727275848
10-08-1983,0.49567100405693054,0.49567100405693054,79085,0.5000969767570496,0.5000969767570496,0.21294066309928894
11-08-1983,0.49788400530815125,0.5000969767570496,124276,0.5000969767570496,0.49788400530815125,0.21199829876422882
12-08-1983,0.4823940098285675,0.49567100405693054,225956,0.49567100405693054,0.49567100405693054,0.21105599403381348
15-08-1983,0.49788400530815125,0.49788400530815125,50840,0.5067350268363953,0.5067350268363953,0.2157670557498932
16-08-1983,0.49567100405693054,0.5000969767570496,56489,0.5000969767570496,0.49788400530815125,0.21199829876422882
17-08-1983,0.49788400530815125,0.49788400530815125,28245,0.5000969767570496,0.5000969767570496,0.21294066309928894
18-08-1983,0.49788400530815125,0.5000969767570496,56489,0.5067350268363953,0.5067350268363953,0.2157670557498932
19-08-1983,0.508948028087616,0.508948028087616,33893,0.508948028087616,0.508948028087616,0.2167092263698578
22-08-1983,0.5067350268363953,0.508948028087616,101680,0.5133739709854126,0.5067350268363953,0.2157670557498932
23-08-1983,0.49788400530815125,0.5067350268363953,124276,0.5067350268363953,0.5067350268363953,0.2157670557498932
24-08-1983,0.49788400530815125,0.5000969767570496,22596,0.5000969767570496,0.49788400530815125,0.21199829876422882
25-08-1983,0.5000969767570496,0.5000969767570496,11298,0.5000969767570496,0.5000969767570496,0.21294066309928894
26-08-1983,0.49788400530815125,0.5000969767570496,118627,0.5067350268363953,0.5045220255851746,0.21482466161251068
29-08-1983,0.5067350268363953,0.5067350268363953,22596,0.5067350268363953,0.5067350268363953,0.2157670557498932
30-08-1983,0.5067350268363953,0.5067350268363953,0,0.5067350268363953,0.5067350268363953,0.2157670557498932
31-08-1983,0.4912460148334503,0.5045220255851746,146872,0.5045220255851746,0.49567100405693054,0.21105599403381348
01-09-1983,0.4890330135822296,0.4912460148334503,73436,0.4912460148334503,0.4890330135822296,0.20822946727275848
02-09-1983,0.4735429883003235,0.4890330135822296,186414,0.49567100405693054,0.4823940098285675,0.20540271699428558
06-09-1983,0.4801810085773468,0.4823940098285675,101680,0.4868200123310089,0.4823940098285675,0.20540271699428558
07-09-1983,0.4801810085773468,0.4823940098285675,79085,0.4890330135822296,0.4868200123310089,0.20728731155395508
08-09-1983,0.4890330135822296,0.4890330135822296,118627,0.49788400530815125,0.49788400530815125,0.21199829876422882
09-09-1983,0.508948028087616,0.508948028087616,372828,0.5244380235671997,0.5244380235671997,0.22330501675605774
12-09-1983,0.5244380235671997,0.5244380235671997,135574,0.5310760140419006,0.5310760140419006,0.2261313796043396
13-09-1983,0.522225022315979,0.5310760140419006,101680,0.5310760140419006,0.5244380235671997,0.22330501675605774
14-09-1983,0.5244380235671997,0.5244380235671997,124276,0.5244380235671997,0.5244380235671997,0.22330501675605774
15-09-1983,0.522225022315979,0.5244380235671997,361530,0.5332890152931213,0.5332890152931213,0.22707368433475494
16-09-1983,0.5310760140419006,0.5332890152931213,276796,0.5487790107727051,0.5487790107727051,0.2336692065000534
19-09-1983,0.5509920120239258,0.5509920120239258,209010,0.5664809942245483,0.5664809942245483,0.24120672047138214
20-09-1983,0.5576300024986267,0.5664809942245483,293743,0.5664809942245483,0.5598430037498474,0.23838035762310028
21-09-1983,0.5576300024986267,0.5598430037498474,305041,0.5664809942245483,0.5576300024986267,0.2374381124973297
22-09-1983,0.5576300024986267,0.5576300024986267,1067643,0.5731199979782104,0.5598430037498474,0.23838035762310028
23-09-1983,0.5509920120239258,0.5598430037498474,660922,0.568693995475769,0.568693995475769,0.24214918911457062
26-09-1983,0.5664809942245483,0.568693995475769,45191,0.5731199979782104,0.5731199979782104,0.24403366446495056
27-09-1983,0.5753329992294312,0.5753329992294312,112978,0.5819709897041321,0.5775449872016907,0.24591787159442902
28-09-1983,0.5775449872016907,0.5775449872016907,0,0.5775449872016907,0.5775449872016907,0.24591787159442902
29-09-1983,0.5664809942245483,0.5775449872016907,321988,0.5775449872016907,0.5664809942245483,0.24120672047138214
30-09-1983,0.5664809942245483,0.5664809942245483,192063,0.568693995475769,0.568693995475769,0.24214918911457062
03-10-1983,0.5664809942245483,0.5664809942245483,45191,0.5664809942245483,0.5664809942245483,0.24120672047138214
04-10-1983,0.5664809942245483,0.5664809942245483,22596,0.5664809942245483,0.5664809942245483,0.24120672047138214
05-10-1983,0.5664809942245483,0.5664809942245483,67787,0.5664809942245483,0.5664809942245483,0.24120672047138214
06-10-1983,0.5664809942245483,0.5664809942245483,203361,0.5775449872016907,0.5775449872016907,0.24591787159442902
07-10-1983,0.5819709897041321,0.5819709897041321,33893,0.5819709897041321,0.5819709897041321,0.2478024810552597
10-10-1983,0.5775449872016907,0.5819709897041321,192063,0.5819709897041321,0.5819709897041321,0.2478024810552597
11-10-1983,0.5819709897041321,0.5819709897041321,73436,0.5819709897041321,0.5819709897041321,0.2478024810552597
12-10-1983,0.5731199979782104,0.5819709897041321,186414,0.5819709897041321,0.5775449872016907,0.24591787159442902
13-10-1983,0.5753329992294312,0.5775449872016907,33893,0.5775449872016907,0.5775449872016907,0.24591787159442902
14-10-1983,0.568693995475769,0.5753329992294312,45191,0.5753329992294312,0.568693995475769,0.24214918911457062
17-10-1983,0.5598430037498474,0.5664809942245483,73436,0.5664809942245483,0.5664809942245483,0.24120672047138214
18-10-1983,0.5576300024986267,0.5598430037498474,67787,0.5598430037498474,0.5576300024986267,0.2374381124973297
19-10-1983,0.5487790107727051,0.5576300024986267,79085,0.5576300024986267,0.5509920120239258,0.2346116006374359
20-10-1983,0.5399280190467834,0.5487790107727051,135574,0.5487790107727051,0.542140007019043,0.23084256052970886
21-10-1983,0.5399280190467834,0.542140007019043,33893,0.542140007019043,0.542140007019043,0.23084256052970886
24-10-1983,0.5487790107727051,0.5487790107727051,5649,0.5487790107727051,0.5487790107727051,0.2336692065000534
25-10-1983,0.542140007019043,0.5465660095214844,33893,0.5465660095214844,0.5465660095214844,0.23272697627544403
26-10-1983,0.5487790107727051,0.5487790107727051,73436,0.5509920120239258,0.5509920120239258,0.2346116006374359
27-10-1983,0.5509920120239258,0.5509920120239258,50840,0.5576300024986267,0.5576300024986267,0.2374381124973297
28-10-1983,0.5487790107727051,0.555417001247406,45191,0.555417001247406,0.5509920120239258,0.2346116006374359
31-10-1983,0.555417001247406,0.555417001247406,163818,0.5576300024986267,0.555417001247406,0.23649585247039795
01-11-1983,0.5576300024986267,0.5576300024986267,28245,0.5576300024986267,0.5576300024986267,0.2374381124973297
02-11-1983,0.5509920120239258,0.5576300024986267,192063,0.5576300024986267,0.5576300024986267,0.2374381124973297
03-11-1983,0.5487790107727051,0.555417001247406,79085,0.555417001247406,0.5487790107727051,0.2336692065000534
04-11-1983,0.5465660095214844,0.5487790107727051,33893,0.5487790107727051,0.5487790107727051,0.2336692065000534
07-11-1983,0.5377150177955627,0.5465660095214844,305041,0.5465660095214844,0.5399280190467834,0.22990049421787262
08-11-1983,0.542140007019043,0.542140007019043,5649,0.542140007019043,0.542140007019043,0.23084256052970886
09-11-1983,0.542140007019043,0.542140007019043,101680,0.5487790107727051,0.542140007019043,0.23084256052970886
10-11-1983,0.542140007019043,0.542140007019043,519699,0.5509920120239258,0.5487790107727051,0.2336692065000534
11-11-1983,0.5509920120239258,0.5509920120239258,33893,0.5576300024986267,0.5576300024986267,0.2374381124973297
14-11-1983,0.5509920120239258,0.5576300024986267,118627,0.5576300024986267,0.5576300024986267,0.2374381124973297
15-11-1983,0.5576300024986267,0.5576300024986267,163818,0.568693995475769,0.568693995475769,0.24214918911457062
16-11-1983,0.5576300024986267,0.568693995475769,141223,0.568693995475769,0.5664809942245483,0.24120672047138214
17-11-1983,0.5598430037498474,0.5664809942245483,22596,0.5664809942245483,0.5598430037498474,0.23838035762310028
18-11-1983,0.5576300024986267,0.5598430037498474,118627,0.5664809942245483,0.5576300024986267,0.2374381124973297
21-11-1983,0.555417001247406,0.5576300024986267,186414,0.5664809942245483,0.5664809942245483,0.24120672047138214
22-11-1983,0.5576300024986267,0.5598430037498474,67787,0.5598430037498474,0.5598430037498474,0.23838035762310028
23-11-1983,0.5642690062522888,0.5642690062522888,112978,0.5664809942245483,0.5642690062522888,0.24026481807231903
25-11-1983,0.5642690062522888,0.5642690062522888,90383,0.5664809942245483,0.5664809942245483,0.24120672047138214
28-11-1983,0.5576300024986267,0.5664809942245483,231605,0.5664809942245483,0.5664809942245483,0.24120672047138214
29-11-1983,0.5664809942245483,0.5664809942245483,22596,0.5664809942245483,0.5664809942245483,0.24120672047138214
30-11-1983,0.5664809942245483,0.5664809942245483,124276,0.568693995475769,0.5664809942245483,0.24120672047138214
01-12-1983,0.5731199979782104,0.5731199979782104,519699,0.5908219814300537,0.5908219814300537,0.2515711486339569
02-12-1983,0.5908219814300537,0.5908219814300537,480157,0.6085249781608582,0.5930349826812744,0.25251340866088867
05-12-1983,0.5775449872016907,0.5819709897041321,56489,0.5819709897041321,0.5775449872016907,0.24591787159442902
06-12-1983,0.568693995475769,0.5775449872016907,67787,0.5775449872016907,0.5731199979782104,0.24403366446495056
07-12-1983,0.5598430037498474,0.5664809942245483,101680,0.5664809942245483,0.5664809942245483,0.24120672047138214
08-12-1983,0.5642690062522888,0.5642690062522888,11298,0.5642690062522888,0.5642690062522888,0.24026481807231903
09-12-1983,0.555417001247406,0.5642690062522888,180765,0.5642690062522888,0.5576300024986267,0.2374381124973297
12-12-1983,0.5576300024986267,0.5576300024986267,372828,0.5664809942245483,0.5664809942245483,0.24120672047138214
13-12-1983,0.555417001247406,0.5642690062522888,73436,0.5642690062522888,0.555417001247406,0.23649585247039795
14-12-1983,0.542140007019043,0.5509920120239258,79085,0.5509920120239258,0.542140007019043,0.23084256052970886
15-12-1983,0.5288630127906799,0.5377150177955627,79085,0.5377150177955627,0.5310760140419006,0.2261313796043396
16-12-1983,0.522225022315979,0.5288630127906799,282445,0.5288630127906799,0.522225022315979,0.22236259281635284
19-12-1983,0.522225022315979,0.522225022315979,11298,0.522225022315979,0.522225022315979,0.22236259281635284
20-12-1983,0.522225022315979,0.522225022315979,112978,0.5310760140419006,0.5310760140419006,0.2261313796043396
21-12-1983,0.5310760140419006,0.5310760140419006,344583,0.5377150177955627,0.5377150177955627,0.22895821928977966
22-12-1983,0.5399280190467834,0.5399280190467834,56489,0.542140007019043,0.542140007019043,0.23084256052970886
23-12-1983,0.5332890152931213,0.542140007019043,203361,0.542140007019043,0.5332890152931213,0.22707368433475494
27-12-1983,0.5332890152931213,0.5332890152931213,11298,0.5399280190467834,0.5399280190467834,0.22990049421787262
28-12-1983,0.5310760140419006,0.5332890152931213,384126,0.5332890152931213,0.5310760140419006,0.2261313796043396
29-12-1983,0.5332890152931213,0.5332890152931213,5649,0.5332890152931213,0.5332890152931213,0.22707368433475494
30-12-1983,0.522225022315979,0.5288630127906799,327637,0.5288630127906799,0.5288630127906799,0.22518903017044067
03-01-1984,0.5310760140419006,0.5310760140419006,33893,0.5310760140419006,0.5310760140419006,0.2261313796043396
04-01-1984,0.522225022315979,0.5244380235671997,305041,0.5244380235671997,0.5244380235671997,0.22330501675605774
05-01-1984,0.5288630127906799,0.5288630127906799,542295,0.5310760140419006,0.5310760140419006,0.2261313796043396
06-01-1984,0.522225022315979,0.5244380235671997,214658,0.5244380235671997,0.5244380235671997,0.22330501675605774
09-01-1984,0.5177990198135376,0.5244380235671997,248552,0.5288630127906799,0.5288630127906799,0.22518903017044067
10-01-1984,0.522225022315979,0.5288630127906799,2445976,0.5288630127906799,0.522225022315979,0.22236259281635284
11-01-1984,0.522225022315979,0.522225022315979,28245,0.522225022315979,0.522225022315979,0.22236259281635284
12-01-1984,0.522225022315979,0.522225022315979,33893,0.522225022315979,0.522225022315979,0.22236259281635284
13-01-1984,0.5155869722366333,0.522225022315979,316339,0.522225022315979,0.5177990198135376,0.22047799825668335
16-01-1984,0.5155869722366333,0.5177990198135376,56489,0.522225022315979,0.5177990198135376,0.22047799825668335
17-01-1984,0.522225022315979,0.522225022315979,926421,0.5244380235671997,0.5244380235671997,0.22330501675605774
18-01-1984,0.522225022315979,0.5244380235671997,79085,0.5288630127906799,0.522225022315979,0.22236259281635284
19-01-1984,0.522225022315979,0.522225022315979,892527,0.5244380235671997,0.5244380235671997,0.22330501675605774
20-01-1984,0.5155869722366333,0.522225022315979,305041,0.522225022315979,0.5155869722366333,0.21953625977039337
23-01-1984,0.5067350268363953,0.508948028087616,33893,0.508948028087616,0.5067350268363953,0.2157670557498932
24-01-1984,0.5067350268363953,0.5067350268363953,56489,0.5133739709854126,0.5133739709854126,0.21859385073184967
25-01-1984,0.508948028087616,0.5133739709854126,237254,0.5155869722366333,0.5155869722366333,0.21953625977039337
26-01-1984,0.508948028087616,0.5155869722366333,429317,0.5155869722366333,0.5133739709854126,0.21859385073184967
27-01-1984,0.5133739709854126,0.5133739709854126,163818,0.5133739709854126,0.5133739709854126,0.21859385073184967
30-01-1984,0.5155869722366333,0.5155869722366333,11298,0.5155869722366333,0.5155869722366333,0.21953625977039337
31-01-1984,0.5133739709854126,0.5155869722366333,33893,0.5155869722366333,0.5155869722366333,0.21953625977039337
01-02-1984,0.5177990198135376,0.5177990198135376,33893,0.522225022315979,0.522225022315979,0.22236259281635284
02-02-1984,0.522225022315979,0.522225022315979,11298,0.522225022315979,0.522225022315979,0.22236259281635284
03-02-1984,0.522225022315979,0.522225022315979,0,0.522225022315979,0.522225022315979,0.22236259281635284
06-02-1984,0.5133739709854126,0.5155869722366333,22596,0.5155869722366333,0.5133739709854126,0.21859385073184967
07-02-1984,0.49567100405693054,0.5045220255851746,90383,0.5045220255851746,0.49567100405693054,0.21105599403381348
08-02-1984,0.4823940098285675,0.49567100405693054,248552,0.49567100405693054,0.49567100405693054,0.21105599403381348
09-02-1984,0.4912460148334503,0.49567100405693054,33893,0.49567100405693054,0.4912460148334503,0.2091718167066574
10-02-1984,0.4912460148334503,0.4912460148334503,28245,0.49788400530815125,0.49788400530815125,0.21199829876422882
13-02-1984,0.49567100405693054,0.49788400530815125,50840,0.49788400530815125,0.49567100405693054,0.21105599403381348
14-02-1984,0.4912460148334503,0.49567100405693054,118627,0.49788400530815125,0.49788400530815125,0.21199829876422882
15-02-1984,0.5000969767570496,0.5000969767570496,11298,0.5045220255851746,0.5045220255851746,0.21482466161251068
16-02-1984,0.4912460148334503,0.49788400530815125,101680,0.49788400530815125,0.4912460148334503,0.2091718167066574
17-02-1984,0.49567100405693054,0.49567100405693054,11298,0.49567100405693054,0.49567100405693054,0.21105599403381348
21-02-1984,0.4890330135822296,0.4912460148334503,33893,0.4912460148334503,0.4890330135822296,0.20822946727275848
22-02-1984,0.4801810085773468,0.4890330135822296,112978,0.4890330135822296,0.4801810085773468,0.20446038246154785
23-02-1984,0.4713299870491028,0.4779689908027649,79085,0.4779689908027649,0.4779689908027649,0.20351850986480713
24-02-1984,0.4868200123310089,0.4868200123310089,254201,0.5000969767570496,0.49567100405693054,0.21105599403381348
27-02-1984,0.4890330135822296,0.4890330135822296,11298,0.4890330135822296,0.4890330135822296,0.20822946727275848
28-02-1984,0.4823940098285675,0.4868200123310089,33893,0.4868200123310089,0.4823940098285675,0.20540271699428558
29-02-1984,0.4868200123310089,0.4868200123310089,33893,0.4890330135822296,0.4890330135822296,0.20822946727275848
01-03-1984,0.4890330135822296,0.4890330135822296,5649,0.4890330135822296,0.4890330135822296,0.20822946727275848
02-03-1984,0.4779689908027649,0.4823940098285675,73436,0.4823940098285675,0.4779689908027649,0.20351850986480713
05-03-1984,0.4403510093688965,0.4735429883003235,163818,0.4735429883003235,0.4403510093688965,0.18750078976154327
06-03-1984,0.42264801263809204,0.4403510093688965,406721,0.4403510093688965,0.4381380081176758,0.1865585744380951
07-03-1984,0.4359250068664551,0.4381380081176758,67787,0.4381380081176758,0.4381380081176758,0.1865585744380951
08-03-1984,0.4381380081176758,0.4381380081176758,101680,0.45583999156951904,0.45583999156951904,0.1940959393978119
09-03-1984,0.45583999156951904,0.45583999156951904,22596,0.45805299282073975,0.45583999156951904,0.1940959393978119
12-03-1984,0.4536280035972595,0.45583999156951904,50840,0.45805299282073975,0.45805299282073975,0.1950383335351944
13-03-1984,0.45583999156951904,0.45805299282073975,22596,0.46247899532318115,0.45583999156951904,0.1940959393978119
14-03-1984,0.45805299282073975,0.45805299282073975,5649,0.45805299282073975,0.45805299282073975,0.1950383335351944
15-03-1984,0.45583999156951904,0.45805299282073975,56489,0.45805299282073975,0.45583999156951904,0.1940959393978119
16-03-1984,0.4469889998435974,0.4492020010948181,73436,0.4492020010948181,0.4469889998435974,0.19032728672027588
19-03-1984,0.4469889998435974,0.4469889998435974,451913,0.4492020010948181,0.4492020010948181,0.1912696212530136
20-03-1984,0.4381380081176758,0.4447759985923767,101680,0.4447759985923767,0.4381380081176758,0.1865585744380951
21-03-1984,0.4381380081176758,0.4381380081176758,45191,0.4447759985923767,0.4381380081176758,0.1865585744380951
22-03-1984,0.4381380081176758,0.4381380081176758,11298,0.4381380081176758,0.4381380081176758,0.1865585744380951
23-03-1984,0.43149900436401367,0.4381380081176758,271148,0.4403510093688965,0.4403510093688965,0.18750078976154327
26-03-1984,0.4403510093688965,0.4403510093688965,11298,0.4403510093688965,0.4403510093688965,0.18750078976154327
27-03-1984,0.4381380081176758,0.4403510093688965,28245,0.4403510093688965,0.4403510093688965,0.18750078976154327
28-03-1984,0.4381380081176758,0.4381380081176758,56489,0.4381380081176758,0.4381380081176758,0.1865585744380951
29-03-1984,0.4403510093688965,0.4403510093688965,135574,0.4447759985923767,0.4447759985923767,0.1893850862979889
30-03-1984,0.4381380081176758,0.4447759985923767,79085,0.4447759985923767,0.4403510093688965,0.18750078976154327
02-04-1984,0.4381380081176758,0.4381380081176758,45191,0.4381380081176758,0.4381380081176758,0.1865585744380951
03-04-1984,0.4403510093688965,0.4403510093688965,90383,0.4447759985923767,0.4403510093688965,0.18750078976154327
04-04-1984,0.4381380081176758,0.4403510093688965,28245,0.4447759985923767,0.4381380081176758,0.1865585744380951
05-04-1984,0.4381380081176758,0.4381380081176758,0,0.4381380081176758,0.4381380081176758,0.1865585744380951
06-04-1984,0.43149900436401367,0.4381380081176758,79085,0.4381380081176758,0.4381380081176758,0.1865585744380951
09-04-1984,0.42928698658943176,0.43149900436401367,124276,0.43149900436401367,0.43149900436401367,0.18373170495033264
10-04-1984,0.43149900436401367,0.43149900436401367,0,0.43149900436401367,0.43149900436401367,0.18373170495033264
11-04-1984,0.42707398533821106,0.42928698658943176,33893,0.42928698658943176,0.42707398533821106,0.18184755742549896
12-04-1984,0.42043501138687134,0.42707398533821106,101680,0.42707398533821106,0.42043501138687134,0.17902059853076935
13-04-1984,0.413796991109848,0.41822299361228943,56489,0.41822299361228943,0.413796991109848,0.17619413137435913
16-04-1984,0.413796991109848,0.413796991109848,79085,0.42264801263809204,0.42264801263809204,0.17996296286582947
17-04-1984,0.42043501138687134,0.42264801263809204,28245,0.42264801263809204,0.42264801263809204,0.17996296286582947
18-04-1984,0.42264801263809204,0.42264801263809204,192063,0.42707398533821106,0.42707398533821106,0.18184755742549896
19-04-1984,0.42264801263809204,0.42707398533821106,79085,0.42707398533821106,0.42264801263809204,0.17996296286582947
23-04-1984,0.4115839898586273,0.41822299361228943,237254,0.41822299361228943,0.413796991109848,0.17619413137435913
24-04-1984,0.413796991109848,0.413796991109848,28245,0.42043501138687134,0.42043501138687134,0.17902059853076935
25-04-1984,0.42264801263809204,0.42264801263809204,28245,0.42264801263809204,0.42264801263809204,0.17996296286582947
26-04-1984,0.42264801263809204,0.42264801263809204,463210,0.4359250068664551,0.42928698658943176,0.18278983235359192
27-04-1984,0.42928698658943176,0.42928698658943176,124276,0.4359250068664551,0.4359250068664551,0.18561628460884094
30-04-1984,0.4359250068664551,0.4359250068664551,45191,0.4381380081176758,0.4381380081176758,0.1865585744380951
01-05-1984,0.4359250068664551,0.4381380081176758,259850,0.4403510093688965,0.4381380081176758,0.1865585744380951
02-05-1984,0.4447759985923767,0.4447759985923767,73436,0.4469889998435974,0.4469889998435974,0.19032728672027588
03-05-1984,0.4447759985923767,0.4469889998435974,33893,0.4469889998435974,0.4447759985923767,0.1893850862979889
04-05-1984,0.4403510093688965,0.4403510093688965,33893,0.4403510093688965,0.4403510093688965,0.18750078976154327
07-05-1984,0.4381380081176758,0.4381380081176758,33893,0.4381380081176758,0.4381380081176758,0.1865585744380951
08-05-1984,0.4359250068664551,0.4381380081176758,33893,0.4381380081176758,0.4359250068664551,0.18561628460884094
09-05-1984,0.4359250068664551,0.4359250068664551,124276,0.4536280035972595,0.4536280035972595,0.19315411150455475
10-05-1984,0.4469889998435974,0.4492020010948181,33893,0.4492020010948181,0.4469889998435974,0.19032728672027588
11-05-1984,0.4536280035972595,0.4536280035972595,79085,0.45583999156951904,0.45583999156951904,0.1940959393978119
14-05-1984,0.4536280035972595,0.45583999156951904,33893,0.45583999156951904,0.4536280035972595,0.19315411150455475
15-05-1984,0.4469889998435974,0.4536280035972595,112978,0.4536280035972595,0.4492020010948181,0.1912696212530136
16-05-1984,0.4469889998435974,0.4469889998435974,11298,0.4469889998435974,0.4469889998435974,0.19032728672027588
17-05-1984,0.4381380081176758,0.4403510093688965,33893,0.4403510093688965,0.4381380081176758,0.1865585744380951
18-05-1984,0.42928698658943176,0.4359250068664551,56489,0.4359250068664551,0.42928698658943176,0.18278983235359192
21-05-1984,0.42043501138687134,0.42707398533821106,79085,0.42707398533821106,0.42043501138687134,0.17902059853076935
22-05-1984,0.42043501138687134,0.42043501138687134,0,0.42043501138687134,0.42043501138687134,0.17902059853076935
23-05-1984,0.42043501138687134,0.42043501138687134,5649,0.42043501138687134,0.42043501138687134,0.17902059853076935
24-05-1984,0.42264801263809204,0.42264801263809204,5649,0.42264801263809204,0.42264801263809204,0.17996296286582947
25-05-1984,0.42707398533821106,0.42707398533821106,11298,0.42707398533821106,0.42707398533821106,0.18184755742549896
29-05-1984,0.41822299361228943,0.42264801263809204,56489,0.42264801263809204,0.41822299361228943,0.17807874083518982
30-05-1984,0.4115839898586273,0.41822299361228943,67787,0.42043501138687134,0.413796991109848,0.17619413137435913
31-05-1984,0.413796991109848,0.413796991109848,0,0.413796991109848,0.413796991109848,0.17619413137435913
01-06-1984,0.41822299361228943,0.41822299361228943,56489,0.42264801263809204,0.42264801263809204,0.17996296286582947
04-06-1984,0.413796991109848,0.41822299361228943,56489,0.41822299361228943,0.41822299361228943,0.17807874083518982
05-06-1984,0.413796991109848,0.41822299361228943,96031,0.42043501138687134,0.413796991109848,0.17619413137435913
06-06-1984,0.41822299361228943,0.41822299361228943,5649,0.41822299361228943,0.41822299361228943,0.17807874083518982
07-06-1984,0.41822299361228943,0.41822299361228943,11298,0.42043501138687134,0.41822299361228943,0.17807874083518982
08-06-1984,0.4115839898586273,0.413796991109848,56489,0.413796991109848,0.4115839898586273,0.17525187134742737
11-06-1984,0.4115839898586273,0.4115839898586273,56489,0.413796991109848,0.4115839898586273,0.17525187134742737
12-06-1984,0.4027329981327057,0.4115839898586273,79085,0.4115839898586273,0.4049459993839264,0.17242538928985596
13-06-1984,0.4049459993839264,0.4049459993839264,0,0.4049459993839264,0.4049459993839264,0.17242538928985596
14-06-1984,0.4027329981327057,0.4027329981327057,33893,0.4027329981327057,0.4027329981327057,0.1714830994606018
15-06-1984,0.4049459993839264,0.4049459993839264,22596,0.4049459993839264,0.4049459993839264,0.17242538928985596
18-06-1984,0.4093709886074066,0.4093709886074066,259850,0.41822299361228943,0.41822299361228943,0.17807874083518982
19-06-1984,0.4093709886074066,0.413796991109848,169467,0.413796991109848,0.4093709886074066,0.17430967092514038
20-06-1984,0.4027329981327057,0.4049459993839264,33893,0.4049459993839264,0.4027329981327057,0.1714830994606018
21-06-1984,0.42264801263809204,0.42264801263809204,237254,0.43149900436401367,0.43149900436401367,0.18373170495033264
22-06-1984,0.42928698658943176,0.43149900436401367,141223,0.4359250068664551,0.42928698658943176,0.18278983235359192
25-06-1984,0.4359250068664551,0.4359250068664551,11298,0.4359250068664551,0.4359250068664551,0.18561628460884094
26-06-1984,0.4359250068664551,0.4359250068664551,276796,0.4381380081176758,0.4381380081176758,0.1865585744380951
27-06-1984,0.4381380081176758,0.4381380081176758,73436,0.4381380081176758,0.4381380081176758,0.1865585744380951
28-06-1984,0.43149900436401367,0.4381380081176758,33893,0.4381380081176758,0.43149900436401367,0.18373170495033264
29-06-1984,0.42928698658943176,0.42928698658943176,33893,0.42928698658943176,0.42928698658943176,0.18278983235359192
02-07-1984,0.42928698658943176,0.42928698658943176,50840,0.42928698658943176,0.42928698658943176,0.18278983235359192
03-07-1984,0.43149900436401367,0.43149900436401367,779549,0.4447759985923767,0.4403510093688965,0.18750078976154327
05-07-1984,0.4381380081176758,0.4381380081176758,50840,0.4381380081176758,0.4381380081176758,0.1865585744380951
06-07-1984,0.4381380081176758,0.4381380081176758,209010,0.4403510093688965,0.4381380081176758,0.1865585744380951
09-07-1984,0.4381380081176758,0.4381380081176758,79085,0.4403510093688965,0.4381380081176758,0.1865585744380951
10-07-1984,0.4403510093688965,0.4403510093688965,237254,0.4469889998435974,0.4469889998435974,0.19032728672027588
11-07-1984,0.4447759985923767,0.4469889998435974,135574,0.4492020010948181,0.4447759985923767,0.1893850862979889
12-07-1984,0.4381380081176758,0.4403510093688965,96031,0.4403510093688965,0.4381380081176758,0.1865585744380951
13-07-1984,0.4359250068664551,0.4381380081176758,90383,0.4381380081176758,0.4381380081176758,0.1865585744380951
16-07-1984,0.4381380081176758,0.4381380081176758,146872,0.4403510093688965,0.4381380081176758,0.1865585744380951
17-07-1984,0.4381380081176758,0.4381380081176758,56489,0.4403510093688965,0.4381380081176758,0.1865585744380951
18-07-1984,0.4381380081176758,0.4381380081176758,11298,0.4381380081176758,0.4381380081176758,0.1865585744380951
19-07-1984,0.4359250068664551,0.4359250068664551,321988,0.4359250068664551,0.4359250068664551,0.18561628460884094
20-07-1984,0.4359250068664551,0.4359250068664551,50840,0.4359250068664551,0.4359250068664551,0.18561628460884094
23-07-1984,0.4381380081176758,0.4381380081176758,254201,0.4381380081176758,0.4381380081176758,0.1865585744380951
24-07-1984,0.43149900436401367,0.4381380081176758,79085,0.4381380081176758,0.4381380081176758,0.1865585744380951
25-07-1984,0.4359250068664551,0.4381380081176758,259850,0.4381380081176758,0.4381380081176758,0.1865585744380951
26-07-1984,0.4381380081176758,0.4381380081176758,418019,0.4403510093688965,0.4403510093688965,0.18750078976154327
27-07-1984,0.4447759985923767,0.4447759985923767,350232,0.4447759985923767,0.4447759985923767,0.1893850862979889
30-07-1984,0.4447759985923767,0.4447759985923767,282445,0.4469889998435974,0.4447759985923767,0.1893850862979889
31-07-1984,0.4447759985923767,0.4447759985923767,434966,0.4492020010948181,0.4492020010948181,0.1912696212530136
01-08-1984,0.45583999156951904,0.45583999156951904,440615,0.45805299282073975,0.45583999156951904,0.1940959393978119
02-08-1984,0.4492020010948181,0.4492020010948181,96031,0.4492020010948181,0.4492020010948181,0.1912696212530136
03-08-1984,0.4469889998435974,0.4492020010948181,118627,0.45583999156951904,0.45583999156951904,0.1940959393978119
06-08-1984,0.4492020010948181,0.45583999156951904,259850,0.45583999156951904,0.45583999156951904,0.1940959393978119
07-08-1984,0.4536280035972595,0.4536280035972595,112978,0.4536280035972595,0.4536280035972595,0.19315411150455475
08-08-1984,0.4492020010948181,0.4536280035972595,276796,0.45583999156951904,0.4536280035972595,0.19315411150455475
09-08-1984,0.4536280035972595,0.4536280035972595,56489,0.45583999156951904,0.45583999156951904,0.1940959393978119
10-08-1984,0.46247899532318115,0.46247899532318115,163818,0.46469199657440186,0.46469199657440186,0.19786523282527924
13-08-1984,0.46247899532318115,0.46247899532318115,327637,0.46247899532318115,0.46247899532318115,0.19692283868789673
14-08-1984,0.45805299282073975,0.45805299282073975,33893,0.45805299282073975,0.45805299282073975,0.1950383335351944
15-08-1984,0.45583999156951904,0.45805299282073975,271148,0.46247899532318115,0.46247899532318115,0.19692283868789673
16-08-1984,0.46247899532318115,0.46247899532318115,254201,0.46247899532318115,0.46247899532318115,0.19692283868789673
17-08-1984,0.45805299282073975,0.45805299282073975,33893,0.45805299282073975,0.45805299282073975,0.1950383335351944
20-08-1984,0.45805299282073975,0.45805299282073975,0,0.45805299282073975,0.45805299282073975,0.1950383335351944
21-08-1984,0.46247899532318115,0.46247899532318115,180765,0.46247899532318115,0.46247899532318115,0.19692283868789673
22-08-1984,0.46247899532318115,0.46247899532318115,683518,0.46469199657440186,0.46469199657440186,0.19786523282527924
23-08-1984,0.46469199657440186,0.46469199657440186,67787,0.4691169857978821,0.46469199657440186,0.19786523282527924
24-08-1984,0.45583999156951904,0.46247899532318115,112978,0.46247899532318115,0.45805299282073975,0.1950383335351944
27-08-1984,0.45583999156951904,0.45805299282073975,11298,0.45805299282073975,0.45583999156951904,0.1940959393978119
28-08-1984,0.45583999156951904,0.45583999156951904,22596,0.45583999156951904,0.45583999156951904,0.1940959393978119
29-08-1984,0.4536280035972595,0.45583999156951904,96031,0.45583999156951904,0.45583999156951904,0.1940959393978119
30-08-1984,0.4536280035972595,0.45583999156951904,11298,0.45583999156951904,0.4536280035972595,0.19315411150455475
31-08-1984,0.4403510093688965,0.4492020010948181,163818,0.4492020010948181,0.4492020010948181,0.1912696212530136
04-09-1984,0.4492020010948181,0.4492020010948181,33893,0.45583999156951904,0.45583999156951904,0.1940959393978119
05-09-1984,0.45583999156951904,0.45583999156951904,124276,0.45805299282073975,0.45583999156951904,0.1940959393978119
06-09-1984,0.45805299282073975,0.45805299282073975,33893,0.45805299282073975,0.45805299282073975,0.1950383335351944
07-09-1984,0.45583999156951904,0.45583999156951904,254201,0.45583999156951904,0.45583999156951904,0.1940959393978119
10-09-1984,0.45583999156951904,0.45583999156951904,847336,0.4691169857978821,0.4691169857978821,0.19974938035011292
11-09-1984,0.46247899532318115,0.4691169857978821,79085,0.4691169857978821,0.4691169857978821,0.19974938035011292
12-09-1984,0.4691169857978821,0.4691169857978821,1050697,0.4823940098285675,0.4801810085773468,0.20446038246154785
13-09-1984,0.4735429883003235,0.4735429883003235,28245,0.4735429883003235,0.4735429883003235,0.20163390040397644
14-09-1984,0.4735429883003235,0.4735429883003235,186414,0.4823940098285675,0.4801810085773468,0.20446038246154785
17-09-1984,0.4779689908027649,0.4779689908027649,338934,0.4779689908027649,0.4779689908027649,0.20351850986480713
18-09-1984,0.4735429883003235,0.4735429883003235,180765,0.4735429883003235,0.4735429883003235,0.20163390040397644
19-09-1984,0.4691169857978821,0.4691169857978821,11298,0.4691169857978821,0.4691169857978821,0.19974938035011292
20-09-1984,0.4691169857978821,0.4691169857978821,434966,0.4801810085773468,0.4801810085773468,0.20446038246154785
21-09-1984,0.4713299870491028,0.4735429883003235,118627,0.4735429883003235,0.4713299870491028,0.20069153606891632
24-09-1984,0.4713299870491028,0.4713299870491028,367179,0.4779689908027649,0.4735429883003235,0.20163390040397644
25-09-1984,0.4713299870491028,0.4735429883003235,485806,0.4779689908027649,0.4735429883003235,0.20163390040397644
26-09-1984,0.4735429883003235,0.4735429883003235,67787,0.4735429883003235,0.4735429883003235,0.20163390040397644
27-09-1984,0.4735429883003235,0.4735429883003235,73436,0.4735429883003235,0.4735429883003235,0.20163390040397644
28-09-1984,0.4735429883003235,0.4735429883003235,22596,0.4735429883003235,0.4735429883003235,0.20163390040397644
01-10-1984,0.4713299870491028,0.4735429883003235,841687,0.4890330135822296,0.4868200123310089,0.20728731155395508
02-10-1984,0.4823940098285675,0.4823940098285675,79085,0.4823940098285675,0.4823940098285675,0.20540271699428558
03-10-1984,0.4801810085773468,0.4801810085773468,344583,0.4801810085773468,0.4801810085773468,0.20446038246154785
04-10-1984,0.4779689908027649,0.4779689908027649,11298,0.4779689908027649,0.4779689908027649,0.20351850986480713
05-10-1984,0.4801810085773468,0.4801810085773468,418019,0.4801810085773468,0.4801810085773468,0.20446038246154785
08-10-1984,0.4801810085773468,0.4801810085773468,0,0.4801810085773468,0.4801810085773468,0.20446038246154785
09-10-1984,0.4779689908027649,0.4801810085773468,50840,0.4801810085773468,0.4801810085773468,0.20446038246154785
10-10-1984,0.4779689908027649,0.4779689908027649,5649,0.4779689908027649,0.4779689908027649,0.20351850986480713
11-10-1984,0.4779689908027649,0.4779689908027649,33893,0.4823940098285675,0.4823940098285675,0.20540271699428558
12-10-1984,0.4801810085773468,0.4823940098285675,101680,0.4823940098285675,0.4823940098285675,0.20540271699428558
15-10-1984,0.4823940098285675,0.4823940098285675,0,0.4823940098285675,0.4823940098285675,0.20540271699428558
16-10-1984,0.4823940098285675,0.4823940098285675,5649,0.4823940098285675,0.4823940098285675,0.20540271699428558
17-10-1984,0.4735429883003235,0.4735429883003235,146872,0.4735429883003235,0.4735429883003235,0.20163390040397644
18-10-1984,0.46247899532318115,0.4713299870491028,237254,0.4713299870491028,0.46469199657440186,0.19786523282527924
19-10-1984,0.46247899532318115,0.46469199657440186,11298,0.46469199657440186,0.46469199657440186,0.19786523282527924
22-10-1984,0.4691169857978821,0.4691169857978821,209010,0.4713299870491028,0.4691169857978821,0.19974938035011292
23-10-1984,0.4691169857978821,0.4691169857978821,33893,0.4691169857978821,0.4691169857978821,0.19974938035011292
24-10-1984,0.46247899532318115,0.4691169857978821,79085,0.4691169857978821,0.4691169857978821,0.19974938035011292
25-10-1984,0.4691169857978821,0.4691169857978821,5649,0.4691169857978821,0.4691169857978821,0.19974938035011292
26-10-1984,0.4713299870491028,0.4713299870491028,254201,0.4779689908027649,0.4779689908027649,0.20351850986480713
29-10-1984,0.4735429883003235,0.4735429883003235,344583,0.4735429883003235,0.4735429883003235,0.20163390040397644
30-10-1984,0.4779689908027649,0.4779689908027649,22596,0.4801810085773468,0.4779689908027649,0.20351850986480713
31-10-1984,0.4713299870491028,0.4779689908027649,276796,0.4823940098285675,0.4735429883003235,0.20163390040397644
01-11-1984,0.4713299870491028,0.4735429883003235,56489,0.4779689908027649,0.4779689908027649,0.20351850986480713
02-11-1984,0.4779689908027649,0.4779689908027649,101680,0.4823940098285675,0.4779689908027649,0.20351850986480713
05-11-1984,0.4735429883003235,0.4779689908027649,67787,0.4779689908027649,0.4779689908027649,0.20351850986480713
06-11-1984,0.4779689908027649,0.4779689908027649,118627,0.4823940098285675,0.4779689908027649,0.20351850986480713
07-11-1984,0.4779689908027649,0.4779689908027649,180765,0.4823940098285675,0.4823940098285675,0.20540271699428558
08-11-1984,0.4779689908027649,0.4823940098285675,135574,0.4823940098285675,0.4823940098285675,0.20540271699428558
09-11-1984,0.4823940098285675,0.4823940098285675,11298,0.4823940098285675,0.4823940098285675,0.20540271699428558
12-11-1984,0.4823940098285675,0.4823940098285675,0,0.4823940098285675,0.4823940098285675,0.20540271699428558
13-11-1984,0.4735429883003235,0.4823940098285675,124276,0.4823940098285675,0.4735429883003235,0.20163390040397644
14-11-1984,0.4735429883003235,0.4735429883003235,11298,0.4735429883003235,0.4735429883003235,0.20163390040397644
15-11-1984,0.4779689908027649,0.4779689908027649,124276,0.4779689908027649,0.4779689908027649,0.20351850986480713
16-11-1984,0.4779689908027649,0.4779689908027649,124276,0.4801810085773468,0.4779689908027649,0.20351850986480713
19-11-1984,0.4779689908027649,0.4779689908027649,180765,0.4868200123310089,0.4868200123310089,0.20728731155395508
20-11-1984,0.4890330135822296,0.4890330135822296,564891,0.49567100405693054,0.49567100405693054,0.21105599403381348
21-11-1984,0.49788400530815125,0.49788400530815125,73436,0.49788400530815125,0.49788400530815125,0.21199829876422882
23-11-1984,0.49788400530815125,0.49788400530815125,96031,0.5000969767570496,0.5000969767570496,0.21294066309928894
26-11-1984,0.49788400530815125,0.49788400530815125,33893,0.49788400530815125,0.49788400530815125,0.21199829876422882
27-11-1984,0.4912460148334503,0.49567100405693054,124276,0.49567100405693054,0.4912460148334503,0.2091718167066574
28-11-1984,0.4912460148334503,0.4912460148334503,124276,0.49567100405693054,0.49567100405693054,0.21105599403381348
29-11-1984,0.49567100405693054,0.49567100405693054,50840,0.49567100405693054,0.49567100405693054,0.21105599403381348
30-11-1984,0.49567100405693054,0.49567100405693054,0,0.49567100405693054,0.49567100405693054,0.21105599403381348
03-12-1984,0.49567100405693054,0.49567100405693054,350232,0.49788400530815125,0.49788400530815125,0.21199829876422882
04-12-1984,0.4912460148334503,0.49788400530815125,45191,0.49788400530815125,0.49788400530815125,0.21199829876422882
05-12-1984,0.49567100405693054,0.49788400530815125,163818,0.5000969767570496,0.49788400530815125,0.21199829876422882
06-12-1984,0.5000969767570496,0.5000969767570496,457561,0.5045220255851746,0.5045220255851746,0.21482466161251068
07-12-1984,0.4912460148334503,0.5000969767570496,305041,0.5000969767570496,0.4912460148334503,0.2091718167066574
10-12-1984,0.4912460148334503,0.4912460148334503,0,0.4912460148334503,0.4912460148334503,0.2091718167066574
11-12-1984,0.4823940098285675,0.4890330135822296,418019,0.4890330135822296,0.4823940098285675,0.20540271699428558
12-12-1984,0.4823940098285675,0.4823940098285675,11298,0.4823940098285675,0.4823940098285675,0.20540271699428558
13-12-1984,0.4779689908027649,0.4823940098285675,101680,0.4823940098285675,0.4823940098285675,0.20540271699428558
14-12-1984,0.4779689908027649,0.4823940098285675,163818,0.4823940098285675,0.4823940098285675,0.20540271699428558
17-12-1984,0.4801810085773468,0.4801810085773468,11298,0.4801810085773468,0.4801810085773468,0.20446038246154785
18-12-1984,0.4823940098285675,0.4823940098285675,79085,0.49788400530815125,0.49788400530815125,0.21199829876422882
19-12-1984,0.49567100405693054,0.49567100405693054,67787,0.49567100405693054,0.49567100405693054,0.21105599403381348
20-12-1984,0.49567100405693054,0.49567100405693054,33893,0.49788400530815125,0.49788400530815125,0.21199829876422882
21-12-1984,0.4890330135822296,0.49788400530815125,124276,0.49788400530815125,0.4890330135822296,0.20822946727275848
24-12-1984,0.4890330135822296,0.4890330135822296,56489,0.4890330135822296,0.4890330135822296,0.20822946727275848
26-12-1984,0.4868200123310089,0.4890330135822296,101680,0.4890330135822296,0.4890330135822296,0.20822946727275848
27-12-1984,0.4890330135822296,0.4890330135822296,56489,0.4890330135822296,0.4890330135822296,0.20822946727275848
28-12-1984,0.4801810085773468,0.4868200123310089,118627,0.4868200123310089,0.4823940098285675,0.20540271699428558
31-12-1984,0.4823940098285675,0.4823940098285675,163818,0.4890330135822296,0.4890330135822296,0.20822946727275848
02-01-1985,0.4890330135822296,0.4890330135822296,90383,0.49567100405693054,0.49567100405693054,0.21105599403381348
03-01-1985,0.49567100405693054,0.49567100405693054,56489,0.49788400530815125,0.49788400530815125,0.21199829876422882
04-01-1985,0.49788400530815125,0.49788400530815125,0,0.49788400530815125,0.49788400530815125,0.21199829876422882
07-01-1985,0.49788400530815125,0.49788400530815125,96031,0.5067350268363953,0.5067350268363953,0.2157670557498932
08-01-1985,0.5000969767570496,0.5067350268363953,124276,0.5067350268363953,0.5067350268363953,0.2157670557498932
09-01-1985,0.5067350268363953,0.5067350268363953,5649,0.5067350268363953,0.5067350268363953,0.2157670557498932
10-01-1985,0.508948028087616,0.508948028087616,73436,0.5155869722366333,0.5155869722366333,0.21953625977039337
11-01-1985,0.5045220255851746,0.5133739709854126,237254,0.5133739709854126,0.5133739709854126,0.21859385073184967
14-01-1985,0.5155869722366333,0.5155869722366333,169467,0.5244380235671997,0.5244380235671997,0.22330501675605774
15-01-1985,0.5244380235671997,0.5244380235671997,45191,0.5310760140419006,0.5288630127906799,0.22518903017044067
16-01-1985,0.5310760140419006,0.5310760140419006,203361,0.5332890152931213,0.5332890152931213,0.22707368433475494
17-01-1985,0.5332890152931213,0.5332890152931213,67787,0.5399280190467834,0.5399280190467834,0.22990049421787262
18-01-1985,0.5332890152931213,0.5377150177955627,977261,0.5377150177955627,0.5332890152931213,0.22707368433475494
21-01-1985,0.5399280190467834,0.5399280190467834,90383,0.5399280190467834,0.5399280190467834,0.22990049421787262
22-01-1985,0.5487790107727051,0.5487790107727051,847336,0.5598430037498474,0.5509920120239258,0.2346116006374359
23-01-1985,0.5465660095214844,0.5487790107727051,56489,0.5487790107727051,0.5487790107727051,0.2336692065000534
24-01-1985,0.5487790107727051,0.5487790107727051,3716980,0.5664809942245483,0.5642690062522888,0.24026481807231903
25-01-1985,0.5576300024986267,0.5576300024986267,90383,0.5576300024986267,0.5576300024986267,0.2374381124973297
28-01-1985,0.5509920120239258,0.5576300024986267,214658,0.5642690062522888,0.5509920120239258,0.2346116006374359
29-01-1985,0.5487790107727051,0.5487790107727051,5649,0.5487790107727051,0.5487790107727051,0.2336692065000534
30-01-1985,0.5487790107727051,0.5487790107727051,67787,0.5509920120239258,0.5509920120239258,0.2346116006374359
31-01-1985,0.5509920120239258,0.5509920120239258,11298,0.5509920120239258,0.5509920120239258,0.2346116006374359
01-02-1985,0.5509920120239258,0.5509920120239258,0,0.5509920120239258,0.5509920120239258,0.2346116006374359
04-02-1985,0.5465660095214844,0.5509920120239258,237254,0.5576300024986267,0.5576300024986267,0.2374381124973297
05-02-1985,0.555417001247406,0.5576300024986267,73436,0.5598430037498474,0.555417001247406,0.23649585247039795
06-02-1985,0.5487790107727051,0.555417001247406,112978,0.555417001247406,0.5509920120239258,0.2346116006374359
07-02-1985,0.5576300024986267,0.5576300024986267,56489,0.5642690062522888,0.5642690062522888,0.24026481807231903
08-02-1985,0.5576300024986267,0.5642690062522888,689167,0.5664809942245483,0.5576300024986267,0.2374381124973297
11-02-1985,0.542140007019043,0.555417001247406,101680,0.555417001247406,0.542140007019043,0.23084256052970886
12-02-1985,0.5399280190467834,0.542140007019043,22596,0.542140007019043,0.542140007019043,0.23084256052970886
13-02-1985,0.5332890152931213,0.542140007019043,118627,0.5465660095214844,0.5465660095214844,0.23272697627544403
14-02-1985,0.5465660095214844,0.5465660095214844,135574,0.5576300024986267,0.555417001247406,0.23649585247039795
15-02-1985,0.5487790107727051,0.5509920120239258,50840,0.5509920120239258,0.5487790107727051,0.2336692065000534
19-02-1985,0.5487790107727051,0.5487790107727051,33893,0.555417001247406,0.555417001247406,0.23649585247039795
20-02-1985,0.5509920120239258,0.5509920120239258,11298,0.5509920120239258,0.5509920120239258,0.2346116006374359
21-02-1985,0.555417001247406,0.555417001247406,11298,0.555417001247406,0.555417001247406,0.23649585247039795
22-02-1985,0.5487790107727051,0.5509920120239258,50840,0.5509920120239258,0.5509920120239258,0.2346116006374359
25-02-1985,0.5487790107727051,0.5509920120239258,45191,0.555417001247406,0.555417001247406,0.23649585247039795
26-02-1985,0.5487790107727051,0.555417001247406,73436,0.555417001247406,0.5509920120239258,0.2346116006374359
27-02-1985,0.555417001247406,0.555417001247406,28245,0.555417001247406,0.555417001247406,0.23649585247039795
28-02-1985,0.5509920120239258,0.555417001247406,50840,0.5576300024986267,0.5576300024986267,0.2374381124973297
01-03-1985,0.5576300024986267,0.5576300024986267,33893,0.5576300024986267,0.5576300024986267,0.2374381124973297
04-03-1985,0.5576300024986267,0.5576300024986267,259850,0.5576300024986267,0.5576300024986267,0.2374381124973297
05-03-1985,0.5642690062522888,0.5642690062522888,96031,0.5664809942245483,0.5664809942245483,0.24120672047138214
06-03-1985,0.5664809942245483,0.5664809942245483,0,0.5664809942245483,0.5664809942245483,0.24120672047138214
07-03-1985,0.5664809942245483,0.5664809942245483,598784,0.5664809942245483,0.5664809942245483,0.24120672047138214
08-03-1985,0.5664809942245483,0.5664809942245483,299392,0.5664809942245483,0.5664809942245483,0.24120672047138214
11-03-1985,0.5598430037498474,0.5642690062522888,73436,0.5642690062522888,0.5598430037498474,0.23838035762310028
12-03-1985,0.5598430037498474,0.5598430037498474,33893,0.5598430037498474,0.5598430037498474,0.23838035762310028
13-03-1985,0.5598430037498474,0.5598430037498474,28245,0.5598430037498474,0.5598430037498474,0.23838035762310028
14-03-1985,0.5576300024986267,0.5598430037498474,33893,0.5598430037498474,0.5576300024986267,0.2374381124973297
15-03-1985,0.5576300024986267,0.5576300024986267,225956,0.5576300024986267,0.5576300024986267,0.2374381124973297
18-03-1985,0.5487790107727051,0.5576300024986267,282445,0.5598430037498474,0.5598430037498474,0.23838035762310028
19-03-1985,0.5576300024986267,0.5598430037498474,2852698,0.5598430037498474,0.5576300024986267,0.2374381124973297
20-03-1985,0.5576300024986267,0.5576300024986267,0,0.5576300024986267,0.5576300024986267,0.2374381124973297
21-03-1985,0.5509920120239258,0.5576300024986267,112978,0.5576300024986267,0.5576300024986267,0.2374381124973297
22-03-1985,0.5576300024986267,0.5576300024986267,28245,0.5576300024986267,0.5576300024986267,0.2374381124973297
25-03-1985,0.5576300024986267,0.5576300024986267,28245,0.5576300024986267,0.5576300024986267,0.2374381124973297
26-03-1985,0.5576300024986267,0.5576300024986267,0,0.5576300024986267,0.5576300024986267,0.2374381124973297
27-03-1985,0.5487790107727051,0.5509920120239258,141223,0.5509920120239258,0.5509920120239258,0.2346116006374359
28-03-1985,0.555417001247406,0.555417001247406,11298,0.555417001247406,0.555417001247406,0.23649585247039795
29-03-1985,0.5576300024986267,0.5576300024986267,5649,0.5576300024986267,0.5576300024986267,0.2374381124973297
01-04-1985,0.555417001247406,0.5576300024986267,519699,0.568693995475769,0.5664809942245483,0.24120672047138214
02-04-1985,0.5598430037498474,0.5664809942245483,67787,0.5664809942245483,0.5664809942245483,0.24120672047138214
03-04-1985,0.555417001247406,0.5576300024986267,101680,0.5576300024986267,0.555417001247406,0.23649585247039795
04-04-1985,0.5509920120239258,0.555417001247406,33893,0.555417001247406,0.5509920120239258,0.2346116006374359
08-04-1985,0.5509920120239258,0.5509920120239258,5649,0.5509920120239258,0.5509920120239258,0.2346116006374359
09-04-1985,0.5465660095214844,0.5487790107727051,118627,0.5487790107727051,0.5487790107727051,0.2336692065000534
10-04-1985,0.542140007019043,0.5465660095214844,118627,0.5465660095214844,0.542140007019043,0.23084256052970886
11-04-1985,0.5465660095214844,0.5465660095214844,67787,0.5487790107727051,0.5487790107727051,0.2336692065000534
12-04-1985,0.5509920120239258,0.5509920120239258,33893,0.555417001247406,0.5509920120239258,0.2346116006374359
15-04-1985,0.5487790107727051,0.5509920120239258,67787,0.5576300024986267,0.5576300024986267,0.2374381124973297
16-04-1985,0.5576300024986267,0.5576300024986267,158169,0.5576300024986267,0.5576300024986267,0.2374381124973297
17-04-1985,0.5576300024986267,0.5576300024986267,22596,0.5576300024986267,0.5576300024986267,0.2374381124973297
18-04-1985,0.5576300024986267,0.5576300024986267,11298,0.5576300024986267,0.5576300024986267,0.2374381124973297
19-04-1985,0.5576300024986267,0.5576300024986267,0,0.5576300024986267,0.5576300024986267,0.2374381124973297
22-04-1985,0.5576300024986267,0.5576300024986267,0,0.5576300024986267,0.5576300024986267,0.2374381124973297
23-04-1985,0.555417001247406,0.5576300024986267,56489,0.5576300024986267,0.5576300024986267,0.2374381124973297
24-04-1985,0.5576300024986267,0.5576300024986267,0,0.5576300024986267,0.5576300024986267,0.2374381124973297
25-04-1985,0.5576300024986267,0.5576300024986267,28245,0.5576300024986267,0.5576300024986267,0.2374381124973297
26-04-1985,0.5487790107727051,0.5509920120239258,73436,0.5509920120239258,0.5509920120239258,0.2346116006374359
29-04-1985,0.5487790107727051,0.5509920120239258,79085,0.5509920120239258,0.5509920120239258,0.2346116006374359
30-04-1985,0.5465660095214844,0.5487790107727051,101680,0.5487790107727051,0.5487790107727051,0.2336692065000534
01-05-1985,0.5509920120239258,0.5509920120239258,101680,0.5576300024986267,0.5576300024986267,0.2374381124973297
02-05-1985,0.5509920120239258,0.5576300024986267,28245,0.5576300024986267,0.5576300024986267,0.2374381124973297
03-05-1985,0.555417001247406,0.5576300024986267,259850,0.5576300024986267,0.555417001247406,0.23649585247039795
06-05-1985,0.555417001247406,0.555417001247406,33893,0.5598430037498474,0.5598430037498474,0.23838035762310028
07-05-1985,0.5576300024986267,0.5576300024986267,5649,0.5576300024986267,0.5576300024986267,0.2374381124973297
08-05-1985,0.5576300024986267,0.5576300024986267,0,0.5576300024986267,0.5576300024986267,0.2374381124973297
09-05-1985,0.5576300024986267,0.5576300024986267,11298,0.5576300024986267,0.5576300024986267,0.2374381124973297
10-05-1985,0.5576300024986267,0.5576300024986267,33893,0.5576300024986267,0.5576300024986267,0.2374381124973297
13-05-1985,0.5576300024986267,0.5576300024986267,0,0.5576300024986267,0.5576300024986267,0.2374381124973297
14-05-1985,0.555417001247406,0.5576300024986267,118627,0.5576300024986267,0.5576300024986267,0.2374381124973297
15-05-1985,0.5576300024986267,0.5576300024986267,33893,0.5576300024986267,0.5576300024986267,0.2374381124973297
16-05-1985,0.5509920120239258,0.5576300024986267,73436,0.5576300024986267,0.555417001247406,0.23649585247039795
17-05-1985,0.5509920120239258,0.555417001247406,56489,0.5576300024986267,0.5509920120239258,0.2346116006374359
20-05-1985,0.555417001247406,0.555417001247406,73436,0.5598430037498474,0.5598430037498474,0.23838035762310028
21-05-1985,0.5576300024986267,0.5576300024986267,305041,0.5576300024986267,0.5576300024986267,0.2374381124973297
22-05-1985,0.5487790107727051,0.5576300024986267,50840,0.5576300024986267,0.5487790107727051,0.2336692065000534
23-05-1985,0.5487790107727051,0.5487790107727051,22596,0.555417001247406,0.555417001247406,0.23649585247039795
24-05-1985,0.5509920120239258,0.555417001247406,112978,0.5598430037498474,0.5598430037498474,0.23838035762310028
28-05-1985,0.5509920120239258,0.5576300024986267,259850,0.5576300024986267,0.5576300024986267,0.2374381124973297
29-05-1985,0.5487790107727051,0.555417001247406,50840,0.555417001247406,0.555417001247406,0.23649585247039795
30-05-1985,0.555417001247406,0.555417001247406,22596,0.5576300024986267,0.5576300024986267,0.2374381124973297
31-05-1985,0.5509920120239258,0.5576300024986267,50840,0.5576300024986267,0.555417001247406,0.23649585247039795
03-06-1985,0.5487790107727051,0.555417001247406,293743,0.555417001247406,0.555417001247406,0.23649585247039795
04-06-1985,0.5487790107727051,0.555417001247406,203361,0.5576300024986267,0.5576300024986267,0.2374381124973297
05-06-1985,0.5509920120239258,0.5576300024986267,158169,0.5664809942245483,0.5664809942245483,0.24120672047138214
06-06-1985,0.5598430037498474,0.5664809942245483,259850,0.5664809942245483,0.5642690062522888,0.24026481807231903
07-06-1985,0.568693995475769,0.568693995475769,90383,0.568693995475769,0.568693995475769,0.24214918911457062
10-06-1985,0.5664809942245483,0.5664809942245483,56489,0.5664809942245483,0.5664809942245483,0.24120672047138214
11-06-1985,0.568693995475769,0.568693995475769,67787,0.5731199979782104,0.5731199979782104,0.24403366446495056
12-06-1985,0.5775449872016907,0.5775449872016907,214658,0.5908219814300537,0.5775449872016907,0.24591787159442902
13-06-1985,0.5775449872016907,0.5775449872016907,56489,0.5819709897041321,0.5775449872016907,0.24591787159442902
14-06-1985,0.5819709897041321,0.5819709897041321,22596,0.5819709897041321,0.5819709897041321,0.2478024810552597
17-06-1985,0.5775449872016907,0.5775449872016907,11298,0.5775449872016907,0.5775449872016907,0.24591787159442902
18-06-1985,0.5775449872016907,0.5775449872016907,299392,0.5841839909553528,0.5841839909553528,0.24874478578567505
19-06-1985,0.5819709897041321,0.5841839909553528,56489,0.5886099934577942,0.5886099934577942,0.25062912702560425
20-06-1985,0.5841839909553528,0.5886099934577942,28245,0.5908219814300537,0.5908219814300537,0.2515711486339569
21-06-1985,0.5930349826812744,0.5930349826812744,141223,0.6173760294914246,0.6173760294914246,0.2628777325153351
24-06-1985,0.6151630282402039,0.6173760294914246,124276,0.6195889711380005,0.6173760294914246,0.2628777325153351
25-06-1985,0.601885974407196,0.6085249781608582,192063,0.6085249781608582,0.6085249781608582,0.2591090798377991
26-06-1985,0.6085249781608582,0.6085249781608582,0,0.6085249781608582,0.6085249781608582,0.2591090798377991
27-06-1985,0.6085249781608582,0.6085249781608582,28245,0.6085249781608582,0.6085249781608582,0.2591090798377991
28-06-1985,0.5908219814300537,0.6063119769096375,146872,0.6063119769096375,0.5908219814300537,0.2515711486339569
01-07-1985,0.5908219814300537,0.5908219814300537,135574,0.601885974407196,0.601885974407196,0.25628212094306946
02-07-1985,0.6063119769096375,0.6063119769096375,135574,0.6107379794120789,0.6085249781608582,0.2591090798377991
03-07-1985,0.6107379794120789,0.6107379794120789,192063,0.6173760294914246,0.6173760294914246,0.2628777325153351
05-07-1985,0.6240149736404419,0.6240149736404419,28245,0.6262270212173462,0.6262270212173462,0.2666465938091278
08-07-1985,0.6284400224685669,0.6284400224685669,73436,0.635079026222229,0.635079026222229,0.2704157531261444
09-07-1985,0.6372920274734497,0.6372920274734497,186414,0.6417170166969299,0.6417170166969299,0.27324217557907104
10-07-1985,0.635079026222229,0.635079026222229,11298,0.635079026222229,0.635079026222229,0.2704157531261444
11-07-1985,0.6417170166969299,0.6417170166969299,186414,0.648356020450592,0.6417170166969299,0.27324217557907104
12-07-1985,0.6439300179481506,0.6439300179481506,56489,0.6505680084228516,0.6505680084228516,0.2770109474658966
15-07-1985,0.635079026222229,0.635079026222229,146872,0.635079026222229,0.635079026222229,0.2704157531261444
16-07-1985,0.635079026222229,0.635079026222229,79085,0.6439300179481506,0.6417170166969299,0.27324217557907104
17-07-1985,0.6439300179481506,0.6439300179481506,67787,0.6505680084228516,0.6505680084228516,0.2770109474658966
18-07-1985,0.6417170166969299,0.648356020450592,67787,0.648356020450592,0.6417170166969299,0.27324217557907104
19-07-1985,0.6439300179481506,0.6439300179481506,124276,0.648356020450592,0.6439300179481506,0.2741847336292267
22-07-1985,0.648356020450592,0.648356020450592,11298,0.648356020450592,0.648356020450592,0.2760690748691559
23-07-1985,0.6417170166969299,0.6439300179481506,28245,0.6439300179481506,0.6417170166969299,0.27324217557907104
24-07-1985,0.6372920274734497,0.6417170166969299,231605,0.6527810096740723,0.6527810096740723,0.277953177690506
25-07-1985,0.6527810096740723,0.6527810096740723,186414,0.6527810096740723,0.6527810096740723,0.277953177690506
26-07-1985,0.6505680084228516,0.6527810096740723,11298,0.6527810096740723,0.6505680084228516,0.2770109474658966
29-07-1985,0.6439300179481506,0.6439300179481506,11298,0.6439300179481506,0.6439300179481506,0.2741847336292267
30-07-1985,0.6417170166969299,0.6417170166969299,11298,0.6417170166969299,0.6417170166969299,0.27324217557907104
31-07-1985,0.6372920274734497,0.6372920274734497,5649,0.6372920274734497,0.6372920274734497,0.2713581323623657
01-08-1985,0.635079026222229,0.6372920274734497,118627,0.6527810096740723,0.6527810096740723,0.277953177690506
02-08-1985,0.6527810096740723,0.6527810096740723,56489,0.6572070121765137,0.6527810096740723,0.277953177690506
05-08-1985,0.6527810096740723,0.6527810096740723,11298,0.6527810096740723,0.6527810096740723,0.277953177690506
06-08-1985,0.648356020450592,0.6527810096740723,33893,0.6527810096740723,0.6527810096740723,0.277953177690506
07-08-1985,0.6417170166969299,0.6505680084228516,56489,0.6505680084228516,0.6417170166969299,0.27324217557907104
08-08-1985,0.635079026222229,0.6372920274734497,33893,0.6372920274734497,0.6372920274734497,0.2713581323623657
09-08-1985,0.635079026222229,0.635079026222229,11298,0.635079026222229,0.635079026222229,0.2704157531261444
12-08-1985,0.6240149736404419,0.6328660249710083,96031,0.6328660249710083,0.6240149736404419,0.26570454239845276
13-08-1985,0.6151630282402039,0.6173760294914246,73436,0.6173760294914246,0.6151630282402039,0.2619355618953705
14-08-1985,0.6107379794120789,0.6151630282402039,11298,0.6151630282402039,0.6107379794120789,0.2600513696670532
15-08-1985,0.6085249781608582,0.6085249781608582,5649,0.6085249781608582,0.6085249781608582,0.2591090798377991
16-08-1985,0.6085249781608582,0.6085249781608582,0,0.6085249781608582,0.6085249781608582,0.2591090798377991
19-08-1985,0.6085249781608582,0.6085249781608582,11298,0.6151630282402039,0.6151630282402039,0.2619355618953705
20-08-1985,0.6085249781608582,0.6107379794120789,101680,0.6107379794120789,0.6107379794120789,0.2600513696670532
21-08-1985,0.6085249781608582,0.6107379794120789,282445,0.635079026222229,0.635079026222229,0.2704157531261444
22-08-1985,0.6417170166969299,0.6417170166969299,5649,0.6417170166969299,0.6417170166969299,0.27324217557907104
23-08-1985,0.6417170166969299,0.6417170166969299,0,0.6417170166969299,0.6417170166969299,0.27324217557907104
26-08-1985,0.6527810096740723,0.6527810096740723,158169,0.6660580039024353,0.6616330146789551,0.2817223072052002
27-08-1985,0.6616330146789551,0.6616330146789551,28245,0.6660580039024353,0.6616330146789551,0.2817223072052002
28-08-1985,0.6616330146789551,0.6616330146789551,11298,0.6616330146789551,0.6616330146789551,0.2817223072052002
29-08-1985,0.6527810096740723,0.6594200134277344,90383,0.6594200134277344,0.6527810096740723,0.277953177690506
30-08-1985,0.648356020450592,0.6505680084228516,22596,0.6505680084228516,0.6505680084228516,0.2770109474658966
03-09-1985,0.648356020450592,0.6505680084228516,11298,0.6505680084228516,0.6505680084228516,0.2770109474658966
04-09-1985,0.6505680084228516,0.6505680084228516,73436,0.6505680084228516,0.6505680084228516,0.2770109474658966
05-09-1985,0.6505680084228516,0.6505680084228516,28245,0.6505680084228516,0.6505680084228516,0.2770109474658966
06-09-1985,0.6417170166969299,0.6439300179481506,367179,0.6439300179481506,0.6439300179481506,0.2741847336292267
09-09-1985,0.6439300179481506,0.6439300179481506,0,0.6439300179481506,0.6439300179481506,0.2741847336292267
10-09-1985,0.6439300179481506,0.6439300179481506,0,0.6439300179481506,0.6439300179481506,0.2741847336292267
11-09-1985,0.6439300179481506,0.6439300179481506,33893,0.6439300179481506,0.6439300179481506,0.2741847336292267
12-09-1985,0.6417170166969299,0.6439300179481506,45191,0.6505680084228516,0.6417170166969299,0.27324217557907104
13-09-1985,0.6417170166969299,0.6417170166969299,5649,0.6417170166969299,0.6417170166969299,0.27324217557907104
16-09-1985,0.6417170166969299,0.6417170166969299,327637,0.6439300179481506,0.6417170166969299,0.27324217557907104
17-09-1985,0.6328660249710083,0.635079026222229,33893,0.635079026222229,0.6328660249710083,0.26947349309921265
18-09-1985,0.6173760294914246,0.6262270212173462,73436,0.6262270212173462,0.6173760294914246,0.2628777325153351
19-09-1985,0.5974609851837158,0.6107379794120789,237254,0.6107379794120789,0.5996739864349365,0.25534018874168396
20-09-1985,0.5974609851837158,0.5996739864349365,141223,0.6085249781608582,0.6085249781608582,0.2591090798377991
23-09-1985,0.6085249781608582,0.6085249781608582,79085,0.6107379794120789,0.6085249781608582,0.2591090798377991
24-09-1985,0.6085249781608582,0.6085249781608582,28245,0.6085249781608582,0.6085249781608582,0.2591090798377991
25-09-1985,0.6085249781608582,0.6085249781608582,0,0.6085249781608582,0.6085249781608582,0.2591090798377991
26-09-1985,0.6085249781608582,0.6085249781608582,0,0.6085249781608582,0.6085249781608582,0.2591090798377991
30-09-1985,0.5996739864349365,0.6085249781608582,112978,0.6085249781608582,0.6085249781608582,0.2591090798377991
01-10-1985,0.6107379794120789,0.6107379794120789,67787,0.6173760294914246,0.6173760294914246,0.2628777325153351
02-10-1985,0.6173760294914246,0.6173760294914246,79085,0.6262270212173462,0.6262270212173462,0.2666465938091278
03-10-1985,0.6262270212173462,0.6262270212173462,5649,0.6262270212173462,0.6262270212173462,0.2666465938091278
04-10-1985,0.6173760294914246,0.6195889711380005,45191,0.6195889711380005,0.6173760294914246,0.2628777325153351
07-10-1985,0.6085249781608582,0.6151630282402039,90383,0.6151630282402039,0.6085249781608582,0.2591090798377991
08-10-1985,0.601885974407196,0.601885974407196,33893,0.601885974407196,0.601885974407196,0.25628212094306946
09-10-1985,0.601885974407196,0.601885974407196,45191,0.601885974407196,0.601885974407196,0.25628212094306946
10-10-1985,0.5930349826812744,0.601885974407196,180765,0.601885974407196,0.5996739864349365,0.25534018874168396
11-10-1985,0.5996739864349365,0.5996739864349365,0,0.5996739864349365,0.5996739864349365,0.25534018874168396
14-10-1985,0.5996739864349365,0.5996739864349365,11298,0.5996739864349365,0.5996739864349365,0.25534018874168396
15-10-1985,0.5930349826812744,0.5996739864349365,45191,0.5996739864349365,0.5930349826812744,0.25251340866088867
16-10-1985,0.5930349826812744,0.5930349826812744,0,0.5930349826812744,0.5930349826812744,0.25251340866088867
17-10-1985,0.5930349826812744,0.5930349826812744,112978,0.5974609851837158,0.5974609851837158,0.25439807772636414
18-10-1985,0.5974609851837158,0.5974609851837158,79085,0.601885974407196,0.601885974407196,0.25628212094306946
21-10-1985,0.5996739864349365,0.601885974407196,192063,0.601885974407196,0.5996739864349365,0.25534018874168396
22-10-1985,0.5996739864349365,0.5996739864349365,0,0.5996739864349365,0.5996739864349365,0.25534018874168396
23-10-1985,0.5930349826812744,0.5930349826812744,11298,0.5930349826812744,0.5930349826812744,0.25251340866088867
24-10-1985,0.5886099934577942,0.5930349826812744,96031,0.5930349826812744,0.5886099934577942,0.25062912702560425
25-10-1985,0.5930349826812744,0.5930349826812744,11298,0.5930349826812744,0.5930349826812744,0.25251340866088867
28-10-1985,0.5819709897041321,0.5930349826812744,67787,0.5930349826812744,0.5841839909553528,0.24874478578567505
29-10-1985,0.5819709897041321,0.5819709897041321,45191,0.5819709897041321,0.5819709897041321,0.2478024810552597
30-10-1985,0.5841839909553528,0.5841839909553528,22596,0.5841839909553528,0.5841839909553528,0.24874478578567505
31-10-1985,0.5819709897041321,0.5841839909553528,118627,0.5930349826812744,0.5930349826812744,0.25251340866088867
01-11-1985,0.5930349826812744,0.5930349826812744,28245,0.5996739864349365,0.5996739864349365,0.25534018874168396
04-11-1985,0.601885974407196,0.601885974407196,50840,0.6085249781608582,0.6085249781608582,0.2591090798377991
05-11-1985,0.6063119769096375,0.6085249781608582,1186270,0.6173760294914246,0.6173760294914246,0.2628777325153351
06-11-1985,0.6240149736404419,0.6240149736404419,101680,0.6372920274734497,0.6372920274734497,0.2713581323623657
07-11-1985,0.6417170166969299,0.6417170166969299,73436,0.6439300179481506,0.6417170166969299,0.27324217557907104
08-11-1985,0.6439300179481506,0.6439300179481506,67787,0.648356020450592,0.648356020450592,0.2760690748691559
11-11-1985,0.6417170166969299,0.648356020450592,101680,0.6505680084228516,0.6505680084228516,0.2770109474658966
12-11-1985,0.648356020450592,0.6505680084228516,282445,0.6572070121765137,0.6527810096740723,0.277953177690506
13-11-1985,0.6527810096740723,0.6527810096740723,192063,0.6594200134277344,0.6594200134277344,0.28078022599220276
14-11-1985,0.6594200134277344,0.6594200134277344,0,0.6594200134277344,0.6594200134277344,0.28078022599220276
15-11-1985,0.6572070121765137,0.6594200134277344,90383,0.6616330146789551,0.6616330146789551,0.2817223072052002
18-11-1985,0.6616330146789551,0.6616330146789551,45191,0.6616330146789551,0.6616330146789551,0.2817223072052002
19-11-1985,0.6616330146789551,0.6616330146789551,276796,0.6616330146789551,0.6616330146789551,0.2817223072052002
20-11-1985,0.668271005153656,0.668271005153656,11298,0.668271005153656,0.668271005153656,0.28454869985580444
21-11-1985,0.6704840064048767,0.6704840064048767,90383,0.6771219968795776,0.6704840064048767,0.28549113869667053
22-11-1985,0.6704840064048767,0.6704840064048767,56489,0.6771219968795776,0.6771219968795776,0.28831762075424194
25-11-1985,0.6704840064048767,0.6771219968795776,96031,0.6771219968795776,0.6771219968795776,0.28831762075424194
26-11-1985,0.6771219968795776,0.6771219968795776,711762,0.6859740018844604,0.6837610006332397,0.29114437103271484
27-11-1985,0.6771219968795776,0.6837610006332397,112978,0.6859740018844604,0.6859740018844604,0.2920868396759033
29-11-1985,0.6859740018844604,0.6859740018844604,50840,0.68818598985672,0.6859740018844604,0.2920868396759033
02-12-1985,0.6771219968795776,0.6859740018844604,711762,0.6859740018844604,0.6859740018844604,0.2920868396759033
03-12-1985,0.6926119923591614,0.6926119923591614,112978,0.6948249936103821,0.6948249936103821,0.2958555817604065
04-12-1985,0.6948249936103821,0.6948249936103821,0,0.6948249936103821,0.6948249936103821,0.2958555817604065
05-12-1985,0.68818598985672,0.68818598985672,11298,0.68818598985672,0.68818598985672,0.2930286228656769
06-12-1985,0.6948249936103821,0.6948249936103821,11298,0.6948249936103821,0.6948249936103821,0.2958555817604065
09-12-1985,0.6926119923591614,0.6948249936103821,56489,0.6970379948616028,0.6970379948616028,0.2967977523803711
10-12-1985,0.6948249936103821,0.6948249936103821,11298,0.6948249936103821,0.6948249936103821,0.2958555817604065
11-12-1985,0.6948249936103821,0.6948249936103821,33893,0.6948249936103821,0.6948249936103821,0.2958555817604065
12-12-1985,0.68818598985672,0.6948249936103821,135574,0.6948249936103821,0.6948249936103821,0.2958555817604065
13-12-1985,0.6970379948616028,0.6970379948616028,45191,0.701462984085083,0.701462984085083,0.2986818552017212
16-12-1985,0.701462984085083,0.701462984085083,169467,0.7125269770622253,0.7103139758110046,0.3024507164955139
17-12-1985,0.7125269770622253,0.7125269770622253,141223,0.7457200288772583,0.7457200288772583,0.31752654910087585
18-12-1985,0.7368680238723755,0.7435070276260376,56489,0.7435070276260376,0.7368680238723755,0.31375741958618164
19-12-1985,0.7390810251235962,0.7390810251235962,45191,0.7457200288772583,0.7457200288772583,0.31752654910087585
20-12-1985,0.7457200288772583,0.7457200288772583,248552,0.7634220123291016,0.7634220123291016,0.3250640332698822
23-12-1985,0.7523580193519592,0.7634220123291016,327637,0.767848014831543,0.7523580193519592,0.32035303115844727
24-12-1985,0.7435070276260376,0.7457200288772583,79085,0.7457200288772583,0.7435070276260376,0.31658419966697693
26-12-1985,0.7368680238723755,0.7368680238723755,33893,0.7368680238723755,0.7368680238723755,0.31375741958618164
27-12-1985,0.7346550226211548,0.7368680238723755,124276,0.7390810251235962,0.7346550226211548,0.3128150999546051
30-12-1985,0.7213789820671082,0.7346550226211548,141223,0.7346550226211548,0.7213789820671082,0.30716225504875183
31-12-1985,0.7213789820671082,0.7213789820671082,96031,0.7368680238723755,0.7368680238723755,0.31375741958618164
02-01-1986,0.7346550226211548,0.7368680238723755,90383,0.7479320168495178,0.7479320168495178,0.31846848130226135
03-01-1986,0.7545710206031799,0.7545710206031799,56489,0.7612090110778809,0.7612090110778809,0.3241215646266937
06-01-1986,0.7545710206031799,0.7612090110778809,56489,0.7612090110778809,0.7612090110778809,0.3241215646266937
07-01-1986,0.7567840218544006,0.7612090110778809,45191,0.7612090110778809,0.7567840218544006,0.3222375214099884
08-01-1986,0.7567840218544006,0.7567840218544006,0,0.7567840218544006,0.7567840218544006,0.3222375214099884
09-01-1986,0.7479320168495178,0.7545710206031799,169467,0.7545710206031799,0.7479320168495178,0.31846848130226135
10-01-1986,0.7457200288772583,0.7479320168495178,112978,0.7479320168495178,0.7457200288772583,0.31752654910087585
13-01-1986,0.7457200288772583,0.7457200288772583,33893,0.7457200288772583,0.7457200288772583,0.31752654910087585
14-01-1986,0.7457200288772583,0.7457200288772583,169467,0.7457200288772583,0.7457200288772583,0.31752654910087585
15-01-1986,0.7523580193519592,0.7523580193519592,56489,0.7545710206031799,0.7545710206031799,0.3212953507900238
16-01-1986,0.7523580193519592,0.7523580193519592,45191,0.7523580193519592,0.7523580193519592,0.32035303115844727
17-01-1986,0.7457200288772583,0.7479320168495178,33893,0.7479320168495178,0.7457200288772583,0.31752654910087585
20-01-1986,0.7457200288772583,0.7457200288772583,11298,0.7457200288772583,0.7457200288772583,0.31752654910087585
21-01-1986,0.7435070276260376,0.7435070276260376,22596,0.7435070276260376,0.7435070276260376,0.31658419966697693
22-01-1986,0.7435070276260376,0.7435070276260376,22596,0.7435070276260376,0.7435070276260376,0.31658419966697693
23-01-1986,0.7457200288772583,0.7457200288772583,22596,0.7479320168495178,0.7479320168495178,0.31846848130226135
24-01-1986,0.7523580193519592,0.7523580193519592,209010,0.7612090110778809,0.7545710206031799,0.3212953507900238
27-01-1986,0.7545710206031799,0.7545710206031799,33893,0.7545710206031799,0.7545710206031799,0.3212953507900238
28-01-1986,0.7523580193519592,0.7545710206031799,28245,0.7545710206031799,0.7523580193519592,0.32035303115844727
29-01-1986,0.7523580193519592,0.7523580193519592,11298,0.7523580193519592,0.7523580193519592,0.32035303115844727
30-01-1986,0.7457200288772583,0.7479320168495178,28245,0.7479320168495178,0.7457200288772583,0.31752654910087585
31-01-1986,0.7435070276260376,0.7457200288772583,50840,0.7523580193519592,0.7523580193519592,0.32035303115844727
03-02-1986,0.7545710206031799,0.7545710206031799,67787,0.7567840218544006,0.7567840218544006,0.3222375214099884
04-02-1986,0.7612090110778809,0.7612090110778809,73436,0.7612090110778809,0.7612090110778809,0.3241215646266937
05-02-1986,0.7545710206031799,0.7612090110778809,50840,0.7612090110778809,0.7612090110778809,0.3241215646266937
06-02-1986,0.7567840218544006,0.7567840218544006,11298,0.7567840218544006,0.7567840218544006,0.3222375214099884
07-02-1986,0.7545710206031799,0.7545710206031799,45191,0.7545710206031799,0.7545710206031799,0.3212953507900238
10-02-1986,0.7545710206031799,0.7545710206031799,33893,0.7612090110778809,0.7612090110778809,0.3241215646266937
11-02-1986,0.7612090110778809,0.7612090110778809,22596,0.7612090110778809,0.7612090110778809,0.3241215646266937
12-02-1986,0.7634220123291016,0.7634220123291016,11298,0.767848014831543,0.767848014831543,0.3269484341144562
13-02-1986,0.7877629995346069,0.7877629995346069,463210,0.7966139912605286,0.7877629995346069,0.3354284167289734
14-02-1986,0.7877629995346069,0.7877629995346069,0,0.7877629995346069,0.7877629995346069,0.3354284167289734
18-02-1986,0.794402003288269,0.794402003288269,45191,0.7988269925117493,0.7966139912605286,0.33919697999954224
19-02-1986,0.7966139912605286,0.7966139912605286,45191,0.7966139912605286,0.7966139912605286,0.33919697999954224
20-02-1986,0.7899760007858276,0.7899760007858276,5649,0.7899760007858276,0.7899760007858276,0.3363706171512604
21-02-1986,0.767848014831543,0.7899760007858276,169467,0.7966139912605286,0.767848014831543,0.3269484341144562
24-02-1986,0.7567840218544006,0.7634220123291016,169467,0.7634220123291016,0.7612090110778809,0.3241215646266937
25-02-1986,0.7634220123291016,0.7634220123291016,915123,0.7789120078086853,0.7789120078086853,0.3316594362258911
26-02-1986,0.781125009059906,0.781125009059906,11298,0.781125009059906,0.781125009059906,0.332601934671402
27-02-1986,0.781125009059906,0.781125009059906,67787,0.7877629995346069,0.781125009059906,0.332601934671402
28-02-1986,0.7855499982833862,0.7855499982833862,11298,0.7877629995346069,0.7877629995346069,0.3354284167289734
03-03-1986,0.7899760007858276,0.7899760007858276,67787,0.7966139912605286,0.794402003288269,0.33825522661209106
04-03-1986,0.7966139912605286,0.7966139912605286,5649,0.7966139912605286,0.7966139912605286,0.33919697999954224
05-03-1986,0.794402003288269,0.7966139912605286,118627,0.7966139912605286,0.794402003288269,0.33825522661209106
06-03-1986,0.7899760007858276,0.794402003288269,79085,0.7966139912605286,0.7899760007858276,0.3363706171512604
07-03-1986,0.7899760007858276,0.7899760007858276,5649,0.7899760007858276,0.7899760007858276,0.3363706171512604
10-03-1986,0.7966139912605286,0.7966139912605286,22596,0.7966139912605286,0.7966139912605286,0.33919697999954224
11-03-1986,0.7988269925117493,0.7988269925117493,67787,0.8054659962654114,0.8054659962654114,0.3429661989212036
12-03-1986,0.7966139912605286,0.8054659962654114,395423,0.8076779842376709,0.7988269925117493,0.3401394486427307
13-03-1986,0.8032529950141907,0.8032529950141907,186414,0.8076779842376709,0.8076779842376709,0.34390825033187866
14-03-1986,0.8076779842376709,0.8076779842376709,180765,0.8231679797172546,0.8231679797172546,0.35050374269485474
17-03-1986,0.8209549784660339,0.8231679797172546,163818,0.8298069834709167,0.8231679797172546,0.35050374269485474
18-03-1986,0.8209549784660339,0.8231679797172546,79085,0.8231679797172546,0.8231679797172546,0.35050374269485474
19-03-1986,0.8231679797172546,0.8231679797172546,33893,0.827593982219696,0.827593982219696,0.35238826274871826
20-03-1986,0.827593982219696,0.827593982219696,214658,0.8320189714431763,0.827593982219696,0.35238826274871826
21-03-1986,0.8298069834709167,0.8298069834709167,530997,0.8497220277786255,0.8497220277786255,0.36181026697158813
24-03-1986,0.8452960252761841,0.8497220277786255,67787,0.8629990220069885,0.8629990220069885,0.3674637973308563
25-03-1986,0.8563600182533264,0.8629990220069885,67787,0.8652120232582092,0.8652120232582092,0.3684059977531433
26-03-1986,0.8652120232582092,0.8652120232582092,169467,0.8917660117149353,0.8917660117149353,0.3797127902507782
27-03-1986,0.8829140067100525,0.8917660117149353,96031,0.8961910009384155,0.8829140067100525,0.37594345211982727
31-03-1986,0.8740630149841309,0.8807010054588318,96031,0.8807010054588318,0.8807010054588318,0.3750012218952179
01-04-1986,0.8652120232582092,0.8762760162353516,124276,0.8762760162353516,0.8652120232582092,0.3684059977531433
02-04-1986,0.8629990220069885,0.8629990220069885,45191,0.8629990220069885,0.8629990220069885,0.3674637973308563
03-04-1986,0.8497220277786255,0.8629990220069885,79085,0.8652120232582092,0.8497220277786255,0.36181026697158813
04-04-1986,0.814316987991333,0.8452960252761841,576188,0.8452960252761841,0.8231679797172546,0.35050374269485474
07-04-1986,0.8165299892425537,0.8209549784660339,33893,0.8209549784660339,0.8165299892425537,0.3476773202419281
08-04-1986,0.8054659962654114,0.814316987991333,146872,0.814316987991333,0.8121039867401123,0.345792680978775
09-04-1986,0.8121039867401123,0.8121039867401123,0,0.8121039867401123,0.8121039867401123,0.345792680978775
10-04-1986,0.8121039867401123,0.8121039867401123,5649,0.8121039867401123,0.8121039867401123,0.345792680978775
11-04-1986,0.8054659962654114,0.8054659962654114,11298,0.8054659962654114,0.8054659962654114,0.3429661989212036
14-04-1986,0.8032529950141907,0.8054659962654114,50840,0.8054659962654114,0.8054659962654114,0.3429661989212036
15-04-1986,0.8076779842376709,0.8076779842376709,79085,0.814316987991333,0.814316987991333,0.3467349410057068
16-04-1986,0.8121039867401123,0.814316987991333,56489,0.8165299892425537,0.8165299892425537,0.3476773202419281
17-04-1986,0.8121039867401123,0.8165299892425537,101680,0.8165299892425537,0.8121039867401123,0.345792680978775
18-04-1986,0.8054659962654114,0.8121039867401123,22596,0.814316987991333,0.814316987991333,0.3467349410057068
21-04-1986,0.814316987991333,0.814316987991333,33893,0.8209549784660339,0.8209549784660339,0.349561482667923
22-04-1986,0.8165299892425537,0.8165299892425537,11298,0.8165299892425537,0.8165299892425537,0.3476773202419281
23-04-1986,0.8032529950141907,0.8165299892425537,158169,0.8165299892425537,0.8165299892425537,0.3476773202419281
24-04-1986,0.8209549784660339,0.8209549784660339,141223,0.8298069834709167,0.8298069834709167,0.3533307909965515
25-04-1986,0.8298069834709167,0.8298069834709167,0,0.8298069834709167,0.8298069834709167,0.3533307909965515
28-04-1986,0.8364449739456177,0.8364449739456177,124276,0.8475090265274048,0.8475090265274048,0.3608681857585907
29-04-1986,0.8452960252761841,0.8475090265274048,79085,0.8475090265274048,0.8475090265274048,0.3608681857585907
30-04-1986,0.8386579751968384,0.8452960252761841,79085,0.8452960252761841,0.8386579751968384,0.35709914565086365
01-05-1986,0.8364449739456177,0.8386579751968384,112978,0.8408709764480591,0.8364449739456177,0.3561570942401886
02-05-1986,0.814316987991333,0.8364449739456177,90383,0.8364449739456177,0.814316987991333,0.3467349410057068
05-05-1986,0.8076779842376709,0.8121039867401123,56489,0.8121039867401123,0.8076779842376709,0.34390825033187866
06-05-1986,0.7877629995346069,0.8054659962654114,112978,0.8054659962654114,0.7877629995346069,0.3354284167289734
07-05-1986,0.7855499982833862,0.7855499982833862,11298,0.7855499982833862,0.7855499982833862,0.3344860374927521
08-05-1986,0.7789120078086853,0.7855499982833862,96031,0.7855499982833862,0.7789120078086853,0.3316594362258911
09-05-1986,0.7700610160827637,0.7789120078086853,90383,0.7789120078086853,0.7789120078086853,0.3316594362258911
12-05-1986,0.7722730040550232,0.7766990065574646,11298,0.7766990065574646,0.7722730040550232,0.3288329839706421
13-05-1986,0.7766990065574646,0.7766990065574646,192063,0.7855499982833862,0.781125009059906,0.332601934671402
14-05-1986,0.7789120078086853,0.781125009059906,22596,0.781125009059906,0.781125009059906,0.332601934671402
15-05-1986,0.7789120078086853,0.781125009059906,124276,0.781125009059906,0.781125009059906,0.332601934671402
16-05-1986,0.7789120078086853,0.7789120078086853,11298,0.7789120078086853,0.7789120078086853,0.3316594362258911
19-05-1986,0.7766990065574646,0.7789120078086853,73436,0.781125009059906,0.7766990065574646,0.3307173550128937
20-05-1986,0.7700610160827637,0.7766990065574646,45191,0.7766990065574646,0.7766990065574646,0.3307173550128937
21-05-1986,0.7766990065574646,0.7766990065574646,33893,0.7789120078086853,0.7766990065574646,0.3307173550128937
22-05-1986,0.7789120078086853,0.7789120078086853,5649,0.7789120078086853,0.7789120078086853,0.3316594362258911
23-05-1986,0.781125009059906,0.781125009059906,90383,0.7855499982833862,0.781125009059906,0.332601934671402
27-05-1986,0.7789120078086853,0.781125009059906,79085,0.7855499982833862,0.7789120078086853,0.3316594362258911
28-05-1986,0.781125009059906,0.781125009059906,67787,0.7877629995346069,0.7855499982833862,0.3344860374927521
29-05-1986,0.7877629995346069,0.7877629995346069,96031,0.794402003288269,0.794402003288269,0.33825522661209106
30-05-1986,0.7966139912605286,0.7966139912605286,118627,0.8076779842376709,0.8076779842376709,0.34390825033187866
02-06-1986,0.8054659962654114,0.8054659962654114,5649,0.8054659962654114,0.8054659962654114,0.3429661989212036
03-06-1986,0.8054659962654114,0.8054659962654114,11298,0.8054659962654114,0.8054659962654114,0.3429661989212036
04-06-1986,0.8054659962654114,0.8054659962654114,0,0.8054659962654114,0.8054659962654114,0.3429661989212036
05-06-1986,0.8032529950141907,0.8054659962654114,101680,0.8076779842376709,0.8054659962654114,0.3429661989212036
06-06-1986,0.8054659962654114,0.8054659962654114,33893,0.8076779842376709,0.8076779842376709,0.34390825033187866
09-06-1986,0.7988269925117493,0.8054659962654114,22596,0.8054659962654114,0.7988269925117493,0.3401394486427307
10-06-1986,0.7966139912605286,0.7966139912605286,11298,0.7966139912605286,0.7966139912605286,0.33919697999954224
11-06-1986,0.7877629995346069,0.7966139912605286,141223,0.7966139912605286,0.7966139912605286,0.33919697999954224
12-06-1986,0.7988269925117493,0.7988269925117493,73436,0.814316987991333,0.814316987991333,0.3467349410057068
13-06-1986,0.8209549784660339,0.8209549784660339,254201,0.8652120232582092,0.8629990220069885,0.3674637973308563
16-06-1986,0.8652120232582092,0.8652120232582092,50840,0.8807010054588318,0.8807010054588318,0.3750012218952179
17-06-1986,0.8762760162353516,0.8807010054588318,214658,0.9072549939155579,0.9072549939155579,0.38630786538124084
18-06-1986,0.9006170034408569,0.9072549939155579,299392,0.91389399766922,0.91389399766922,0.3891346752643585
19-06-1986,0.9161069989204407,0.9161069989204407,282445,0.9426599740982056,0.9360219836235046,0.39855673909187317
20-06-1986,0.9360219836235046,0.9360219836235046,146872,0.9426599740982056,0.9426599740982056,0.40138307213783264
23-06-1986,0.9426599740982056,0.9426599740982056,56489,0.9426599740982056,0.9426599740982056,0.40138307213783264
24-06-1986,0.940447986125946,0.9426599740982056,248552,0.9869170188903809,0.9869170188903809,0.42022767663002014
25-06-1986,0.9847040176391602,0.9869170188903809,180765,1.0024060010910034,0.9935550093650818,0.4230543375015259
26-06-1986,0.9935550093650818,0.9935550093650818,67787,1.0024060010910034,1.0024060010910034,0.4268232583999634
27-06-1986,0.9935550093650818,1.0001939535140991,79085,1.0001939535140991,0.9935550093650818,0.4230543375015259
30-06-1986,0.9847040176391602,0.9935550093650818,101680,0.9935550093650818,0.9935550093650818,0.4230543375015259
01-07-1986,0.9935550093650818,0.9935550093650818,45191,1.0024060010910034,1.0024060010910034,0.4268232583999634
02-07-1986,1.0001939535140991,1.0024060010910034,33893,1.0090450048446655,1.0090450048446655,0.42964980006217957
03-07-1986,1.0112580060958862,1.0112580060958862,372828,1.0267469882965088,1.0201090574264526,0.43436098098754883
07-07-1986,1.0068320035934448,1.017896056175232,90383,1.017896056175232,1.0090450048446655,0.42964980006217957
08-07-1986,0.9869170188903809,1.0024060010910034,101680,1.0024060010910034,0.9869170188903809,0.42022767663002014
09-07-1986,1.0001939535140991,1.0001939535140991,361530,1.0156830549240112,1.0112580060958862,0.4305923283100128
10-07-1986,1.0112580060958862,1.0112580060958862,56489,1.017896056175232,1.0112580060958862,0.4305923283100128
11-07-1986,1.0024060010910034,1.0090450048446655,282445,1.0090450048446655,1.0024060010910034,0.4268232583999634
14-07-1986,1.0001939535140991,1.0024060010910034,11298,1.0024060010910034,1.0001939535140991,0.4258813261985779
15-07-1986,0.9847040176391602,1.0001939535140991,440615,1.0024060010910034,0.9935550093650818,0.4230543375015259
16-07-1986,0.9935550093650818,0.9935550093650818,169467,0.9957680106163025,0.9957680106163025,0.42399659752845764
17-07-1986,0.9935550093650818,0.9935550093650818,79085,0.9935550093650818,0.9935550093650818,0.4230543375015259
18-07-1986,0.9869170188903809,0.9935550093650818,248552,0.9935550093650818,0.9935550093650818,0.4230543375015259
21-07-1986,0.9847040176391602,0.9935550093650818,79085,0.9935550093650818,0.9847040176391602,0.4192855656147003
22-07-1986,0.9736400246620178,0.9847040176391602,118627,0.9869170188903809,0.9736400246620178,0.41457462310791016
23-07-1986,0.9338089823722839,0.9692140221595764,316339,0.9692140221595764,0.9338089823722839,0.39761456847190857
24-07-1986,0.9050419926643372,0.9338089823722839,209010,0.9338089823722839,0.9050419926643372,0.38536566495895386
25-07-1986,0.8807010054588318,0.9006170034408569,135574,0.9006170034408569,0.8807010054588318,0.3750012218952179
28-07-1986,0.8807010054588318,0.8807010054588318,73436,0.8829140067100525,0.8829140067100525,0.37594345211982727
29-07-1986,0.8873400092124939,0.8873400092124939,146872,0.8917660117149353,0.8917660117149353,0.3797127902507782
30-07-1986,0.8984040021896362,0.8984040021896362,259850,0.9249579906463623,0.9249579906463623,0.39384567737579346
31-07-1986,0.927170991897583,0.927170991897583,124276,0.940447986125946,0.940447986125946,0.4004414975643158
01-08-1986,0.940447986125946,0.940447986125946,203361,0.9670010209083557,0.9670010209083557,0.41174769401550293
04-08-1986,0.9581500291824341,0.96036297082901,50840,0.96036297082901,0.96036297082901,0.40892118215560913
05-08-1986,0.9559370279312134,0.96036297082901,50840,0.96036297082901,0.9559370279312134,0.4070367217063904
06-08-1986,0.947085976600647,0.9492989778518677,96031,0.9492989778518677,0.947085976600647,0.4032678008079529
07-08-1986,0.9492989778518677,0.9492989778518677,5649,0.9492989778518677,0.9492989778518677,0.40421006083488464
08-08-1986,0.940447986125946,0.9426599740982056,11298,0.9426599740982056,0.940447986125946,0.4004414975643158
11-08-1986,0.9338089823722839,0.9338089823722839,11298,0.9338089823722839,0.9338089823722839,0.39761456847190857
12-08-1986,0.9183189868927002,0.9338089823722839,305041,0.9338089823722839,0.9338089823722839,0.39761456847190857
13-08-1986,0.927170991897583,0.9338089823722839,56489,0.9338089823722839,0.9315959811210632,0.39667218923568726
14-08-1986,0.9161069989204407,0.9227449893951416,180765,0.9227449893951416,0.9227449893951416,0.39290356636047363
15-08-1986,0.9183189868927002,0.9227449893951416,186414,0.9338089823722839,0.9338089823722839,0.39761456847190857
18-08-1986,0.9227449893951416,0.927170991897583,33893,0.927170991897583,0.9249579906463623,0.39384567737579346
19-08-1986,0.9161069989204407,0.9183189868927002,11298,0.9183189868927002,0.9161069989204407,0.3900771141052246
20-08-1986,0.9161069989204407,0.9161069989204407,5649,0.9161069989204407,0.9161069989204407,0.3900771141052246
21-08-1986,0.9183189868927002,0.9183189868927002,5649,0.9183189868927002,0.9183189868927002,0.3910190463066101
22-08-1986,0.9183189868927002,0.9183189868927002,0,0.9183189868927002,0.9183189868927002,0.3910190463066101
25-08-1986,0.9183189868927002,0.9183189868927002,0,0.9183189868927002,0.9183189868927002,0.3910190463066101
26-08-1986,0.9072549939155579,0.9183189868927002,977261,0.9227449893951416,0.9183189868927002,0.3910190463066101
27-08-1986,0.9227449893951416,0.9227449893951416,22596,0.9227449893951416,0.9227449893951416,0.39290356636047363
28-08-1986,0.9161069989204407,0.9183189868927002,33893,0.9183189868927002,0.9183189868927002,0.3910190463066101
29-08-1986,0.9183189868927002,0.9183189868927002,0,0.9183189868927002,0.9183189868927002,0.3910190463066101
02-09-1986,0.8895530104637146,0.91389399766922,112978,0.91389399766922,0.8895530104637146,0.37877053022384644
03-09-1986,0.8829140067100525,0.8895530104637146,67787,0.8917660117149353,0.8873400092124939,0.377828449010849
04-09-1986,0.8829140067100525,0.8873400092124939,163818,0.9094679951667786,0.9094679951667786,0.38725006580352783
05-09-1986,0.9094679951667786,0.9094679951667786,101680,0.9183189868927002,0.9183189868927002,0.3910190463066101
08-09-1986,0.9006170034408569,0.9161069989204407,56489,0.9161069989204407,0.9006170034408569,0.3834814131259918
09-09-1986,0.8917660117149353,0.8961910009384155,22596,0.8961910009384155,0.8917660117149353,0.3797127902507782
10-09-1986,0.8829140067100525,0.8917660117149353,124276,0.8917660117149353,0.8917660117149353,0.3797127902507782
11-09-1986,0.8497220277786255,0.8895530104637146,395423,0.8895530104637146,0.8497220277786255,0.36181026697158813
12-09-1986,0.8364449739456177,0.8475090265274048,225956,0.8475090265274048,0.8408709764480591,0.3580416142940521
15-09-1986,0.8320189714431763,0.8408709764480591,305041,0.8408709764480591,0.8320189714431763,0.3542724549770355
16-09-1986,0.8320189714431763,0.8320189714431763,0,0.8320189714431763,0.8320189714431763,0.3542724549770355
17-09-1986,0.8320189714431763,0.8320189714431763,11298,0.8320189714431763,0.8320189714431763,0.3542724549770355
18-09-1986,0.8320189714431763,0.8320189714431763,0,0.8320189714431763,0.8320189714431763,0.3542724549770355
19-09-1986,0.8298069834709167,0.8298069834709167,11298,0.8298069834709167,0.8298069834709167,0.3533307909965515
22-09-1986,0.8298069834709167,0.8298069834709167,73436,0.8364449739456177,0.8364449739456177,0.3561570942401886
23-09-1986,0.8298069834709167,0.8298069834709167,11298,0.8298069834709167,0.8298069834709167,0.3533307909965515
24-09-1986,0.8298069834709167,0.8298069834709167,0,0.8298069834709167,0.8298069834709167,0.3533307909965515
25-09-1986,0.8298069834709167,0.8298069834709167,79085,0.8298069834709167,0.8298069834709167,0.3533307909965515
26-09-1986,0.8298069834709167,0.8298069834709167,11298,0.8298069834709167,0.8298069834709167,0.3533307909965515
29-09-1986,0.8298069834709167,0.8298069834709167,56489,0.8298069834709167,0.8298069834709167,0.3533307909965515
30-09-1986,0.8298069834709167,0.8298069834709167,0,0.8298069834709167,0.8298069834709167,0.3533307909965515
01-10-1986,0.827593982219696,0.8298069834709167,90383,0.8298069834709167,0.8298069834709167,0.3533307909965515
02-10-1986,0.8076779842376709,0.8209549784660339,146872,0.8209549784660339,0.8165299892425537,0.3476773202419281
03-10-1986,0.8165299892425537,0.8165299892425537,11298,0.8165299892425537,0.8165299892425537,0.3476773202419281
06-10-1986,0.8209549784660339,0.8209549784660339,50840,0.827593982219696,0.827593982219696,0.35238826274871826
07-10-1986,0.8209549784660339,0.827593982219696,112978,0.8298069834709167,0.8209549784660339,0.349561482667923
08-10-1986,0.8209549784660339,0.8209549784660339,282445,0.8320189714431763,0.8320189714431763,0.3542724549770355
09-10-1986,0.8209549784660339,0.8320189714431763,463210,0.8364449739456177,0.8320189714431763,0.3542724549770355
10-10-1986,0.8364449739456177,0.8364449739456177,28245,0.8386579751968384,0.8386579751968384,0.35709914565086365
13-10-1986,0.8386579751968384,0.8386579751968384,0,0.8386579751968384,0.8386579751968384,0.35709914565086365
14-10-1986,0.8386579751968384,0.8386579751968384,146872,0.8652120232582092,0.8652120232582092,0.3684059977531433
15-10-1986,0.8541479706764221,0.8629990220069885,56489,0.8629990220069885,0.8563600182533264,0.3646368384361267
16-10-1986,0.8563600182533264,0.8563600182533264,11298,0.8563600182533264,0.8563600182533264,0.3646368384361267
17-10-1986,0.8563600182533264,0.8563600182533264,90383,0.8652120232582092,0.8652120232582092,0.3684059977531433
20-10-1986,0.8652120232582092,0.8652120232582092,0,0.8652120232582092,0.8652120232582092,0.3684059977531433
21-10-1986,0.8652120232582092,0.8652120232582092,124276,0.8652120232582092,0.8652120232582092,0.3684059977531433
22-10-1986,0.8674250245094299,0.8674250245094299,79085,0.8740630149841309,0.8740630149841309,0.3721746504306793
23-10-1986,0.8807010054588318,0.8807010054588318,79085,0.8895530104637146,0.8895530104637146,0.37877053022384644
24-10-1986,0.8895530104637146,0.8895530104637146,163818,0.8917660117149353,0.8917660117149353,0.3797127902507782
27-10-1986,0.8895530104637146,0.8895530104637146,5649,0.8895530104637146,0.8895530104637146,0.37877053022384644
28-10-1986,0.8829140067100525,0.8829140067100525,5649,0.8829140067100525,0.8829140067100525,0.37594345211982727
29-10-1986,0.8895530104637146,0.8895530104637146,11298,0.8895530104637146,0.8895530104637146,0.37877053022384644
30-10-1986,0.8895530104637146,0.8895530104637146,124276,0.8984040021896362,0.8984040021896362,0.3825392425060272
31-10-1986,0.8829140067100525,0.8917660117149353,209010,0.8917660117149353,0.8917660117149353,0.3797127902507782
03-11-1986,0.8961910009384155,0.8961910009384155,209010,0.9006170034408569,0.9006170034408569,0.3834814131259918
04-11-1986,0.8961910009384155,0.9006170034408569,33893,0.9006170034408569,0.9006170034408569,0.3834814131259918
05-11-1986,0.8984040021896362,0.9006170034408569,209010,0.9050419926643372,0.9006170034408569,0.3834814131259918
06-11-1986,0.9072549939155579,0.9072549939155579,11298,0.9072549939155579,0.9072549939155579,0.38630786538124084
07-11-1986,0.9006170034408569,0.9072549939155579,45191,0.9094679951667786,0.9094679951667786,0.38725006580352783
10-11-1986,0.9072549939155579,0.9094679951667786,67787,0.9094679951667786,0.9094679951667786,0.38725006580352783
11-11-1986,0.9094679951667786,0.9094679951667786,530997,0.9183189868927002,0.9094679951667786,0.38725006580352783
12-11-1986,0.91389399766922,0.91389399766922,22596,0.9161069989204407,0.91389399766922,0.3891346752643585
13-11-1986,0.8961910009384155,0.9072549939155579,33893,0.9072549939155579,0.8961910009384155,0.3815966546535492
14-11-1986,0.8829140067100525,0.8895530104637146,45191,0.8895530104637146,0.8829140067100525,0.37594345211982727
17-11-1986,0.8718500137329102,0.8807010054588318,33893,0.8807010054588318,0.8718500137329102,0.3712325692176819
18-11-1986,0.8541479706764221,0.8652120232582092,45191,0.8652120232582092,0.8541479706764221,0.3636951148509979
19-11-1986,0.8408709764480591,0.8541479706764221,141223,0.8541479706764221,0.8541479706764221,0.3636951148509979
20-11-1986,0.8563600182533264,0.8563600182533264,214658,0.8740630149841309,0.8740630149841309,0.3721746504306793
21-11-1986,0.8807010054588318,0.8807010054588318,67787,0.8829140067100525,0.8829140067100525,0.37594345211982727
24-11-1986,0.8829140067100525,0.8829140067100525,124276,0.8895530104637146,0.8895530104637146,0.37877053022384644
25-11-1986,0.8829140067100525,0.8895530104637146,90383,0.9161069989204407,0.9161069989204407,0.3900771141052246
26-11-1986,0.9161069989204407,0.9161069989204407,101680,0.9338089823722839,0.927170991897583,0.39478799700737
28-11-1986,0.9249579906463623,0.927170991897583,50840,0.9338089823722839,0.9338089823722839,0.39761456847190857
01-12-1986,0.9315959811210632,0.9315959811210632,11298,0.9315959811210632,0.9315959811210632,0.39667218923568726
02-12-1986,0.9338089823722839,0.9338089823722839,169467,0.9426599740982056,0.940447986125946,0.4004414975643158
03-12-1986,0.9338089823722839,0.940447986125946,389775,0.947085976600647,0.947085976600647,0.4032678008079529
04-12-1986,0.947085976600647,0.947085976600647,282445,0.9670010209083557,0.9647889733314514,0.4108055830001831
05-12-1986,0.947085976600647,0.96036297082901,56489,0.96036297082901,0.947085976600647,0.4032678008079529
08-12-1986,0.947085976600647,0.947085976600647,0,0.947085976600647,0.947085976600647,0.4032678008079529
09-12-1986,0.927170991897583,0.947085976600647,457561,0.9559370279312134,0.927170991897583,0.39478799700737
10-12-1986,0.9161069989204407,0.927170991897583,485806,0.927170991897583,0.9161069989204407,0.3900771141052246
11-12-1986,0.9006170034408569,0.9094679951667786,45191,0.9094679951667786,0.9006170034408569,0.3834814131259918
12-12-1986,0.9072549939155579,0.9072549939155579,73436,0.91389399766922,0.9094679951667786,0.38725006580352783
15-12-1986,0.9050419926643372,0.9094679951667786,124276,0.9183189868927002,0.9183189868927002,0.3910190463066101
16-12-1986,0.9094679951667786,0.9183189868927002,141223,0.9227449893951416,0.9183189868927002,0.3910190463066101
17-12-1986,0.9094679951667786,0.9161069989204407,135574,0.9161069989204407,0.9094679951667786,0.38725006580352783
18-12-1986,0.9094679951667786,0.9094679951667786,316339,0.9249579906463623,0.9249579906463623,0.39384567737579346
19-12-1986,0.9161069989204407,0.9249579906463623,231605,0.9249579906463623,0.9249579906463623,0.39384567737579346
22-12-1986,0.927170991897583,0.927170991897583,56489,0.9426599740982056,0.9426599740982056,0.40138307213783264
23-12-1986,0.9338089823722839,0.940447986125946,186414,0.940447986125946,0.9338089823722839,0.39761456847190857
24-12-1986,0.9360219836235046,0.9360219836235046,73436,0.947085976600647,0.947085976600647,0.4032678008079529
26-12-1986,0.947085976600647,0.947085976600647,231605,0.9559370279312134,0.947085976600647,0.4032678008079529
29-12-1986,0.947085976600647,0.947085976600647,0,0.947085976600647,0.947085976600647,0.4032678008079529
30-12-1986,0.9249579906463623,0.9426599740982056,67787,0.9426599740982056,0.9249579906463623,0.39384567737579346
31-12-1986,0.9249579906463623,0.9249579906463623,146872,0.9338089823722839,0.9338089823722839,0.39761456847190857
02-01-1987,0.9360219836235046,0.9360219836235046,79085,0.9492989778518677,0.9492989778518677,0.40421006083488464
05-01-1987,0.9559370279312134,0.9559370279312134,96031,0.9736400246620178,0.9736400246620178,0.41457462310791016
06-01-1987,0.9736400246620178,0.9736400246620178,33893,0.9758530259132385,0.9736400246620178,0.41457462310791016
07-01-1987,0.9758530259132385,0.9758530259132385,350232,1.0001939535140991,1.0001939535140991,0.4258813261985779
08-01-1987,1.0001939535140991,1.0001939535140991,33893,1.0112580060958862,1.0112580060958862,0.4305923283100128
09-01-1987,1.017896056175232,1.017896056175232,118627,1.044450044631958,1.044450044631958,0.4447251856327057
12-01-1987,1.0289599895477295,1.0378119945526123,79085,1.0378119945526123,1.0289599895477295,0.4381297826766968
13-01-1987,1.0245349407196045,1.0245349407196045,11298,1.0245349407196045,1.0245349407196045,0.4362454116344452
14-01-1987,1.0289599895477295,1.0289599895477295,33893,1.0355989933013916,1.0355989933013916,0.4409564435482025
15-01-1987,1.0289599895477295,1.0355989933013916,621380,1.0555139780044556,1.044450044631958,0.4447251856327057
16-01-1987,1.0355989933013916,1.044450044631958,553593,1.059939980506897,1.0510879755020142,0.44755175709724426
19-01-1987,1.0422370433807373,1.0510879755020142,79085,1.0510879755020142,1.044450044631958,0.4447251856327057
20-01-1987,1.044450044631958,1.044450044631958,101680,1.0533009767532349,1.0533009767532349,0.4484940767288208
21-01-1987,1.0533009767532349,1.0533009767532349,350232,1.0887060165405273,1.071004033088684,0.45603200793266296
22-01-1987,1.0754289627075195,1.0754289627075195,124276,1.1019829511642456,1.1019829511642456,0.469222754240036
23-01-1987,1.1041959524154663,1.1041959524154663,1067643,1.1484520435333252,1.1218990087509155,0.4777029752731323
26-01-1987,1.0842809677124023,1.1152600049972534,305041,1.1152600049972534,1.0931320190429688,0.46545395255088806
27-01-1987,1.0887060165405273,1.0931320190429688,101680,1.1108349561691284,1.1108349561691284,0.4729921817779541
28-01-1987,1.0887060165405273,1.106408953666687,169467,1.106408953666687,1.1041959524154663,0.4701654016971588
29-01-1987,1.0953450202941895,1.1041959524154663,660922,1.1152600049972534,1.0953450202941895,0.46639642119407654
30-01-1987,1.0953450202941895,1.0953450202941895,124276,1.1019829511642456,1.1019829511642456,0.469222754240036
02-02-1987,1.1041959524154663,1.1041959524154663,124276,1.1307499408721924,1.1307499408721924,0.4814717173576355
03-02-1987,1.1285370588302612,1.1307499408721924,316339,1.1307499408721924,1.1307499408721924,0.4814717173576355
04-02-1987,1.1130470037460327,1.1285370588302612,231605,1.1285370588302612,1.1130470037460327,0.47393372654914856
05-02-1987,1.0975580215454102,1.1130470037460327,169467,1.1152600049972534,1.0975580215454102,0.4673384130001068
06-02-1987,1.0953450202941895,1.0975580215454102,56489,1.1041959524154663,1.1041959524154663,0.4701654016971588
09-02-1987,1.0931320190429688,1.1019829511642456,101680,1.1019829511642456,1.0931320190429688,0.46545395255088806
10-02-1987,1.0887060165405273,1.0931320190429688,73436,1.0931320190429688,1.0887060165405273,0.4635695517063141
11-02-1987,1.0754289627075195,1.0842809677124023,79085,1.0842809677124023,1.0776419639587402,0.458858460187912
12-02-1987,1.0665780305862427,1.0776419639587402,169467,1.0776419639587402,1.0665780305862427,0.4541473686695099
13-02-1987,1.0665780305862427,1.0665780305862427,79085,1.086493968963623,1.086493968963623,0.462627649307251
17-02-1987,1.0887060165405273,1.0887060165405273,135574,1.0931320190429688,1.0931320190429688,0.46545395255088806
18-02-1987,1.0953450202941895,1.0953450202941895,118627,1.1108349561691284,1.1108349561691284,0.4729921817779541
19-02-1987,1.1108349561691284,1.1108349561691284,11298,1.1108349561691284,1.1108349561691284,0.4729921817779541
20-02-1987,1.1130470037460327,1.1130470037460327,11298,1.1130470037460327,1.1130470037460327,0.47393372654914856
23-02-1987,1.1108349561691284,1.1130470037460327,56489,1.1130470037460327,1.1130470037460327,0.47393372654914856
24-02-1987,1.106408953666687,1.1130470037460327,33893,1.1130470037460327,1.1130470037460327,0.47393372654914856
25-02-1987,1.106408953666687,1.106408953666687,28245,1.106408953666687,1.106408953666687,0.47110727429389954
26-02-1987,1.1041959524154663,1.106408953666687,203361,1.1484520435333252,1.1484520435333252,0.4890091121196747
27-02-1987,1.146239995956421,1.1484520435333252,203361,1.1484520435333252,1.1484520435333252,0.4890091121196747
02-03-1987,1.1484520435333252,1.1484520435333252,169467,1.1528780460357666,1.1528780460357666,0.49089404940605164
03-03-1987,1.1484520435333252,1.1528780460357666,33893,1.1550910472869873,1.1484520435333252,0.4890091121196747
04-03-1987,1.1550910472869873,1.1550910472869873,90383,1.157304048538208,1.157304048538208,0.49277836084365845
05-03-1987,1.1550910472869873,1.157304048538208,689167,1.1727930307388306,1.1661549806594849,0.496547132730484
06-03-1987,1.1639419794082642,1.1661549806594849,118627,1.1882829666137695,1.1882829666137695,0.5059691071510315
09-03-1987,1.1860699653625488,1.1882829666137695,101680,1.197134017944336,1.197134017944336,0.5097379088401794
10-03-1987,1.1949219703674316,1.197134017944336,276796,1.2148369550704956,1.203773021697998,0.5125646591186523
11-03-1987,1.2081979513168335,1.2081979513168335,135574,1.2148369550704956,1.2148369550704956,0.5172759294509888
12-03-1987,1.2081979513168335,1.2148369550704956,67787,1.2170499563217163,1.2081979513168335,0.5144492387771606
13-03-1987,1.212623953819275,1.212623953819275,50840,1.2170499563217163,1.2170499563217163,0.5182181596755981
16-03-1987,1.2081979513168335,1.2148369550704956,344583,1.2148369550704956,1.2081979513168335,0.5144492387771606
17-03-1987,1.2081979513168335,1.2081979513168335,67787,1.2148369550704956,1.2148369550704956,0.5172759294509888
18-03-1987,1.2148369550704956,1.2148369550704956,0,1.2148369550704956,1.2148369550704956,0.5172759294509888
19-03-1987,1.2170499563217163,1.2170499563217163,124276,1.2214750051498413,1.2170499563217163,0.5182181596755981
20-03-1987,1.2148369550704956,1.2170499563217163,118627,1.2214750051498413,1.2148369550704956,0.5172759294509888
23-03-1987,1.2148369550704956,1.2148369550704956,463210,1.2170499563217163,1.2170499563217163,0.5182181596755981
24-03-1987,1.223688006401062,1.223688006401062,101680,1.2259010076522827,1.223688006401062,0.5210446715354919
25-03-1987,1.2214750051498413,1.223688006401062,389775,1.2303270101547241,1.2259010076522827,0.5219869017601013
26-03-1987,1.2325390577316284,1.2325390577316284,96031,1.2413909435272217,1.239177942276001,0.5276402235031128
27-03-1987,1.2325390577316284,1.239177942276001,248552,1.239177942276001,1.2347520589828491,0.5257554650306702
30-03-1987,1.2148369550704956,1.2325390577316284,547944,1.2325390577316284,1.2148369550704956,0.5172759294509888
31-03-1987,1.1882829666137695,1.2148369550704956,621380,1.2214750051498413,1.1882829666137695,0.5059691071510315
01-04-1987,1.1816450357437134,1.1816450357437134,11298,1.1816450357437134,1.1816450357437134,0.5031427145004272
02-04-1987,1.1750060319900513,1.1816450357437134,131808,1.1949219703674316,1.1949219703674316,0.5087961554527283
03-04-1987,1.1949219703674316,1.1949219703674316,64021,1.2480289936065674,1.2480289936065674,0.5314086675643921
06-04-1987,1.2546679973602295,1.2546679973602295,52723,1.2911789417266846,1.2845410108566284,0.5469557046890259
07-04-1987,1.2845410108566284,1.2845410108566284,237254,1.3077750205993652,1.2911789417266846,0.5497820973396301
08-04-1987,1.2646249532699585,1.2845410108566284,45191,1.2845410108566284,1.2646249532699585,0.5384758710861206
09-04-1987,1.2646249532699585,1.2646249532699585,0,1.2646249532699585,1.2646249532699585,0.5384758710861206
10-04-1987,1.2546679973602295,1.2646249532699585,112978,1.2646249532699585,1.2646249532699585,0.5384758710861206
13-04-1987,1.2247949838638306,1.2579870223999023,109212,1.2579870223999023,1.2247949838638306,0.5215161442756653
14-04-1987,1.1119409799575806,1.2181559801101685,289977,1.2181559801101685,1.1119409799575806,0.473462849855423
15-04-1987,1.1053019762039185,1.1119409799575806,154403,1.1252180337905884,1.1086219549179077,0.472049742937088
16-04-1987,1.1019829511642456,1.1053019762039185,71553,1.1053019762039185,1.1053019762039185,0.4706360101699829
20-04-1987,1.1086219549179077,1.1086219549179077,26362,1.1086219549179077,1.1086219549179077,0.472049742937088
21-04-1987,1.1119409799575806,1.1119409799575806,436849,1.1650489568710327,1.1650489568710327,0.4960761070251465
22-04-1987,1.1252180337905884,1.1650489568710327,316339,1.1849639415740967,1.1252180337905884,0.4791165590286255
23-04-1987,1.0853869915008545,1.1152600049972534,131808,1.1152600049972534,1.1019829511642456,0.469222754240036
24-04-1987,1.0389180183410645,1.0953450202941895,116744,1.0953450202941895,1.0455559492111206,0.445196270942688
27-04-1987,0.9957680106163025,1.0422370433807373,165701,1.0422370433807373,1.0422370433807373,0.4437829852104187
28-04-1987,1.0422370433807373,1.0422370433807373,18830,1.0455559492111206,1.0422370433807373,0.4437829852104187
29-04-1987,1.0455559492111206,1.0455559492111206,892527,1.0754289627075195,1.0754289627075195,0.4579160511493683
30-04-1987,1.0754289627075195,1.0754289627075195,323871,1.1218990087509155,1.1218990087509155,0.4777029752731323
01-05-1987,1.1285370588302612,1.1285370588302612,192063,1.1550910472869873,1.1550910472869873,0.49183622002601624
04-05-1987,1.1617289781570435,1.1617289781570435,229722,1.2247949838638306,1.2247949838638306,0.5215161442756653
05-05-1987,1.2181559801101685,1.2247949838638306,139340,1.2247949838638306,1.2247949838638306,0.5215161442756653
06-05-1987,1.2247949838638306,1.2247949838638306,470742,1.2347520589828491,1.2314330339431763,0.5243421792984009
07-05-1987,1.2148369550704956,1.2247949838638306,274913,1.2247949838638306,1.2148369550704956,0.5172759294509888
08-05-1987,1.1750060319900513,1.2015600204467773,79085,1.2015600204467773,1.1750060319900513,0.5003158450126648
11-05-1987,1.1750060319900513,1.1750060319900513,15064,1.1849639415740967,1.1750060319900513,0.5003158450126648
12-05-1987,1.1617289781570435,1.1683679819107056,26362,1.1683679819107056,1.1617289781570435,0.4946623742580414
13-05-1987,1.1119409799575806,1.1517720222473145,154403,1.1517720222473145,1.1285370588302612,0.48052915930747986
14-05-1987,1.1053019762039185,1.1252180337905884,48957,1.1252180337905884,1.1119409799575806,0.473462849855423
15-05-1987,1.0853869915008545,1.1119409799575806,97914,1.1119409799575806,1.0853869915008545,0.46215590834617615
18-05-1987,1.0787489414215088,1.0787489414215088,7532,1.0787489414215088,1.0787489414215088,0.45932984352111816
19-05-1987,1.0654720067977905,1.0787489414215088,22596,1.0787489414215088,1.0654720067977905,0.45367610454559326
20-05-1987,1.0488760471343994,1.0654720067977905,45191,1.0654720067977905,1.0488760471343994,0.4466100335121155
21-05-1987,1.0422370433807373,1.0488760471343994,105446,1.0555139780044556,1.0455559492111206,0.445196270942688
22-05-1987,1.0455559492111206,1.0455559492111206,45191,1.0621529817581177,1.0455559492111206,0.445196270942688
26-05-1987,1.0455559492111206,1.0455559492111206,15064,1.0488760471343994,1.0455559492111206,0.445196270942688
27-05-1987,1.0455559492111206,1.0455559492111206,52723,1.0488760471343994,1.0455559492111206,0.445196270942688
28-05-1987,1.0488760471343994,1.0488760471343994,346466,1.0621529817581177,1.0621529817581177,0.45226311683654785
29-05-1987,1.0521949529647827,1.0555139780044556,22596,1.0555139780044556,1.0555139780044556,0.4494364559650421
01-06-1987,1.0521949529647827,1.0555139780044556,67787,1.0654720067977905,1.0654720067977905,0.45367610454559326
02-06-1987,1.0621529817581177,1.0654720067977905,139340,1.0654720067977905,1.0621529817581177,0.45226311683654785
03-06-1987,1.0621529817581177,1.0621529817581177,112978,1.0687910318374634,1.0687910318374634,0.4550897479057312
04-06-1987,1.0621529817581177,1.0687910318374634,188297,1.0953450202941895,1.0920259952545166,0.4649832546710968
05-06-1987,1.0953450202941895,1.0953450202941895,64021,1.0953450202941895,1.0953450202941895,0.46639642119407654
08-06-1987,1.1019829511642456,1.1019829511642456,33893,1.1119409799575806,1.1119409799575806,0.473462849855423
09-06-1987,1.0953450202941895,1.1086219549179077,278679,1.1086219549179077,1.1019829511642456,0.469222754240036
10-06-1987,1.1053019762039185,1.1053019762039185,60255,1.1152600049972534,1.1086219549179077,0.472049742937088
11-06-1987,1.1119409799575806,1.1119409799575806,7532,1.1119409799575806,1.1119409799575806,0.473462849855423
12-06-1987,1.1086219549179077,1.1119409799575806,553593,1.1218990087509155,1.1152600049972534,0.4748762249946594
15-06-1987,1.1119409799575806,1.1152600049972534,128042,1.1384949684143066,1.1384949684143066,0.4847697615623474
16-06-1987,1.1384949684143066,1.1384949684143066,18830,1.1517720222473145,1.1517720222473145,0.4904229938983917
17-06-1987,1.1550910472869873,1.1550910472869873,22596,1.1550910472869873,1.1550910472869873,0.49183622002601624
18-06-1987,1.1418139934539795,1.1550910472869873,372828,1.1584099531173706,1.1550910472869873,0.49183622002601624
19-06-1987,1.1650489568710327,1.1650489568710327,128042,1.1816450357437134,1.1816450357437134,0.5031427145004272
22-06-1987,1.1949219703674316,1.1949219703674316,105446,1.1982409954071045,1.1949219703674316,0.5087961554527283
23-06-1987,1.1882829666137695,1.1882829666137695,3766,1.1882829666137695,1.1882829666137695,0.5059691071510315
24-06-1987,1.1916019916534424,1.1916019916534424,7532,1.1916019916534424,1.1916019916534424,0.5073824524879456
25-06-1987,1.1916019916534424,1.1916019916534424,64021,1.1916019916534424,1.1916019916534424,0.5073824524879456
26-06-1987,1.1849639415740967,1.1916019916534424,18830,1.1916019916534424,1.1849639415740967,0.5045561790466309
29-06-1987,1.1716870069503784,1.1849639415740967,22596,1.1849639415740967,1.1716870069503784,0.49890297651290894
30-06-1987,1.1418139934539795,1.1650489568710327,56489,1.1650489568710327,1.1418139934539795,0.4861827492713928
01-07-1987,1.1517720222473145,1.1517720222473145,75319,1.1584099531173706,1.1584099531173706,0.49324920773506165
02-07-1987,1.1550910472869873,1.1584099531173706,15064,1.1584099531173706,1.1584099531173706,0.49324920773506165
06-07-1987,1.1550910472869873,1.1584099531173706,18830,1.1617289781570435,1.1617289781570435,0.4946623742580414
07-07-1987,1.1550910472869873,1.1617289781570435,56489,1.1650489568710327,1.1617289781570435,0.4946623742580414
08-07-1987,1.1351759433746338,1.1550910472869873,56489,1.1550910472869873,1.1451330184936523,0.48759591579437256
09-07-1987,1.1384949684143066,1.1451330184936523,109212,1.1617289781570435,1.1550910472869873,0.49183622002601624
10-07-1987,1.1384949684143066,1.1451330184936523,37659,1.1451330184936523,1.1384949684143066,0.4847697615623474
13-07-1987,1.1318559646606445,1.1384949684143066,33893,1.1517720222473145,1.1517720222473145,0.4904229938983917
14-07-1987,1.1318559646606445,1.1351759433746338,30128,1.1351759433746338,1.1351759433746338,0.48335638642311096
15-07-1987,1.1351759433746338,1.1351759433746338,41425,1.1550910472869873,1.1451330184936523,0.48759591579437256
16-07-1987,1.1384949684143066,1.1451330184936523,15064,1.1517720222473145,1.1451330184936523,0.48759591579437256
17-07-1987,1.1550910472869873,1.1550910472869873,22596,1.1550910472869873,1.1550910472869873,0.49183622002601624
20-07-1987,1.1451330184936523,1.1550910472869873,169467,1.1550910472869873,1.1451330184936523,0.48759591579437256
21-07-1987,1.1451330184936523,1.1451330184936523,11298,1.1517720222473145,1.1517720222473145,0.4904229938983917
22-07-1987,1.1517720222473145,1.1517720222473145,11298,1.1517720222473145,1.1517720222473145,0.4904229938983917
23-07-1987,1.1517720222473145,1.1517720222473145,15064,1.1517720222473145,1.1517720222473145,0.4904229938983917
24-07-1987,1.1384949684143066,1.1451330184936523,323871,1.1484520435333252,1.1418139934539795,0.4861827492713928
27-07-1987,1.1285370588302612,1.1418139934539795,90383,1.1418139934539795,1.1285370588302612,0.48052915930747986
28-07-1987,1.1285370588302612,1.1285370588302612,229722,1.1318559646606445,1.1285370588302612,0.48052915930747986
29-07-1987,1.1152600049972534,1.1318559646606445,361530,1.1384949684143066,1.1252180337905884,0.4791165590286255
30-07-1987,1.1285370588302612,1.1285370588302612,293743,1.1351759433746338,1.1351759433746338,0.48335638642311096
31-07-1987,1.1351759433746338,1.1384949684143066,45191,1.1418139934539795,1.1351759433746338,0.48335638642311096
03-08-1987,1.1252180337905884,1.1351759433746338,41425,1.1351759433746338,1.1252180337905884,0.4791165590286255
04-08-1987,1.1185790300369263,1.1252180337905884,41425,1.1252180337905884,1.1252180337905884,0.4791165590286255
05-08-1987,1.1252180337905884,1.1285370588302612,105446,1.1318559646606445,1.1252180337905884,0.4791165590286255
06-08-1987,1.1185790300369263,1.1185790300369263,210893,1.1252180337905884,1.1252180337905884,0.4791165590286255
07-08-1987,1.1252180337905884,1.1252180337905884,241020,1.1351759433746338,1.1285370588302612,0.48052915930747986
10-08-1987,1.1351759433746338,1.1351759433746338,274913,1.1716870069503784,1.1716870069503784,0.49890297651290894
11-08-1987,1.1783250570297241,1.1783250570297241,256084,1.2048790454864502,1.2048790454864502,0.5130355358123779
12-08-1987,1.1949219703674316,1.1982409954071045,26362,1.1982409954071045,1.1949219703674316,0.5087961554527283
13-08-1987,1.1949219703674316,1.2015600204467773,79085,1.2015600204467773,1.1949219703674316,0.5087961554527283
14-08-1987,1.1882829666137695,1.1982409954071045,26362,1.1982409954071045,1.1882829666137695,0.5059691071510315
17-08-1987,1.1750060319900513,1.1949219703674316,97914,1.1949219703674316,1.1816450357437134,0.5031427145004272
18-08-1987,1.1584099531173706,1.1816450357437134,2357477,1.1816450357437134,1.1650489568710327,0.4960761070251465
19-08-1987,1.1451330184936523,1.1584099531173706,52723,1.1584099531173706,1.1517720222473145,0.4904229938983917
20-08-1987,1.1550910472869873,1.1550910472869873,22596,1.1683679819107056,1.1683679819107056,0.4974895715713501
21-08-1987,1.1683679819107056,1.1683679819107056,0,1.1683679819107056,1.1683679819107056,0.4974895715713501
24-08-1987,1.0820679664611816,1.1683679819107056,327637,1.1683679819107056,1.0887060165405273,0.4635695517063141
25-08-1987,1.0721100568771362,1.0820679664611816,165701,1.1053019762039185,1.0986640453338623,0.4678097665309906
26-08-1987,1.0687910318374634,1.0920259952545166,301275,1.0920259952545166,1.0787489414215088,0.45932984352111816
27-08-1987,1.0787489414215088,1.0787489414215088,15064,1.0787489414215088,1.0787489414215088,0.45932984352111816
28-08-1987,1.0754289627075195,1.0820679664611816,180765,1.0820679664611816,1.0754289627075195,0.4579160511493683
31-08-1987,1.0621529817581177,1.0721100568771362,173233,1.0721100568771362,1.0721100568771362,0.45776885747909546
01-09-1987,1.0687910318374634,1.0721100568771362,210893,1.0754289627075195,1.0754289627075195,0.4591858685016632
02-09-1987,1.0588330030441284,1.0687910318374634,94148,1.0687910318374634,1.0588330030441284,0.4520997703075409
03-09-1987,1.0621529817581177,1.0621529817581177,97914,1.0654720067977905,1.0654720067977905,0.45493414998054504
04-09-1987,1.0555139780044556,1.0621529817581177,105446,1.0621529817581177,1.0621529817581177,0.4535173177719116
08-09-1987,1.0555139780044556,1.0555139780044556,15064,1.0555139780044556,1.0555139780044556,0.45068275928497314
09-09-1987,1.0555139780044556,1.0621529817581177,37659,1.0621529817581177,1.0555139780044556,0.45068275928497314
10-09-1987,1.0521949529647827,1.0555139780044556,45191,1.0555139780044556,1.0555139780044556,0.45068275928497314
11-09-1987,1.0521949529647827,1.0521949529647827,22596,1.0588330030441284,1.0588330030441284,0.4520997703075409
14-09-1987,1.0588330030441284,1.0588330030441284,173233,1.0621529817581177,1.0588330030441284,0.4520997703075409
15-09-1987,1.0588330030441284,1.0588330030441284,0,1.0588330030441284,1.0588330030441284,0.4520997703075409
16-09-1987,1.0555139780044556,1.0555139780044556,7532,1.0555139780044556,1.0555139780044556,0.45068275928497314
17-09-1987,1.0521949529647827,1.0521949529647827,15064,1.0521949529647827,1.0521949529647827,0.4492654502391815
18-09-1987,1.0355989933013916,1.0455559492111206,26362,1.0455559492111206,1.0355989933013916,0.44217926263809204
21-09-1987,1.0123640298843384,1.0256409645080566,37659,1.0256409645080566,1.0123640298843384,0.43225860595703125
22-09-1987,1.0024060010910034,1.0024060010910034,26362,1.0090450048446655,1.0090450048446655,0.4308412969112396
23-09-1987,1.0024060010910034,1.0090450048446655,56489,1.0090450048446655,1.0024060010910034,0.4280067980289459
24-09-1987,0.9957680106163025,0.9957680106163025,7532,0.9957680106163025,0.9957680106163025,0.4251723289489746
25-09-1987,1.0024060010910034,1.0024060010910034,369062,1.0355989933013916,1.0355989933013916,0.44217926263809204
28-09-1987,1.0256409645080566,1.0422370433807373,112978,1.0422370433807373,1.0289599895477295,0.4393447935581207
29-09-1987,1.0355989933013916,1.0355989933013916,180765,1.0355989933013916,1.0355989933013916,0.44217926263809204
30-09-1987,1.0289599895477295,1.0355989933013916,143106,1.0422370433807373,1.0355989933013916,0.44217926263809204
01-10-1987,1.0355989933013916,1.0355989933013916,71553,1.0389180183410645,1.0389180183410645,0.4435965418815613
02-10-1987,1.0322790145874023,1.0355989933013916,41425,1.0389180183410645,1.0389180183410645,0.4435965418815613
05-10-1987,1.0455559492111206,1.0455559492111206,64021,1.0455559492111206,1.0455559492111206,0.44643086194992065
06-10-1987,1.0322790145874023,1.0389180183410645,71553,1.0389180183410645,1.0389180183410645,0.4435965418815613
07-10-1987,1.0389180183410645,1.0389180183410645,0,1.0389180183410645,1.0389180183410645,0.4435965418815613
08-10-1987,1.0322790145874023,1.0322790145874023,7532,1.0322790145874023,1.0322790145874023,0.4407620131969452
09-10-1987,1.0190030336380005,1.0256409645080566,406721,1.0256409645080566,1.0190030336380005,0.43509340286254883
12-10-1987,1.0190030336380005,1.0190030336380005,297509,1.0223220586776733,1.0223220586776733,0.43651020526885986
13-10-1987,1.0190030336380005,1.0190030336380005,391658,1.0422370433807373,1.0422370433807373,0.44501394033432007
14-10-1987,1.0223220586776733,1.0422370433807373,94148,1.0422370433807373,1.0223220586776733,0.43651020526885986
15-10-1987,1.0190030336380005,1.0223220586776733,120510,1.0223220586776733,1.0190030336380005,0.43509340286254883
16-10-1987,1.0090450048446655,1.0190030336380005,256084,1.0190030336380005,1.0090450048446655,0.4308412969112396
19-10-1987,0.9625759720802307,0.9957680106163025,365296,0.9957680106163025,0.9658949971199036,0.41241738200187683
20-10-1987,0.8530409932136536,0.8530409932136536,493338,0.8530409932136536,0.8530409932136536,0.36423078179359436
21-10-1987,0.8364449739456177,0.8430839776992798,150638,0.8563600182533264,0.8530409932136536,0.36423078179359436
22-10-1987,0.8497220277786255,0.8497220277786255,33893,0.8629990220069885,0.8629990220069885,0.3684827983379364
23-10-1987,0.8331260085105896,0.8696370124816895,248552,0.8696370124816895,0.8331260085105896,0.3557276129722595
26-10-1987,0.8032529950141907,0.8364449739456177,323871,0.8497220277786255,0.8032529950141907,0.34297242760658264
27-10-1987,0.7700610160827637,0.8098909854888916,161935,0.8231679797172546,0.7766990065574646,0.3316344618797302
28-10-1987,0.7169529795646667,0.7700610160827637,124276,0.7700610160827637,0.7169529795646667,0.3061239421367645
29-10-1987,0.7103139758110046,0.7169529795646667,384126,0.7435070276260376,0.7169529795646667,0.3061239421367645
30-10-1987,0.7235910296440125,0.7235910296440125,414253,0.7766990065574646,0.7733799815177917,0.33021730184555054
02-11-1987,0.7700610160827637,0.7766990065574646,195829,0.7766990065574646,0.7700610160827637,0.3288000524044037
03-11-1987,0.7534639835357666,0.7766990065574646,86617,0.7766990065574646,0.7534639835357666,0.3217134177684784
04-11-1987,0.7468259930610657,0.7567840218544006,97914,0.7634220123291016,0.7534639835357666,0.3217134177684784
05-11-1987,0.7534639835357666,0.7534639835357666,504636,0.7800179719924927,0.7800179719924927,0.3330516815185547
06-11-1987,0.7601029872894287,0.7800179719924927,316339,0.7899760007858276,0.7601029872894287,0.32454806566238403
09-11-1987,0.7567840218544006,0.7567840218544006,41425,0.7700610160827637,0.7634220123291016,0.3259655237197876
10-11-1987,0.7368680238723755,0.7468259930610657,82851,0.7468259930610657,0.7368680238723755,0.31462743878364563
11-11-1987,0.7235910296440125,0.7269110083580017,56489,0.7269110083580017,0.7235910296440125,0.3089584708213806
12-11-1987,0.7302299737930298,0.7302299737930298,90383,0.7368680238723755,0.7368680238723755,0.31462743878364563
13-11-1987,0.7302299737930298,0.7368680238723755,18830,0.7368680238723755,0.7335489988327026,0.31321030855178833
16-11-1987,0.7235910296440125,0.7335489988327026,64021,0.7335489988327026,0.7302299737930298,0.3117932081222534
17-11-1987,0.7103139758110046,0.7235910296440125,120510,0.7235910296440125,0.7136340141296387,0.30470696091651917
18-11-1987,0.7103139758110046,0.7103139758110046,143106,0.7103139758110046,0.7103139758110046,0.3032895028591156
19-11-1987,0.6937180161476135,0.7069950103759766,263616,0.7069950103759766,0.7036759853363037,0.30045509338378906
20-11-1987,0.7036759853363037,0.7036759853363037,207127,0.7069950103759766,0.7069950103759766,0.3018721640110016
23-11-1987,0.7036759853363037,0.7036759853363037,342700,0.7302299737930298,0.7235910296440125,0.3089584708213806
24-11-1987,0.7235910296440125,0.7302299737930298,75319,0.7302299737930298,0.7302299737930298,0.3117932081222534
25-11-1987,0.7169529795646667,0.7269110083580017,131808,0.7302299737930298,0.7169529795646667,0.3061239421367645
27-11-1987,0.7103139758110046,0.7103139758110046,41425,0.7103139758110046,0.7103139758110046,0.3032895028591156
30-11-1987,0.6970379948616028,0.6970379948616028,30128,0.6970379948616028,0.6970379948616028,0.3014522194862366
01-12-1987,0.6903989911079407,0.6970379948616028,26362,0.6970379948616028,0.6903989911079407,0.29858091473579407
02-12-1987,0.6771219968795776,0.6837610006332397,112978,0.6903989911079407,0.6903989911079407,0.29858091473579407
03-12-1987,0.6738029718399048,0.6937180161476135,165701,0.6937180161476135,0.6738029718399048,0.29140380024909973
04-12-1987,0.6439300179481506,0.6738029718399048,327637,0.6738029718399048,0.6472489833831787,0.2799196243286133
07-12-1987,0.6472489833831787,0.6472489833831787,414253,0.6771219968795776,0.6738029718399048,0.29140380024909973
08-12-1987,0.6704840064048767,0.6704840064048767,335168,0.6837610006332397,0.6837610006332397,0.29571011662483215
09-12-1987,0.6870800256729126,0.6937180161476135,312573,0.7069950103759766,0.7069950103759766,0.30575835704803467
10-12-1987,0.7036759853363037,0.7069950103759766,286211,0.7069950103759766,0.7036759853363037,0.30432307720184326
11-12-1987,0.7036759853363037,0.7103139758110046,56489,0.7103139758110046,0.7069950103759766,0.30575835704803467
14-12-1987,0.7136340141296387,0.7136340141296387,90383,0.7700610160827637,0.7700610160827637,0.33303290605545044
15-12-1987,0.7800179719924927,0.7800179719924927,131808,0.7899760007858276,0.7833369970321655,0.33877453207969666
16-12-1987,0.7833369970321655,0.7932950258255005,60255,0.8032529950141907,0.7833369970321655,0.33877453207969666
17-12-1987,0.7601029872894287,0.7866569757461548,101680,0.7932950258255005,0.7601029872894287,0.328726202249527
18-12-1987,0.7567840218544006,0.7700610160827637,180765,0.7700610160827637,0.7700610160827637,0.33303290605545044
21-12-1987,0.7667409777641296,0.7766990065574646,192063,0.7800179719924927,0.7667409777641296,0.3315972089767456
22-12-1987,0.7667409777641296,0.7667409777641296,165701,0.7800179719924927,0.7766990065574646,0.3359037935733795
23-12-1987,0.7634220123291016,0.7766990065574646,75319,0.7766990065574646,0.7634220123291016,0.3301617205142975
24-12-1987,0.7700610160827637,0.7700610160827637,18830,0.7700610160827637,0.7700610160827637,0.33303290605545044
28-12-1987,0.7601029872894287,0.7700610160827637,94148,0.7700610160827637,0.7667409777641296,0.3315972089767456
29-12-1987,0.7634220123291016,0.7700610160827637,79085,0.7700610160827637,0.7700610160827637,0.33303290605545044
30-12-1987,0.7700610160827637,0.7700610160827637,169467,0.7766990065574646,0.7700610160827637,0.33303290605545044
31-12-1987,0.7634220123291016,0.7700610160827637,82851,0.8065720200538635,0.8065720200538635,0.34882304072380066
04-01-1988,0.8098909854888916,0.8098909854888916,67787,0.8397639989852905,0.8397639989852905,0.3631778657436371
05-01-1988,0.8331260085105896,0.8397639989852905,22596,0.8397639989852905,0.8364449739456177,0.3617425262928009
06-01-1988,0.8298069834709167,0.8298069834709167,45191,0.8298069834709167,0.8298069834709167,0.358871728181839
07-01-1988,0.8231679797172546,0.8231679797172546,30128,0.8364449739456177,0.8364449739456177,0.3617425262928009
08-01-1988,0.8364449739456177,0.8364449739456177,0,0.8364449739456177,0.8364449739456177,0.3617425262928009
11-01-1988,0.8298069834709167,0.8298069834709167,22596,0.8298069834709167,0.8298069834709167,0.358871728181839
12-01-1988,0.8231679797172546,0.8231679797172546,18830,0.8231679797172546,0.8231679797172546,0.35600045323371887
13-01-1988,0.8165299892425537,0.8165299892425537,15064,0.8231679797172546,0.8231679797172546,0.35600045323371887
14-01-1988,0.8231679797172546,0.8231679797172546,11298,0.8231679797172546,0.8231679797172546,0.35600045323371887
15-01-1988,0.8298069834709167,0.8298069834709167,48957,0.8464030027389526,0.8464030027389526,0.3660489618778229
18-01-1988,0.8530409932136536,0.8530409932136536,15064,0.8629990220069885,0.8629990220069885,0.37322649359703064
19-01-1988,0.8696370124816895,0.8696370124816895,26362,0.8762760162353516,0.8762760162353516,0.37896841764450073
20-01-1988,0.8497220277786255,0.8696370124816895,26362,0.8696370124816895,0.8497220277786255,0.36748433113098145
21-01-1988,0.8264870047569275,0.8497220277786255,244786,0.8497220277786255,0.8264870047569275,0.3574359118938446
22-01-1988,0.8331260085105896,0.8331260085105896,346466,0.8530409932136536,0.8530409932136536,0.3689196705818176
25-01-1988,0.8596799969673157,0.8596799969673157,75319,0.8928719758987427,0.8928719758987427,0.3861457109451294
26-01-1988,0.8862339854240417,0.8862339854240417,45191,0.8895530104637146,0.8895530104637146,0.384710431098938
27-01-1988,0.8829140067100525,0.8829140067100525,75319,0.9028300046920776,0.8961910009384155,0.3875810503959656
28-01-1988,0.8895530104637146,0.8928719758987427,52723,0.9028300046920776,0.9028300046920776,0.39045238494873047
29-01-1988,0.8995100259780884,0.9094679951667786,173233,0.9492989778518677,0.9492989778518677,0.41054898500442505
01-02-1988,0.9094679951667786,0.9559370279312134,308807,0.9559370279312134,0.9094679951667786,0.3933230936527252
02-02-1988,0.9127870202064514,0.9161069989204407,94148,0.9194260239601135,0.9161069989204407,0.39619436860084534
03-02-1988,0.9028300046920776,0.9194260239601135,71553,0.9293829798698425,0.9028300046920776,0.39045238494873047
04-02-1988,0.8995100259780884,0.8995100259780884,45191,0.9028300046920776,0.9028300046920776,0.39045238494873047
05-02-1988,0.8995100259780884,0.8995100259780884,7532,0.8995100259780884,0.8995100259780884,0.3890165388584137
08-02-1988,0.8829140067100525,0.8995100259780884,176999,0.8995100259780884,0.8829140067100525,0.38183915615081787
09-02-1988,0.8862339854240417,0.8862339854240417,11298,0.8895530104637146,0.8895530104637146,0.384710431098938
10-02-1988,0.8895530104637146,0.8895530104637146,64021,0.9028300046920776,0.9028300046920776,0.39045238494873047
11-02-1988,0.9094679951667786,0.9094679951667786,112978,0.9293829798698425,0.9293829798698425,0.4019359350204468
12-02-1988,0.9293829798698425,0.9293829798698425,56489,0.9293829798698425,0.9293829798698425,0.4019359350204468
16-02-1988,0.9227449893951416,0.9227449893951416,120510,0.9492989778518677,0.9492989778518677,0.41054898500442505
17-02-1988,0.9426599740982056,0.9426599740982056,11298,0.9492989778518677,0.9492989778518677,0.41054898500442505
18-02-1988,0.9492989778518677,0.9492989778518677,120510,0.9625759720802307,0.9526180028915405,0.41198432445526123
19-02-1988,0.9559370279312134,0.9592559933662415,15064,0.9592559933662415,0.9559370279312134,0.41342008113861084
22-02-1988,0.9559370279312134,0.9559370279312134,184531,0.9891300201416016,0.9824910163879395,0.4249038100242615
23-02-1988,0.9725329875946045,0.9791719913482666,90383,0.9924489855766296,0.9924489855766296,0.4292105734348297
24-02-1988,0.9858099818229675,0.9858099818229675,3766,0.9858099818229675,0.9858099818229675,0.4263392984867096
25-02-1988,0.9924489855766296,0.9924489855766296,192063,1.0289599895477295,1.0190030336380005,0.4406946301460266
26-02-1988,1.1252180337905884,1.1252180337905884,3415705,1.1849639415740967,1.1816450357437134,0.5110331177711487
29-02-1988,1.1783250570297241,1.1783250570297241,2545774,1.1882829666137695,1.1849639415740967,0.5124686360359192
01-03-1988,1.1849639415740967,1.1849639415740967,1739863,1.1949219703674316,1.1916019916534424,0.5153394341468811
02-03-1988,1.1849639415740967,1.1882829666137695,1461184,1.1882829666137695,1.1849639415740967,0.5124686360359192
03-03-1988,1.1849639415740967,1.1849639415740967,33893,1.1849639415740967,1.1849639415740967,0.5124686360359192
04-03-1988,1.1916019916534424,1.1916019916534424,436849,1.2015600204467773,1.1982409954071045,0.5182106494903564
07-03-1988,1.1882829666137695,1.1882829666137695,583720,1.1916019916534424,1.1882829666137695,0.5178053975105286
08-03-1988,1.1882829666137695,1.1882829666137695,1009271,1.1949219703674316,1.1949219703674316,0.5206981897354126
09-03-1988,1.1949219703674316,1.1949219703674316,271148,1.2081979513168335,1.2081979513168335,0.5264837741851807
10-03-1988,1.2081979513168335,1.2081979513168335,188297,1.2115180492401123,1.2081979513168335,0.5264837741851807
11-03-1988,1.2148369550704956,1.2148369550704956,278679,1.2214750051498413,1.2214750051498413,0.5322689414024353
14-03-1988,1.2214750051498413,1.2214750051498413,1205100,1.2214750051498413,1.2214750051498413,0.5322689414024353
15-03-1988,1.2181559801101685,1.2214750051498413,282445,1.2214750051498413,1.2214750051498413,0.5322689414024353
16-03-1988,1.2247949838638306,1.2247949838638306,466976,1.2314330339431763,1.2314330339431763,0.5366083383560181
17-03-1988,1.2314330339431763,1.2347520589828491,312573,1.2480289936065674,1.2447099685668945,0.5423939228057861
18-03-1988,1.2413909435272217,1.2447099685668945,707996,1.2447099685668945,1.2413909435272217,0.5409478545188904
21-03-1988,1.2447099685668945,1.2480289936065674,1133547,1.2480289936065674,1.2447099685668945,0.5423939228057861
22-03-1988,1.2447099685668945,1.2447099685668945,101680,1.2513480186462402,1.2480289936065674,0.5438401103019714
23-03-1988,1.2480289936065674,1.2480289936065674,289977,1.2513480186462402,1.2513480186462402,0.5452861785888672
24-03-1988,1.2480289936065674,1.2513480186462402,1845309,1.2613060474395752,1.2613060474395752,0.549625813961029
25-03-1988,1.2579870223999023,1.2613060474395752,1713502,1.2679450511932373,1.2679450511932373,0.5525187253952026
28-03-1988,1.2281140089035034,1.2613060474395752,82851,1.2613060474395752,1.2281140089035034,0.5351621508598328
29-03-1988,1.2081979513168335,1.2214750051498413,331403,1.2214750051498413,1.2148369550704956,0.529376208782196
30-03-1988,1.1982409954071045,1.2081979513168335,229722,1.2081979513168335,1.2015600204467773,0.5235910415649414
31-03-1988,1.1916019916534424,1.1949219703674316,7532,1.1949219703674316,1.1916019916534424,0.519251823425293
04-04-1988,1.1716870069503784,1.1816450357437134,180765,1.1816450357437134,1.1816450357437134,0.5149127840995789
05-04-1988,1.1783250570297241,1.1783250570297241,11298,1.1816450357437134,1.1816450357437134,0.5149127840995789
06-04-1988,1.1783250570297241,1.1783250570297241,124276,1.2281140089035034,1.2281140089035034,0.5351621508598328
07-04-1988,1.2347520589828491,1.2347520589828491,128042,1.2480289936065674,1.2480289936065674,0.5438401103019714
08-04-1988,1.2513480186462402,1.2546679973602295,30128,1.2546679973602295,1.2546679973602295,0.546733021736145
11-04-1988,1.2480289936065674,1.2480289936065674,79085,1.2646249532699585,1.2646249532699585,0.5510720014572144
12-04-1988,1.2646249532699585,1.2646249532699585,45191,1.2745829820632935,1.2745829820632935,0.5554113984107971
13-04-1988,1.2745829820632935,1.2745829820632935,0,1.2745829820632935,1.2745829820632935,0.5554113984107971
14-04-1988,1.2712639570236206,1.2745829820632935,433083,1.2745829820632935,1.2745829820632935,0.5554113984107971
15-04-1988,1.2613060474395752,1.2679450511932373,18830,1.2679450511932373,1.2613060474395752,0.549625813961029
18-04-1988,1.2447099685668945,1.2546679973602295,37659,1.2546679973602295,1.2447099685668945,0.5423939228057861
19-04-1988,1.2712639570236206,1.2712639570236206,2297222,1.2911789417266846,1.2745829820632935,0.5554113984107971
20-04-1988,1.2745829820632935,1.2745829820632935,0,1.2745829820632935,1.2745829820632935,0.5554113984107971
21-04-1988,1.2347520589828491,1.2380720376968384,165701,1.2480289936065674,1.2347520589828491,0.5380547642707825
22-04-1988,1.2413909435272217,1.2413909435272217,7532,1.2413909435272217,1.2413909435272217,0.5409478545188904
25-04-1988,1.2413909435272217,1.2413909435272217,11298,1.2413909435272217,1.2413909435272217,0.5409478545188904
26-04-1988,1.2347520589828491,1.2380720376968384,94148,1.2413909435272217,1.2413909435272217,0.5409478545188904
27-04-1988,1.2413909435272217,1.2413909435272217,0,1.2413909435272217,1.2413909435272217,0.5409478545188904
28-04-1988,1.2347520589828491,1.2347520589828491,11298,1.2347520589828491,1.2347520589828491,0.5380547642707825
29-04-1988,1.2148369550704956,1.2281140089035034,94148,1.2281140089035034,1.2148369550704956,0.529376208782196
02-05-1988,1.2214750051498413,1.2214750051498413,22596,1.2214750051498413,1.2214750051498413,0.5322689414024353
03-05-1988,1.2214750051498413,1.2214750051498413,0,1.2214750051498413,1.2214750051498413,0.5322689414024353
04-05-1988,1.1882829666137695,1.2148369550704956,52723,1.2148369550704956,1.1882829666137695,0.5178053975105286
05-05-1988,1.1882829666137695,1.1882829666137695,0,1.1882829666137695,1.1882829666137695,0.5178053975105286
06-05-1988,1.1882829666137695,1.1882829666137695,0,1.1882829666137695,1.1882829666137695,0.5178053975105286
09-05-1988,1.1949219703674316,1.1949219703674316,7532,1.1949219703674316,1.1949219703674316,0.5206981897354126
10-05-1988,1.1982409954071045,1.1982409954071045,90383,1.2048790454864502,1.2048790454864502,0.5250373482704163
11-05-1988,1.1916019916534424,1.1982409954071045,41425,1.1982409954071045,1.1916019916534424,0.519251823425293
12-05-1988,1.1982409954071045,1.1982409954071045,26362,1.1982409954071045,1.1982409954071045,0.5221445560455322
13-05-1988,1.1982409954071045,1.1982409954071045,0,1.1982409954071045,1.1982409954071045,0.5221445560455322
16-05-1988,1.2048790454864502,1.2048790454864502,82851,1.2148369550704956,1.2115180492401123,0.527929961681366
17-05-1988,1.2148369550704956,1.2181559801101685,15064,1.2181559801101685,1.2148369550704956,0.529376208782196
18-05-1988,1.2115180492401123,1.2181559801101685,56489,1.2181559801101685,1.2115180492401123,0.527929961681366
19-05-1988,1.2015600204467773,1.2048790454864502,26362,1.2048790454864502,1.2015600204467773,0.5235910415649414
20-05-1988,1.2015600204467773,1.2015600204467773,3766,1.2015600204467773,1.2015600204467773,0.5235910415649414
23-05-1988,1.1949219703674316,1.1949219703674316,101680,1.1982409954071045,1.1949219703674316,0.5206981897354126
24-05-1988,1.1949219703674316,1.1949219703674316,75319,1.1949219703674316,1.1949219703674316,0.5206981897354126
25-05-1988,1.1949219703674316,1.1949219703674316,7532,1.1949219703674316,1.1949219703674316,0.5206981897354126
26-05-1988,1.1949219703674316,1.1949219703674316,120510,1.1982409954071045,1.1982409954071045,0.5221445560455322
27-05-1988,1.1816450357437134,1.1916019916534424,41425,1.1916019916534424,1.1816450357437134,0.5149127840995789
31-05-1988,1.1716870069503784,1.1750060319900513,45191,1.1750060319900513,1.1716870069503784,0.5105736255645752
01-06-1988,1.1683679819107056,1.1683679819107056,361530,1.2347520589828491,1.2314330339431763,0.5407750606536865
02-06-1988,1.2247949838638306,1.2380720376968384,26362,1.2380720376968384,1.2247949838638306,0.5378602743148804
03-06-1988,1.2314330339431763,1.2314330339431763,7532,1.2314330339431763,1.2314330339431763,0.5407750606536865
06-06-1988,1.2247949838638306,1.2247949838638306,7532,1.2247949838638306,1.2247949838638306,0.5378602743148804
07-06-1988,1.2181559801101685,1.2181559801101685,11298,1.2181559801101685,1.2181559801101685,0.5349443554878235
08-06-1988,1.2115180492401123,1.2115180492401123,90383,1.2779020071029663,1.2779020071029663,0.5611814856529236
09-06-1988,1.2613060474395752,1.2812210321426392,463210,1.2812210321426392,1.2712639570236206,0.558266818523407
10-06-1988,1.2712639570236206,1.2712639570236206,0,1.2712639570236206,1.2712639570236206,0.558266818523407
13-06-1988,1.2646249532699585,1.2646249532699585,112978,1.2845410108566284,1.2845410108566284,0.5640972256660461
14-06-1988,1.2911789417266846,1.2911789417266846,169467,1.3077750205993652,1.3011369705200195,0.5713849067687988
15-06-1988,1.2613060474395752,1.3044559955596924,188297,1.3044559955596924,1.2779020071029663,0.5611814856529236
16-06-1988,1.2613060474395752,1.2712639570236206,173233,1.2745829820632935,1.2613060474395752,0.5538937449455261
17-06-1988,1.2347520589828491,1.2413909435272217,180765,1.2413909435272217,1.2347520589828491,0.542232871055603
20-06-1988,1.2347520589828491,1.2347520589828491,0,1.2347520589828491,1.2347520589828491,0.542232871055603
21-06-1988,1.2081979513168335,1.2281140089035034,67787,1.2281140089035034,1.2281140089035034,0.539317786693573
22-06-1988,1.2413909435272217,1.2413909435272217,241020,1.2845410108566284,1.2845410108566284,0.5640972256660461
23-06-1988,1.2579870223999023,1.2779020071029663,71553,1.2779020071029663,1.2579870223999023,0.5524361729621887
24-06-1988,1.2546679973602295,1.2546679973602295,7532,1.2546679973602295,1.2546679973602295,0.5509781837463379
27-06-1988,1.2314330339431763,1.2546679973602295,79085,1.2546679973602295,1.2314330339431763,0.5407750606536865
28-06-1988,1.2181559801101685,1.2247949838638306,22596,1.2247949838638306,1.2214750051498413,0.5364018678665161
29-06-1988,1.1982409954071045,1.2181559801101685,26362,1.2181559801101685,1.1982409954071045,0.5261992812156677
30-06-1988,1.1882829666137695,1.1949219703674316,79085,1.2214750051498413,1.2214750051498413,0.5364018678665161
01-07-1988,1.2148369550704956,1.2148369550704956,52723,1.2214750051498413,1.2214750051498413,0.5364018678665161
05-07-1988,1.2148369550704956,1.2148369550704956,3766,1.2148369550704956,1.2148369550704956,0.53348708152771
06-07-1988,1.2115180492401123,1.2214750051498413,26362,1.2214750051498413,1.2115180492401123,0.5320293307304382
07-07-1988,1.1982409954071045,1.2048790454864502,26362,1.2048790454864502,1.1982409954071045,0.5261992812156677
08-07-1988,1.1916019916534424,1.1916019916534424,15064,1.1916019916534424,1.1916019916534424,0.5232837796211243
11-07-1988,1.1982409954071045,1.1982409954071045,15064,1.2015600204467773,1.2015600204467773,0.5276564955711365
12-07-1988,1.1683679819107056,1.1949219703674316,37659,1.1949219703674316,1.1683679819107056,0.5130804777145386
13-07-1988,1.1550910472869873,1.1617289781570435,26362,1.1617289781570435,1.1550910472869873,0.5072500705718994
14-07-1988,1.1550910472869873,1.1550910472869873,0,1.1550910472869873,1.1550910472869873,0.5072500705718994
15-07-1988,1.1484520435333252,1.1484520435333252,11298,1.1484520435333252,1.1484520435333252,0.5043346285820007
18-07-1988,1.1418139934539795,1.1517720222473145,105446,1.1517720222473145,1.1418139934539795,0.5014197826385498
19-07-1988,1.1418139934539795,1.1484520435333252,90383,1.1517720222473145,1.1418139934539795,0.5014197826385498
20-07-1988,1.1484520435333252,1.1484520435333252,45191,1.1550910472869873,1.1550910472869873,0.5072500705718994
21-07-1988,1.1285370588302612,1.1451330184936523,301275,1.1451330184936523,1.1285370588302612,0.4955887496471405
22-07-1988,1.1218990087509155,1.1285370588302612,64021,1.1285370588302612,1.1218990087509155,0.4926739037036896
25-07-1988,1.1285370588302612,1.1285370588302612,18830,1.1285370588302612,1.1285370588302612,0.4955887496471405
26-07-1988,1.1252180337905884,1.1252180337905884,22596,1.1318559646606445,1.1318559646606445,0.49704650044441223
27-07-1988,1.1152600049972534,1.1351759433746338,192063,1.1384949684143066,1.1152600049972534,0.4897581934928894
28-07-1988,1.1086219549179077,1.1086219549179077,26362,1.1119409799575806,1.1119409799575806,0.4883009195327759
29-07-1988,1.1152600049972534,1.1152600049972534,128042,1.1550910472869873,1.1550910472869873,0.5072500705718994
01-08-1988,1.1517720222473145,1.1617289781570435,33893,1.1617289781570435,1.1517720222473145,0.5057926177978516
02-08-1988,1.1384949684143066,1.1451330184936523,33893,1.1451330184936523,1.1384949684143066,0.49996209144592285
03-08-1988,1.1384949684143066,1.1384949684143066,0,1.1384949684143066,1.1384949684143066,0.49996209144592285
04-08-1988,1.1384949684143066,1.1384949684143066,26362,1.1384949684143066,1.1384949684143066,0.49996209144592285
05-08-1988,1.1384949684143066,1.1384949684143066,0,1.1384949684143066,1.1384949684143066,0.49996209144592285
08-08-1988,1.1218990087509155,1.1418139934539795,105446,1.1451330184936523,1.1218990087509155,0.4926739037036896
09-08-1988,1.1218990087509155,1.1218990087509155,22596,1.1252180337905884,1.1218990087509155,0.4926739037036896
10-08-1988,1.0887060165405273,1.1152600049972534,112978,1.1152600049972534,1.0887060165405273,0.47809740900993347
11-08-1988,1.0853869915008545,1.0853869915008545,18830,1.0853869915008545,1.0853869915008545,0.47664007544517517
12-08-1988,1.0887060165405273,1.0920259952545166,22596,1.0920259952545166,1.0887060165405273,0.47809740900993347
15-08-1988,1.0853869915008545,1.0887060165405273,45191,1.0920259952545166,1.0853869915008545,0.47664007544517517
16-08-1988,1.0853869915008545,1.0853869915008545,0,1.0853869915008545,1.0853869915008545,0.47664007544517517
17-08-1988,1.0887060165405273,1.0887060165405273,7532,1.0887060165405273,1.0887060165405273,0.47809740900993347
18-08-1988,1.0887060165405273,1.0887060165405273,0,1.0887060165405273,1.0887060165405273,0.47809740900993347
19-08-1988,1.0887060165405273,1.0887060165405273,7532,1.0887060165405273,1.0887060165405273,0.47809740900993347
22-08-1988,1.0887060165405273,1.0887060165405273,86617,1.0953450202941895,1.0887060165405273,0.47809740900993347
23-08-1988,1.0887060165405273,1.0887060165405273,67787,1.1086219549179077,1.1019829511642456,0.48392805457115173
24-08-1988,1.1053019762039185,1.1086219549179077,11298,1.1086219549179077,1.1086219549179077,0.48684370517730713
25-08-1988,1.1053019762039185,1.1053019762039185,18830,1.1086219549179077,1.1086219549179077,0.48684370517730713
26-08-1988,1.1119409799575806,1.1119409799575806,11298,1.1119409799575806,1.1119409799575806,0.4883009195327759
29-08-1988,1.1185790300369263,1.1185790300369263,52723,1.1218990087509155,1.1218990087509155,0.4926739037036896
30-08-1988,1.1185790300369263,1.1185790300369263,22596,1.1218990087509155,1.1218990087509155,0.49667057394981384
31-08-1988,1.1119409799575806,1.1152600049972534,45191,1.1152600049972534,1.1119409799575806,0.49226218461990356
01-09-1988,1.1119409799575806,1.1119409799575806,0,1.1119409799575806,1.1119409799575806,0.49226218461990356
02-09-1988,1.1185790300369263,1.1185790300369263,7532,1.1185790300369263,1.1185790300369263,0.4952009618282318
06-09-1988,1.1185790300369263,1.1185790300369263,11298,1.1218990087509155,1.1218990087509155,0.49667057394981384
07-09-1988,1.1252180337905884,1.1285370588302612,372828,1.1418139934539795,1.1418139934539795,0.5054870843887329
08-09-1988,1.1418139934539795,1.1418139934539795,0,1.1418139934539795,1.1418139934539795,0.5054870843887329
09-09-1988,1.1418139934539795,1.1418139934539795,64021,1.1750060319900513,1.1750060319900513,0.5201812386512756
12-09-1988,1.1750060319900513,1.1750060319900513,0,1.1750060319900513,1.1750060319900513,0.5201812386512756
13-09-1988,1.1683679819107056,1.1683679819107056,15064,1.1683679819107056,1.1683679819107056,0.5172430872917175
14-09-1988,1.1750060319900513,1.1750060319900513,56489,1.1882829666137695,1.1882829666137695,0.5260592699050903
15-09-1988,1.1849639415740967,1.1916019916534424,37659,1.1916019916534424,1.1916019916534424,0.5275285840034485
16-09-1988,1.1750060319900513,1.1750060319900513,75319,1.1916019916534424,1.1916019916534424,0.5275285840034485
19-09-1988,1.1916019916534424,1.1916019916534424,0,1.1916019916534424,1.1916019916534424,0.5275285840034485
20-09-1988,1.1949219703674316,1.1949219703674316,41425,1.2181559801101685,1.2148369550704956,0.5378147959709167
21-09-1988,1.2148369550704956,1.2148369550704956,0,1.2148369550704956,1.2148369550704956,0.5378147959709167
22-09-1988,1.2214750051498413,1.2214750051498413,18830,1.2214750051498413,1.2214750051498413,0.5407536625862122
23-09-1988,1.2081979513168335,1.2148369550704956,56489,1.2148369550704956,1.2081979513168335,0.5348759889602661
26-09-1988,1.2048790454864502,1.2048790454864502,15064,1.2048790454864502,1.2048790454864502,0.5334064960479736
27-09-1988,1.2081979513168335,1.2081979513168335,15064,1.2148369550704956,1.2148369550704956,0.5378147959709167
28-09-1988,1.2181559801101685,1.2214750051498413,37659,1.2214750051498413,1.2181559801101685,0.5392842888832092
29-09-1988,1.2214750051498413,1.2214750051498413,195829,1.2413909435272217,1.2413909435272217,0.5495702624320984
30-09-1988,1.2380720376968384,1.2380720376968384,101680,1.2613060474395752,1.2546679973602295,0.5554481148719788
03-10-1988,1.2480289936065674,1.2513480186462402,214658,1.2579870223999023,1.2546679973602295,0.5554481148719788
04-10-1988,1.2546679973602295,1.2613060474395752,33893,1.2613060474395752,1.2546679973602295,0.5554481148719788
05-10-1988,1.2480289936065674,1.2480289936065674,79085,1.2480289936065674,1.2480289936065674,0.5525091290473938
06-10-1988,1.2546679973602295,1.2546679973602295,7532,1.2546679973602295,1.2546679973602295,0.5554481148719788
07-10-1988,1.2613060474395752,1.2613060474395752,109212,1.3177330493927002,1.3177330493927002,0.5833675861358643
10-10-1988,1.3243709802627563,1.3243709802627563,52723,1.3343290090560913,1.3310099840164185,0.5892452001571655
11-10-1988,1.3310099840164185,1.3376480340957642,26362,1.3376480340957642,1.3310099840164185,0.5892452001571655
12-10-1988,1.3044559955596924,1.3243709802627563,124276,1.3243709802627563,1.3044559955596924,0.5774897933006287
13-10-1988,1.3110949993133545,1.3110949993133545,7532,1.3110949993133545,1.3110949993133545,0.5804288983345032
14-10-1988,1.3110949993133545,1.3110949993133545,0,1.3110949993133545,1.3110949993133545,0.5804288983345032
17-10-1988,1.3011369705200195,1.3044559955596924,22596,1.3044559955596924,1.3011369705200195,0.5760199427604675
18-10-1988,1.3077750205993652,1.3077750205993652,48957,1.3276909589767456,1.3276909589767456,0.5877760052680969
19-10-1988,1.3310099840164185,1.3343290090560913,41425,1.3409680128097534,1.3343290090560913,0.5907143354415894
20-10-1988,1.3310099840164185,1.3376480340957642,365296,1.3442870378494263,1.3442870378494263,0.5951230525970459
21-10-1988,1.3343290090560913,1.3376480340957642,436849,1.3608829975128174,1.3608829975128174,0.6024702787399292
24-10-1988,1.367521047592163,1.367521047592163,18830,1.3807979822158813,1.3807979822158813,0.6112865209579468
25-10-1988,1.3741600513458252,1.3741600513458252,11298,1.3741600513458252,1.3741600513458252,0.6083482503890991
26-10-1988,1.3642020225524902,1.3807979822158813,79085,1.3807979822158813,1.3642020225524902,0.6039396524429321
27-10-1988,1.3409680128097534,1.3575639724731445,82851,1.3608829975128174,1.3409680128097534,0.5936536192893982
28-10-1988,1.3476059436798096,1.3476059436798096,3766,1.3476059436798096,1.3476059436798096,0.5965926647186279
31-10-1988,1.3409680128097534,1.3542439937591553,41425,1.3542439937591553,1.3409680128097534,0.5936536192893982
01-11-1988,1.3310099840164185,1.3343290090560913,64021,1.3376480340957642,1.3376480340957642,0.5921841859817505
02-11-1988,1.3376480340957642,1.3376480340957642,0,1.3376480340957642,1.3376480340957642,0.5921841859817505
03-11-1988,1.3376480340957642,1.3376480340957642,0,1.3376480340957642,1.3376480340957642,0.5921841859817505
04-11-1988,1.3210519552230835,1.3310099840164185,37659,1.3310099840164185,1.3210519552230835,0.5848367810249329
07-11-1988,1.3110949993133545,1.3144140243530273,22596,1.3144140243530273,1.3110949993133545,0.5804288983345032
08-11-1988,1.3110949993133545,1.3110949993133545,0,1.3110949993133545,1.3110949993133545,0.5804288983345032
09-11-1988,1.2845410108566284,1.3044559955596924,60255,1.3044559955596924,1.2845410108566284,0.5686733722686768
10-11-1988,1.2812210321426392,1.2845410108566284,26362,1.2845410108566284,1.2812210321426392,0.5672031044960022
11-11-1988,1.2712639570236206,1.2745829820632935,41425,1.2745829820632935,1.2712639570236206,0.5627955198287964
14-11-1988,1.2579870223999023,1.2646249532699585,41425,1.2646249532699585,1.2613060474395752,0.5583869218826294
15-11-1988,1.2546679973602295,1.2579870223999023,18830,1.2579870223999023,1.2546679973602295,0.5554481148719788
16-11-1988,1.2480289936065674,1.2480289936065674,881229,1.2579870223999023,1.2579870223999023,0.5569176077842712
17-11-1988,1.2712639570236206,1.2712639570236206,399189,1.2779020071029663,1.2745829820632935,0.5642649531364441
18-11-1988,1.2745829820632935,1.2745829820632935,15064,1.2745829820632935,1.2745829820632935,0.5642649531364441
21-11-1988,1.2712639570236206,1.2712639570236206,169467,1.2745829820632935,1.2745829820632935,0.5642649531364441
22-11-1988,1.2812210321426392,1.2812210321426392,18830,1.2878600358963013,1.2878600358963013,0.5701427459716797
23-11-1988,1.2878600358963013,1.2878600358963013,105446,1.3144140243530273,1.3077750205993652,0.5789591073989868
25-11-1988,1.3077750205993652,1.3110949993133545,45191,1.3110949993133545,1.3110949993133545,0.5804288983345032
28-11-1988,1.3044559955596924,1.3077750205993652,75319,1.3077750205993652,1.3044559955596924,0.5814938545227051
29-11-1988,1.3077750205993652,1.3077750205993652,30128,1.3144140243530273,1.3144140243530273,0.5859325528144836
30-11-1988,1.3110949993133545,1.3110949993133545,278679,1.3708410263061523,1.3708410263061523,0.6110866665840149
01-12-1988,1.3476059436798096,1.3642020225524902,120510,1.3642020225524902,1.3476059436798096,0.6007288694381714
02-12-1988,1.3376480340957642,1.3442870378494263,26362,1.3442870378494263,1.3442870378494263,0.5992492437362671
05-12-1988,1.3442870378494263,1.3442870378494263,11298,1.3442870378494263,1.3442870378494263,0.5992492437362671
06-12-1988,1.3343290090560913,1.3376480340957642,376594,1.3642020225524902,1.3642020225524902,0.6081271171569824
07-12-1988,1.3708410263061523,1.3708410263061523,75319,1.3841179609298706,1.3841179609298706,0.6170054078102112
08-12-1988,1.3774789571762085,1.3774789571762085,135574,1.4040329456329346,1.3973939418792725,0.6229233145713806
09-12-1988,1.3973939418792725,1.3973939418792725,0,1.3973939418792725,1.3973939418792725,0.6229233145713806
12-12-1988,1.3973939418792725,1.3973939418792725,48957,1.4040329456329346,1.4040329456329346,0.6258828043937683
13-12-1988,1.3874369859695435,1.3973939418792725,22596,1.3973939418792725,1.3874369859695435,0.618484616279602
14-12-1988,1.3741600513458252,1.3807979822158813,41425,1.3807979822158813,1.3807979822158813,0.6155252456665039
15-12-1988,1.3874369859695435,1.3874369859695435,131808,1.3973939418792725,1.3973939418792725,0.6229233145713806
16-12-1988,1.4007140398025513,1.4040329456329346,286211,1.4305870532989502,1.4305870532989502,0.6377198100090027
19-12-1988,1.4339059591293335,1.4339059591293335,120510,1.4604599475860596,1.4505020380020142,0.6465974450111389
20-12-1988,1.4438639879226685,1.4538209438323975,41425,1.4538209438323975,1.4438639879226685,0.6436384320259094
21-12-1988,1.423948049545288,1.4405440092086792,52723,1.4405440092086792,1.423948049545288,0.6347599029541016
22-12-1988,1.4173099994659424,1.4272669553756714,56489,1.4272669553756714,1.4173099994659424,0.6318012475967407
23-12-1988,1.4173099994659424,1.423948049545288,41425,1.423948049545288,1.4206290245056152,0.6332809925079346
27-12-1988,1.4139909744262695,1.4139909744262695,15064,1.4173099994659424,1.4173099994659424,0.6318012475967407
28-12-1988,1.4040329456329346,1.4106709957122803,71553,1.4106709957122803,1.4106709957122803,0.6288416385650635
29-12-1988,1.4173099994659424,1.4173099994659424,79085,1.4305870532989502,1.4305870532989502,0.6377198100090027
30-12-1988,1.4305870532989502,1.4339059591293335,45191,1.4505020380020142,1.4505020380020142,0.6465974450111389
03-01-1989,1.4339059591293335,1.4438639879226685,97914,1.4438639879226685,1.4405440092086792,0.6421586275100708
04-01-1989,1.4372249841690063,1.4372249841690063,7532,1.4405440092086792,1.4405440092086792,0.6421586275100708
05-01-1989,1.4372249841690063,1.4405440092086792,22596,1.4405440092086792,1.4372249841690063,0.6406790614128113
06-01-1989,1.4438639879226685,1.4438639879226685,3766,1.4438639879226685,1.4438639879226685,0.6436384320259094
09-01-1989,1.4339059591293335,1.4405440092086792,30128,1.4405440092086792,1.4339059591293335,0.6391993165016174
10-01-1989,1.4339059591293335,1.4339059591293335,259850,1.4471830129623413,1.4471830129623413,0.6451178789138794
11-01-1989,1.4471830129623413,1.4471830129623413,26362,1.4571399688720703,1.4571399688720703,0.6495563387870789
12-01-1989,1.4505020380020142,1.4571399688720703,116744,1.4571399688720703,1.4505020380020142,0.6465974450111389
13-01-1989,1.4471830129623413,1.4471830129623413,15064,1.4505020380020142,1.4505020380020142,0.6465974450111389
16-01-1989,1.4505020380020142,1.4505020380020142,0,1.4505020380020142,1.4505020380020142,0.6465974450111389
17-01-1989,1.4471830129623413,1.4471830129623413,3766,1.4471830129623413,1.4471830129623413,0.6451178789138794
18-01-1989,1.4438639879226685,1.4471830129623413,282445,1.4670979976654053,1.4670979976654053,0.6539955139160156
19-01-1989,1.4704170227050781,1.4704170227050781,18830,1.4770560264587402,1.4770560264587402,0.6584344506263733
20-01-1989,1.4770560264587402,1.4770560264587402,3766,1.4770560264587402,1.4770560264587402,0.6584344506263733
23-01-1989,1.4670979976654053,1.4770560264587402,48957,1.4770560264587402,1.4670979976654053,0.6539955139160156
24-01-1989,1.4637789726257324,1.4637789726257324,158169,1.5036100149154663,1.5036100149154663,0.6702713966369629
25-01-1989,1.5069290399551392,1.5069290399551392,26362,1.5202059745788574,1.5202059745788574,0.6776695847511292
26-01-1989,1.5268440246582031,1.5268440246582031,67787,1.5766329765319824,1.5766329765319824,0.7028234004974365
27-01-1989,1.5766329765319824,1.5766329765319824,30128,1.593229055404663,1.5899100303649902,0.7087419629096985
30-01-1989,1.5899100303649902,1.5899100303649902,82851,1.6065059900283813,1.603186011314392,0.7146599292755127
31-01-1989,1.5998669862747192,1.5998669862747192,391658,1.613144040107727,1.613144040107727,0.719099223613739
01-02-1989,1.6065059900283813,1.6098250150680542,41425,1.613144040107727,1.613144040107727,0.719099223613739
02-02-1989,1.603186011314392,1.6065059900283813,97914,1.6098250150680542,1.6065059900283813,0.7161400318145752
03-02-1989,1.6065059900283813,1.6065059900283813,22596,1.6197830438613892,1.6197830438613892,0.7220585942268372
06-02-1989,1.6297399997711182,1.6297399997711182,11298,1.6363790035247803,1.6363790035247803,0.7294567823410034
07-02-1989,1.6396980285644531,1.643017053604126,30128,1.643017053604126,1.6396980285644531,0.7309365272521973
08-02-1989,1.6396980285644531,1.6396980285644531,26362,1.6463359594345093,1.6463359594345093,0.7338954210281372
09-02-1989,1.6396980285644531,1.6396980285644531,15064,1.6396980285644531,1.6396980285644531,0.7309365272521973
10-02-1989,1.6164629459381104,1.643017053604126,188297,1.643017053604126,1.6164629459381104,0.7205789089202881
13-02-1989,1.6164629459381104,1.6164629459381104,11298,1.6231019496917725,1.6231019496917725,0.723537802696228
14-02-1989,1.6098250150680542,1.6197830438613892,37659,1.6197830438613892,1.6098250150680542,0.7176195979118347
15-02-1989,1.6065059900283813,1.6065059900283813,11298,1.6065059900283813,1.6065059900283813,0.7161400318145752
16-02-1989,1.603186011314392,1.6065059900283813,112978,1.613144040107727,1.6065059900283813,0.7161400318145752
17-02-1989,1.613144040107727,1.613144040107727,195829,1.6197830438613892,1.6197830438613892,0.7220585942268372
21-02-1989,1.6197830438613892,1.6197830438613892,0,1.6197830438613892,1.6197830438613892,0.7220585942268372
22-02-1989,1.593229055404663,1.613144040107727,75319,1.613144040107727,1.593229055404663,0.7102215886116028
23-02-1989,1.586590051651001,1.586590051651001,37659,1.586590051651001,1.586590051651001,0.7072619199752808
24-02-1989,1.5899100303649902,1.5899100303649902,3766,1.5899100303649902,1.5899100303649902,0.7087419629096985
27-02-1989,1.5633560419082642,1.5832710266113281,48957,1.5832710266113281,1.5633560419082642,0.6969046592712402
28-02-1989,1.556717038154602,1.556717038154602,52723,1.5633560419082642,1.5633560419082642,0.6969046592712402
01-03-1989,1.556717038154602,1.5666749477386475,37659,1.5666749477386475,1.556717038154602,0.6939453482627869
02-03-1989,1.5633560419082642,1.5633560419082642,45191,1.5766329765319824,1.5766329765319824,0.7028234004974365
03-03-1989,1.5699939727783203,1.5699939727783203,37659,1.5733129978179932,1.5699939727783203,0.7048496603965759
06-03-1989,1.5699939727783203,1.5699939727783203,0,1.5699939727783203,1.5699939727783203,0.7048496603965759
07-03-1989,1.5766329765319824,1.5766329765319824,45191,1.5832710266113281,1.5832710266113281,0.7108107209205627
08-03-1989,1.5766329765319824,1.5766329765319824,105446,1.5832710266113281,1.5832710266113281,0.7108107209205627
09-03-1989,1.586590051651001,1.586590051651001,82851,1.5998669862747192,1.5965479612350464,0.7167714834213257
10-03-1989,1.5899100303649902,1.5965479612350464,64021,1.5965479612350464,1.5965479612350464,0.7167714834213257
13-03-1989,1.593229055404663,1.593229055404663,323871,1.613144040107727,1.613144040107727,0.7242220640182495
14-03-1989,1.603186011314392,1.613144040107727,120510,1.613144040107727,1.6098250150680542,0.7227321863174438
15-03-1989,1.603186011314392,1.6098250150680542,33893,1.6098250150680542,1.603186011314392,0.7197515964508057
16-03-1989,1.603186011314392,1.603186011314392,0,1.603186011314392,1.603186011314392,0.7197515964508057
17-03-1989,1.5998669862747192,1.5998669862747192,22596,1.5998669862747192,1.5998669862747192,0.7182614207267761
20-03-1989,1.5832710266113281,1.593229055404663,37659,1.593229055404663,1.5832710266113281,0.7108107209205627
21-03-1989,1.586590051651001,1.586590051651001,7532,1.5899100303649902,1.5899100303649902,0.71379154920578
22-03-1989,1.5799520015716553,1.586590051651001,161935,1.5899100303649902,1.5899100303649902,0.71379154920578
23-03-1989,1.5799520015716553,1.5832710266113281,11298,1.5832710266113281,1.5799520015716553,0.7093206644058228
27-03-1989,1.5799520015716553,1.5799520015716553,0,1.5799520015716553,1.5799520015716553,0.7093206644058228
28-03-1989,1.5799520015716553,1.5799520015716553,0,1.5799520015716553,1.5799520015716553,0.7093206644058228
29-03-1989,1.5799520015716553,1.5799520015716553,0,1.5799520015716553,1.5799520015716553,0.7093206644058228
30-03-1989,1.5832710266113281,1.586590051651001,26362,1.593229055404663,1.593229055404663,0.7152812480926514
31-03-1989,1.5899100303649902,1.5899100303649902,15064,1.5965479612350464,1.5965479612350464,0.7167714834213257
03-04-1989,1.603186011314392,1.603186011314392,22596,1.6065059900283813,1.6065059900283813,0.7212419509887695
04-04-1989,1.6065059900283813,1.6065059900283813,0,1.6065059900283813,1.6065059900283813,0.7212419509887695
05-04-1989,1.5998669862747192,1.603186011314392,18830,1.603186011314392,1.5998669862747192,0.7182614207267761
06-04-1989,1.5998669862747192,1.5998669862747192,22596,1.5998669862747192,1.5998669862747192,0.7182614207267761
07-04-1989,1.5965479612350464,1.5998669862747192,71553,1.613144040107727,1.613144040107727,0.7242220640182495
10-04-1989,1.613144040107727,1.6197830438613892,143106,1.6264209747314453,1.6197830438613892,0.7272028923034668
11-04-1989,1.6264209747314453,1.6264209747314453,18830,1.6297399997711182,1.6264209747314453,0.7301827669143677
12-04-1989,1.6231019496917725,1.6264209747314453,52723,1.6264209747314453,1.6231019496917725,0.7286930680274963
13-04-1989,1.6231019496917725,1.6264209747314453,109212,1.6396980285644531,1.633059024810791,0.7331628203392029
14-04-1989,1.6297399997711182,1.6297399997711182,15064,1.633059024810791,1.633059024810791,0.7331628203392029
17-04-1989,1.6363790035247803,1.6363790035247803,3766,1.6363790035247803,1.6363790035247803,0.7346538305282593
18-04-1989,1.6363790035247803,1.6363790035247803,56489,1.6463359594345093,1.6463359594345093,0.7391239404678345
19-04-1989,1.6363790035247803,1.6396980285644531,30128,1.643017053604126,1.643017053604126,0.7376336455345154
20-04-1989,1.6396980285644531,1.6396980285644531,52723,1.6463359594345093,1.6463359594345093,0.7391239404678345
21-04-1989,1.6463359594345093,1.6463359594345093,0,1.6463359594345093,1.6463359594345093,0.7391239404678345
24-04-1989,1.6396980285644531,1.6396980285644531,7532,1.6396980285644531,1.6396980285644531,0.7361436486244202
25-04-1989,1.6396980285644531,1.6396980285644531,37659,1.6463359594345093,1.643017053604126,0.7376336455345154
26-04-1989,1.6463359594345093,1.6463359594345093,56489,1.6662520170211792,1.6662520170211792,0.7480652928352356
27-04-1989,1.669571042060852,1.669571042060852,45191,1.6728899478912354,1.6728899478912354,0.7510450482368469
28-04-1989,1.6728899478912354,1.6728899478912354,0,1.6728899478912354,1.6728899478912354,0.7510450482368469
01-05-1989,1.6762089729309082,1.6762089729309082,7532,1.6762089729309082,1.6762089729309082,0.7525355219841003
02-05-1989,1.6662520170211792,1.669571042060852,41425,1.6728899478912354,1.6728899478912354,0.7510450482368469
03-05-1989,1.659613013267517,1.6662520170211792,22596,1.6662520170211792,1.659613013267517,0.7450846433639526
04-05-1989,1.6463359594345093,1.6529749631881714,11298,1.6529749631881714,1.6463359594345093,0.7391239404678345
05-05-1989,1.6197830438613892,1.6396980285644531,45191,1.6396980285644531,1.6197830438613892,0.7272028923034668
08-05-1989,1.5633560419082642,1.6098250150680542,97914,1.6098250150680542,1.5633560419082642,0.701869785785675
09-05-1989,1.5401209592819214,1.5600370168685913,26362,1.5600370168685913,1.5401209592819214,0.6914384961128235
10-05-1989,1.5268440246582031,1.5268440246582031,30128,1.5268440246582031,1.5268440246582031,0.6854780912399292
11-05-1989,1.5268440246582031,1.5268440246582031,30128,1.5434399843215942,1.5434399843215942,0.6929283142089844
12-05-1989,1.5533980131149292,1.5533980131149292,52723,1.5633560419082642,1.5633560419082642,0.701869785785675
15-05-1989,1.5699939727783203,1.5699939727783203,67787,1.5899100303649902,1.5899100303649902,0.71379154920578
16-05-1989,1.5899100303649902,1.5899100303649902,0,1.5899100303649902,1.5899100303649902,0.71379154920578
17-05-1989,1.5965479612350464,1.5965479612350464,37659,1.6098250150680542,1.603186011314392,0.7197515964508057
18-05-1989,1.6065059900283813,1.6098250150680542,195829,1.6197830438613892,1.6065059900283813,0.7212419509887695
19-05-1989,1.6065059900283813,1.613144040107727,7532,1.613144040107727,1.6065059900283813,0.7212419509887695
22-05-1989,1.6065059900283813,1.6065059900283813,18830,1.6065059900283813,1.6065059900283813,0.7212419509887695
23-05-1989,1.5998669862747192,1.603186011314392,18830,1.603186011314392,1.5998669862747192,0.7182614207267761
24-05-1989,1.593229055404663,1.593229055404663,3766,1.593229055404663,1.593229055404663,0.7152812480926514
25-05-1989,1.5899100303649902,1.5899100303649902,11298,1.5899100303649902,1.5899100303649902,0.71379154920578
26-05-1989,1.593229055404663,1.593229055404663,75319,1.5965479612350464,1.593229055404663,0.7152812480926514
30-05-1989,1.5899100303649902,1.5899100303649902,86617,1.5998669862747192,1.593229055404663,0.7152812480926514
31-05-1989,1.586590051651001,1.593229055404663,497104,1.593229055404663,1.5899100303649902,0.71379154920578
01-06-1989,1.5832710266113281,1.5832710266113281,320105,1.5998669862747192,1.5998669862747192,0.7182614207267761
02-06-1989,1.6065059900283813,1.6065059900283813,75319,1.6197830438613892,1.613144040107727,0.7242220640182495
05-06-1989,1.6065059900283813,1.6065059900283813,22596,1.613144040107727,1.6098250150680542,0.7277638912200928
06-06-1989,1.6098250150680542,1.6164629459381104,131808,1.6164629459381104,1.613144040107727,0.7292642593383789
07-06-1989,1.6098250150680542,1.6098250150680542,128042,1.613144040107727,1.6098250150680542,0.7277638912200928
08-06-1989,1.613144040107727,1.613144040107727,176999,1.6164629459381104,1.6164629459381104,0.7307645678520203
09-06-1989,1.613144040107727,1.6164629459381104,173233,1.6197830438613892,1.6197830438613892,0.7322657704353333
12-06-1989,1.6197830438613892,1.6264209747314453,7532,1.6264209747314453,1.6197830438613892,0.7322657704353333
13-06-1989,1.6065059900283813,1.6164629459381104,67787,1.6164629459381104,1.613144040107727,0.7292642593383789
14-06-1989,1.6164629459381104,1.6197830438613892,79085,1.6297399997711182,1.6297399997711182,0.7367668151855469
15-06-1989,1.6197830438613892,1.6231019496917725,139340,1.6231019496917725,1.6197830438613892,0.7322657704353333
16-06-1989,1.6098250150680542,1.6098250150680542,101680,1.6231019496917725,1.6231019496917725,0.7337657809257507
19-06-1989,1.6264209747314453,1.6264209747314453,15064,1.6264209747314453,1.6264209747314453,0.7352660894393921
20-06-1989,1.6197830438613892,1.6264209747314453,33893,1.6264209747314453,1.6197830438613892,0.7322657704353333
21-06-1989,1.593229055404663,1.6197830438613892,180765,1.6197830438613892,1.593229055404663,0.7202612161636353
22-06-1989,1.586590051651001,1.586590051651001,7532,1.586590051651001,1.586590051651001,0.7172598838806152
23-06-1989,1.5899100303649902,1.5899100303649902,41425,1.603186011314392,1.603186011314392,0.7247623205184937
26-06-1989,1.613144040107727,1.613144040107727,86617,1.633059024810791,1.633059024810791,0.7382673025131226
27-06-1989,1.633059024810791,1.633059024810791,184531,1.6463359594345093,1.6463359594345093,0.7442695498466492
28-06-1989,1.6396980285644531,1.6463359594345093,165701,1.659613013267517,1.659613013267517,0.7502719163894653
29-06-1989,1.6463359594345093,1.6529749631881714,320105,1.6662520170211792,1.6629329919815063,0.7517728805541992
30-06-1989,1.6529749631881714,1.659613013267517,52723,1.6662520170211792,1.6529749631881714,0.7472707033157349
03-07-1989,1.659613013267517,1.659613013267517,154403,1.6861670017242432,1.6861670017242432,0.7622764110565186
05-07-1989,1.6795289516448975,1.6861670017242432,22596,1.6861670017242432,1.6828479766845703,0.7607758641242981
06-07-1989,1.6928060054779053,1.6928060054779053,97914,1.7127209901809692,1.7060819864273071,0.7712791562080383
07-07-1989,1.7127209901809692,1.7127209901809692,64021,1.7326359748840332,1.7326359748840332,0.783283531665802
10-07-1989,1.7392749786376953,1.7392749786376953,79085,1.7658289670944214,1.7658289670944214,0.7982893586158752
11-07-1989,1.782425045967102,1.782425045967102,109212,1.8056590557098389,1.8056590557098389,0.8162961602210999
12-07-1989,1.8056590557098389,1.8056590557098389,18830,1.812298059463501,1.812298059463501,0.819297194480896
13-07-1989,1.8089790344238281,1.8089790344238281,30128,1.8156169652938843,1.8089790344238281,0.8177967667579651
14-07-1989,1.8156169652938843,1.8156169652938843,48957,1.8454899787902832,1.8454899787902832,0.8343022465705872
17-07-1989,1.852128028869629,1.852128028869629,33893,1.8554480075836182,1.8554480075836182,0.838804304599762
18-07-1989,1.8620860576629639,1.8620860576629639,30128,1.8654049634933472,1.8654049634933472,0.8433060646057129
19-07-1989,1.852128028869629,1.858767032623291,331403,1.8687249422073364,1.858767032623291,0.840304970741272
20-07-1989,1.858767032623291,1.858767032623291,222190,1.8687249422073364,1.8687249422073364,0.8448066115379333
21-07-1989,1.852128028869629,1.8620860576629639,52723,1.8620860576629639,1.8554480075836182,0.838804304599762
24-07-1989,1.838852047920227,1.858767032623291,143106,1.858767032623291,1.8554480075836182,0.838804304599762
25-07-1989,1.858767032623291,1.858767032623291,41425,1.8620860576629639,1.858767032623291,0.840304970741272
26-07-1989,1.8687249422073364,1.8687249422073364,45191,1.8985979557037354,1.8985979557037354,0.8583109378814697
27-07-1989,1.8985979557037354,1.905236005783081,225956,1.945067048072815,1.945067048072815,0.8793191313743591
28-07-1989,1.9384280443191528,1.9384280443191528,90383,1.9583439826965332,1.9583439826965332,0.8853210210800171
31-07-1989,1.951704978942871,1.951704978942871,180765,1.991536021232605,1.991536021232605,0.9003265500068665
01-08-1989,1.98157799243927,1.991536021232605,169467,2.0048129558563232,1.98157799243927,0.8958243727684021
02-08-1989,1.9782589673995972,1.9782589673995972,18830,1.991536021232605,1.991536021232605,0.9003265500068665
03-08-1989,1.9882169961929321,1.991536021232605,71553,1.991536021232605,1.9882169961929321,0.8988257646560669
04-08-1989,1.9848979711532593,1.9882169961929321,22596,1.9882169961929321,1.9848979711532593,0.8973251581192017
07-08-1989,1.991536021232605,1.991536021232605,101680,2.031367063522339,2.0280470848083496,0.9168319702148438
08-08-1989,2.0346860885620117,2.0346860885620117,158169,2.0977509021759033,2.0977509021759033,0.948343813419342
09-08-1989,2.1043899059295654,2.1043899059295654,169467,2.134263038635254,2.1309430599212646,0.9633488059043884
10-08-1989,2.0944321155548096,2.124305009841919,116744,2.124305009841919,2.0944321155548096,0.9468430876731873
11-08-1989,2.0844740867614746,2.0944321155548096,120510,2.0944321155548096,2.0844740867614746,0.9423415064811707
14-08-1989,2.008131980895996,2.087794065475464,195829,2.087794065475464,2.008131980895996,0.9078291654586792
15-08-1989,1.9981739521026611,2.008131980895996,86617,2.008131980895996,2.0048129558563232,0.9063284993171692
16-08-1989,2.011451005935669,2.011451005935669,82851,2.0413239002227783,2.0413239002227783,0.9228341579437256
17-08-1989,2.0280470848083496,2.0512819290161133,67787,2.0512819290161133,2.0280470848083496,0.9168319702148438
18-08-1989,2.018090009689331,2.018090009689331,22596,2.0247280597686768,2.0247280597686768,0.9153317213058472
21-08-1989,2.0014939308166504,2.031367063522339,33893,2.031367063522339,2.0014939308166504,0.9048283696174622
22-08-1989,1.964982032775879,1.991536021232605,60255,1.991536021232605,1.964982032775879,0.8883220553398132
23-08-1989,1.9118750095367432,1.955024003982544,139340,1.955024003982544,1.9384280443191528,0.8763179183006287
24-08-1989,1.945067048072815,1.945067048072815,60255,1.964982032775879,1.964982032775879,0.8883220553398132
25-08-1989,1.9749399423599243,1.9749399423599243,15064,1.9749399423599243,1.9749399423599243,0.8928238153457642
28-08-1989,1.9782589673995972,1.9782589673995972,30128,1.991536021232605,1.9848979711532593,0.8973251581192017
29-08-1989,1.9848979711532593,1.9848979711532593,0,1.9848979711532593,1.9848979711532593,0.8973251581192017
30-08-1989,1.951704978942871,1.9749399423599243,86617,1.98157799243927,1.951704978942871,0.8823198676109314
31-08-1989,1.945067048072815,1.951704978942871,11298,1.951704978942871,1.945067048072815,0.8793191313743591
01-09-1989,1.9384280443191528,1.9384280443191528,22596,1.9583439826965332,1.9583439826965332,0.8853210210800171
05-09-1989,1.951704978942871,1.951704978942871,22596,1.9583439826965332,1.955024003982544,0.8838204741477966
06-09-1989,1.9317899942398071,1.945067048072815,30128,1.945067048072815,1.93510901927948,0.8748171925544739
07-09-1989,1.93510901927948,1.93510901927948,3766,1.93510901927948,1.93510901927948,0.8748171925544739
08-09-1989,1.9118750095367432,1.9118750095367432,184531,1.9384280443191528,1.9384280443191528,0.8763179183006287
11-09-1989,1.9317899942398071,1.9317899942398071,11298,1.93510901927948,1.93510901927948,0.8748171925544739
12-09-1989,1.9218319654464722,1.9284709692001343,41425,1.9284709692001343,1.9284709692001343,0.8718163967132568
13-09-1989,1.9317899942398071,1.9317899942398071,18830,1.9317899942398071,1.9317899942398071,0.8733165860176086
14-09-1989,1.9185129404067993,1.9317899942398071,60255,1.9317899942398071,1.9218319654464722,0.8688143491744995
15-09-1989,1.9284709692001343,1.9284709692001343,120510,1.945067048072815,1.945067048072815,0.8793191313743591
18-09-1989,1.951704978942871,1.951704978942871,124276,1.991536021232605,1.991536021232605,0.9003265500068665
19-09-1989,1.991536021232605,1.991536021232605,135574,1.9981739521026611,1.991536021232605,0.9003265500068665
20-09-1989,1.9948550462722778,1.9948550462722778,3766,1.9948550462722778,1.9948550462722778,0.9018265604972839
21-09-1989,1.9948550462722778,2.0014939308166504,64021,2.0048129558563232,1.9948550462722778,0.9018265604972839
22-09-1989,1.9882169961929321,1.9882169961929321,7532,1.991536021232605,1.991536021232605,0.9003265500068665
25-09-1989,1.9782589673995972,1.9848979711532593,79085,1.9848979711532593,1.9848979711532593,0.8973251581192017
26-09-1989,1.9882169961929321,1.991536021232605,48957,1.991536021232605,1.9882169961929321,0.8988257646560669
27-09-1989,1.98157799243927,1.98157799243927,22596,1.9882169961929321,1.9882169961929321,0.8988257646560669
28-09-1989,1.9848979711532593,1.991536021232605,30128,1.991536021232605,1.9848979711532593,0.8973251581192017
29-09-1989,1.9848979711532593,1.991536021232605,71553,2.014770984649658,2.014770984649658,0.9108304977416992
02-10-1989,2.0280470848083496,2.0280470848083496,124276,2.054600954055786,2.0479629039764404,0.9258357286453247
03-10-1989,2.054600954055786,2.054600954055786,22596,2.071197032928467,2.071197032928467,0.9363394975662231
04-10-1989,2.077836036682129,2.077836036682129,3766,2.077836036682129,2.077836036682129,0.9393404722213745
05-10-1989,2.077836036682129,2.077836036682129,0,2.077836036682129,2.077836036682129,0.9393404722213745
06-10-1989,2.0844740867614746,2.0844740867614746,18830,2.0844740867614746,2.0844740867614746,0.9423415064811707
09-10-1989,2.0844740867614746,2.0844740867614746,0,2.0844740867614746,2.0844740867614746,0.9423415064811707
10-10-1989,2.0811550617218018,2.0811550617218018,11298,2.0811550617218018,2.0811550617218018,0.9408414363861084
11-10-1989,2.0512819290161133,2.0844740867614746,158169,2.0844740867614746,2.064558982849121,0.9333384037017822
12-10-1989,2.064558982849121,2.064558982849121,0,2.064558982849121,2.064558982849121,0.9333384037017822
13-10-1989,2.0512819290161133,2.071197032928467,60255,2.071197032928467,2.0512819290161133,0.9273360967636108
16-10-1989,1.9882169961929321,2.031367063522339,218424,2.031367063522339,2.0048129558563232,0.9063284993171692
17-10-1989,2.011451005935669,2.018090009689331,143106,2.018090009689331,2.011451005935669,0.9093297123908997
18-10-1989,1.991536021232605,2.0014939308166504,86617,2.0014939308166504,1.991536021232605,0.9003265500068665
19-10-1989,1.9848979711532593,1.9848979711532593,37659,1.9848979711532593,1.9848979711532593,0.8973251581192017
20-10-1989,1.9782589673995972,1.9848979711532593,22596,1.9848979711532593,1.9782589673995972,0.8943240642547607
23-10-1989,1.9782589673995972,1.9782589673995972,11298,1.9782589673995972,1.9782589673995972,0.8943240642547607
24-10-1989,1.9583439826965332,1.9749399423599243,124276,1.9749399423599243,1.9583439826965332,0.8853210210800171
25-10-1989,1.964982032775879,1.964982032775879,15064,1.964982032775879,1.964982032775879,0.8883220553398132
26-10-1989,1.9583439826965332,1.9583439826965332,97914,1.964982032775879,1.964982032775879,0.8883220553398132
27-10-1989,1.9483859539031982,1.9583439826965332,15064,1.9583439826965332,1.9483859539031982,0.8808193206787109
30-10-1989,1.9384280443191528,1.945067048072815,26362,1.945067048072815,1.9384280443191528,0.8763179183006287
31-10-1989,1.941748023033142,1.945067048072815,37659,1.955024003982544,1.955024003982544,0.8838204741477966
01-11-1989,1.951704978942871,1.951704978942871,530997,1.964982032775879,1.964982032775879,0.8883220553398132
02-11-1989,1.961663007736206,1.964982032775879,18830,1.964982032775879,1.961663007736206,0.8868211507797241
03-11-1989,1.945067048072815,1.964982032775879,30128,1.964982032775879,1.945067048072815,0.8793191313743591
06-11-1989,1.925150990486145,1.9483859539031982,33893,1.9483859539031982,1.925150990486145,0.8703153729438782
07-11-1989,1.9317899942398071,1.9317899942398071,7532,1.9317899942398071,1.9317899942398071,0.8733165860176086
08-11-1989,1.9384280443191528,1.9384280443191528,267382,1.955024003982544,1.955024003982544,0.8838204741477966
09-11-1989,1.941748023033142,1.945067048072815,109212,1.945067048072815,1.941748023033142,0.8778185248374939
10-11-1989,1.941748023033142,1.941748023033142,0,1.941748023033142,1.941748023033142,0.8778185248374939
13-11-1989,1.9384280443191528,1.9384280443191528,369062,1.945067048072815,1.945067048072815,0.8793191313743591
14-11-1989,1.9384280443191528,1.941748023033142,52723,1.941748023033142,1.9384280443191528,0.8763179183006287
15-11-1989,1.9317899942398071,1.9317899942398071,52723,1.9384280443191528,1.9384280443191528,0.8763179183006287
16-11-1989,1.9384280443191528,1.9384280443191528,0,1.9384280443191528,1.9384280443191528,0.8763179183006287
17-11-1989,1.941748023033142,1.941748023033142,395423,1.951704978942871,1.951704978942871,0.8823198676109314
20-11-1989,1.93510901927948,1.9483859539031982,79085,1.9483859539031982,1.93510901927948,0.8748171925544739
21-11-1989,1.93510901927948,1.93510901927948,0,1.93510901927948,1.93510901927948,0.8748171925544739
22-11-1989,1.941748023033142,1.941748023033142,90383,1.9683010578155518,1.9683010578155518,0.8898221254348755
24-11-1989,1.964982032775879,1.9749399423599243,120510,1.9749399423599243,1.971621036529541,0.8913233876228333
27-11-1989,1.98157799243927,1.98157799243927,7532,1.98157799243927,1.98157799243927,0.8958243727684021
28-11-1989,1.991536021232605,1.991536021232605,101680,2.008131980895996,2.0014939308166504,0.9048283696174622
29-11-1989,2.008131980895996,2.008131980895996,3766,2.008131980895996,2.008131980895996,0.9078291654586792
30-11-1989,2.0014939308166504,2.0048129558563232,241020,2.0512819290161133,2.0512819290161133,0.9273360967636108
01-12-1989,2.0479629039764404,2.0479629039764404,131808,2.1043899059295654,2.1043899059295654,0.951344907283783
04-12-1989,2.0844740867614746,2.0844740867614746,37659,2.0944321155548096,2.0944321155548096,0.9530971646308899
05-12-1989,2.0944321155548096,2.0977509021759033,519699,2.114346981048584,2.111027956008911,0.960649311542511
06-12-1989,2.111027956008911,2.111027956008911,0,2.111027956008911,2.111027956008911,0.960649311542511
07-12-1989,2.111027956008911,2.111027956008911,11298,2.1176669597625732,2.1176669597625732,0.9636703729629517
08-12-1989,2.127624034881592,2.127624034881592,48957,2.1375820636749268,2.134263038635254,0.9712222218513489
11-12-1989,2.134263038635254,2.134263038635254,0,2.134263038635254,2.134263038635254,0.9712222218513489
12-12-1989,2.124305009841919,2.127624034881592,350232,2.1442201137542725,2.1442201137542725,0.9757532477378845
13-12-1989,2.124305009841919,2.1508591175079346,101680,2.1508591175079346,2.1309430599212646,0.969711422920227
14-12-1989,2.111027956008911,2.1309430599212646,101680,2.1309430599212646,2.111027956008911,0.960649311542511
15-12-1989,2.1043899059295654,2.1176669597625732,79085,2.120985984802246,2.1043899059295654,0.9576283097267151
18-12-1989,2.0977509021759033,2.0977509021759033,41425,2.114346981048584,2.111027956008911,0.960649311542511
19-12-1989,2.0911130905151367,2.101069927215576,158169,2.101069927215576,2.0911130905151367,0.9515863656997681
20-12-1989,2.0844740867614746,2.0944321155548096,41425,2.0944321155548096,2.0844740867614746,0.9485655426979065
21-12-1989,2.0944321155548096,2.0944321155548096,75319,2.0977509021759033,2.0977509021759033,0.9546075463294983
22-12-1989,2.0977509021759033,2.0977509021759033,48957,2.1077089309692383,2.1077089309692383,0.9591385722160339
26-12-1989,2.101069927215576,2.101069927215576,7532,2.101069927215576,2.101069927215576,0.9561175107955933
27-12-1989,2.0944321155548096,2.0944321155548096,169467,2.124305009841919,2.124305009841919,0.9666910171508789
28-12-1989,2.1309430599212646,2.1309430599212646,146872,2.1508591175079346,2.1508591175079346,0.9787744879722595
29-12-1989,2.1508591175079346,2.157496929168701,64021,2.170773983001709,2.170773983001709,0.987837553024292
02-01-1990,2.170773983001709,2.177412986755371,561125,2.177412986755371,2.177412986755371,0.9908583164215088
03-01-1990,2.184051036834717,2.184051036834717,199595,2.240478038787842,2.240478038787842,1.019556999206543
04-01-1990,2.2537550926208496,2.2537550926208496,67787,2.270350933074951,2.2637128829956055,1.0301302671432495
05-01-1990,2.2471160888671875,2.260392904281616,18830,2.260392904281616,2.2471160888671875,1.022578239440918
08-01-1990,2.233839988708496,2.2504360675811768,60255,2.2504360675811768,2.233839988708496,1.0165362358093262
09-01-1990,2.190690040588379,2.237159013748169,79085,2.237159013748169,2.190690040588379,0.9968997836112976
10-01-1990,2.134263038635254,2.180732011795044,128042,2.180732011795044,2.134263038635254,0.9712222218513489
11-01-1990,2.1409010887145996,2.1409010887145996,15064,2.1475400924682617,2.1475400924682617,0.977263867855072
12-01-1990,2.1176669597625732,2.1475400924682617,48957,2.1475400924682617,2.1176669597625732,0.9636703729629517
15-01-1990,2.1043899059295654,2.1077089309692383,18830,2.1077089309692383,2.1043899059295654,0.9576283097267151
16-01-1990,2.071197032928467,2.0944321155548096,86617,2.0944321155548096,2.071197032928467,0.9425234794616699
17-01-1990,2.0512819290161133,2.077836036682129,26362,2.077836036682129,2.0512819290161133,0.93346107006073
18-01-1990,2.0247280597686768,2.0446441173553467,52723,2.0446441173553467,2.0247280597686768,0.9213771820068359
19-01-1990,2.031367063522339,2.031367063522339,41425,2.0512819290161133,2.0512819290161133,0.93346107006073
22-01-1990,2.008131980895996,2.054600954055786,150638,2.064558982849121,2.008131980895996,0.9138252139091492
23-01-1990,1.991536021232605,1.9981739521026611,26362,1.9981739521026611,1.9948550462722778,0.9077826738357544
24-01-1990,1.945067048072815,1.9948550462722778,101680,1.9948550462722778,1.945067048072815,0.8851268887519836
25-01-1990,1.8985979557037354,1.9384280443191528,30128,1.9384280443191528,1.8985979557037354,0.8639801144599915
26-01-1990,1.858767032623291,1.895277976989746,120510,1.895277976989746,1.858767032623291,0.8458549976348877
29-01-1990,1.848809003829956,1.8687249422073364,71553,1.8687249422073364,1.848809003829956,0.8413230776786804
30-01-1990,1.8089790344238281,1.8454899787902832,97914,1.8454899787902832,1.8156169652938843,0.8262185454368591
31-01-1990,1.8255749940872192,1.8255749940872192,48957,1.8421709537506104,1.838852047920227,0.8367918133735657
01-02-1990,1.858767032623291,1.8654049634933472,207127,1.8687249422073364,1.858767032623291,0.8458549976348877
02-02-1990,1.8687249422073364,1.8687249422073364,135574,1.8919589519500732,1.8919589519500732,0.8609588742256165
05-02-1990,1.895277976989746,1.9019169807434082,26362,1.908555030822754,1.908555030822754,0.868511974811554
06-02-1990,1.9019169807434082,1.9118750095367432,11298,1.9118750095367432,1.9019169807434082,0.8654906749725342
07-02-1990,1.8820010423660278,1.8919589519500732,67787,1.9118750095367432,1.9118750095367432,0.8700222373008728
08-02-1990,1.9218319654464722,1.9218319654464722,18830,1.9384280443191528,1.9384280443191528,0.8821058869361877
09-02-1990,1.945067048072815,1.945067048072815,30128,1.955024003982544,1.951704978942871,0.8881476521492004
12-02-1990,1.945067048072815,1.945067048072815,7532,1.945067048072815,1.945067048072815,0.8851268887519836
13-02-1990,1.925150990486145,1.9483859539031982,30128,1.9483859539031982,1.925150990486145,0.8760638236999512
14-02-1990,1.925150990486145,1.925150990486145,30128,1.955024003982544,1.955024003982544,0.8896579742431641
15-02-1990,1.964982032775879,1.964982032775879,15064,1.9749399423599243,1.9749399423599243,0.8987208604812622
16-02-1990,1.9483859539031982,1.964982032775879,312573,1.971621036529541,1.9483859539031982,0.8866370916366577
20-02-1990,1.9118750095367432,1.9384280443191528,18830,1.9384280443191528,1.915194034576416,0.8715329170227051
21-02-1990,1.8919589519500732,1.908555030822754,11298,1.908555030822754,1.8919589519500732,0.8609588742256165
22-02-1990,1.8820010423660278,1.8820010423660278,7532,1.8820010423660278,1.8820010423660278,0.8564279079437256
23-02-1990,1.858767032623291,1.8720439672470093,37659,1.8720439672470093,1.8620860576629639,0.8473649621009827
26-02-1990,1.8654049634933472,1.8654049634933472,139340,1.8720439672470093,1.8720439672470093,0.851896345615387
27-02-1990,1.8720439672470093,1.8720439672470093,86617,1.905236005783081,1.905236005783081,0.8670010566711426
28-02-1990,1.9118750095367432,1.9118750095367432,64021,1.955024003982544,1.9483859539031982,0.8866370916366577
01-03-1990,1.941748023033142,1.941748023033142,11298,1.941748023033142,1.941748023033142,0.8836163282394409
02-03-1990,1.93510901927948,1.93510901927948,3766,1.93510901927948,1.93510901927948,0.8869015574455261
05-03-1990,1.9284709692001343,1.941748023033142,52723,1.951704978942871,1.93510901927948,0.8869015574455261
06-03-1990,1.9284709692001343,1.945067048072815,33893,1.945067048072815,1.9317899942398071,0.8853806853294373
07-03-1990,1.9284709692001343,1.9384280443191528,15064,1.9384280443191528,1.9284709692001343,0.8838596343994141
08-03-1990,1.93510901927948,1.93510901927948,7532,1.9384280443191528,1.9384280443191528,0.8884232044219971
09-03-1990,1.925150990486145,1.9284709692001343,22596,1.9317899942398071,1.9317899942398071,0.8853806853294373
12-03-1990,1.9185129404067993,1.925150990486145,7532,1.925150990486145,1.9185129404067993,0.8792958855628967
13-03-1990,1.915194034576416,1.9317899942398071,26362,1.9317899942398071,1.915194034576416,0.8777745366096497
14-03-1990,1.915194034576416,1.9218319654464722,15064,1.9218319654464722,1.915194034576416,0.8777745366096497
15-03-1990,1.88864004611969,1.88864004611969,48957,1.905236005783081,1.8919589519500732,0.8671256303787231
16-03-1990,1.885321021080017,1.885321021080017,26362,1.8919589519500732,1.885321021080017,0.8640829920768738
19-03-1990,1.878682017326355,1.878682017326355,22596,1.8919589519500732,1.8919589519500732,0.8671256303787231
20-03-1990,1.8687249422073364,1.8820010423660278,30128,1.8820010423660278,1.8753629922866821,0.8595190048217773
21-03-1990,1.8620860576629639,1.8753629922866821,18830,1.8753629922866821,1.8620860576629639,0.8534338474273682
22-03-1990,1.7857439517974854,1.852128028869629,48957,1.852128028869629,1.7857439517974854,0.8184446096420288
23-03-1990,1.7691479921340942,1.7791049480438232,48957,1.7791049480438232,1.7691479921340942,0.8108381628990173
26-03-1990,1.772467017173767,1.772467017173767,11298,1.782425045967102,1.782425045967102,0.8169234991073608
27-03-1990,1.7525520324707031,1.7525520324707031,41425,1.7658289670944214,1.7658289670944214,0.809317409992218
28-03-1990,1.7658289670944214,1.7658289670944214,150638,1.7791049480438232,1.7791049480438232,0.8154019117355347
29-03-1990,1.7326359748840332,1.772467017173767,52723,1.772467017173767,1.7359559535980225,0.7956258058547974
30-03-1990,1.7060819864273071,1.725998044013977,90383,1.7293169498443604,1.719359040260315,0.7880192399024963
02-04-1990,1.719359040260315,1.719359040260315,45191,1.7326359748840332,1.7326359748840332,0.7941038608551025
03-04-1990,1.7326359748840332,1.7425940036773682,22596,1.7425940036773682,1.7326359748840332,0.7941038608551025
04-04-1990,1.725998044013977,1.7359559535980225,7532,1.7359559535980225,1.725998044013977,0.7910621762275696
05-04-1990,1.699444055557251,1.719359040260315,48957,1.719359040260315,1.7060819864273071,0.7819339036941528
06-04-1990,1.7027629613876343,1.7027629613876343,11298,1.7027629613876343,1.7027629613876343,0.7804129719734192
09-04-1990,1.6828479766845703,1.6961250305175781,52723,1.6961250305175781,1.6828479766845703,0.7712854743003845
10-04-1990,1.6728899478912354,1.6795289516448975,71553,1.6861670017242432,1.6861670017242432,0.7728065848350525
11-04-1990,1.6928060054779053,1.6928060054779053,30128,1.716040015220642,1.716040015220642,0.7864978313446045
12-04-1990,1.7060819864273071,1.716040015220642,41425,1.716040015220642,1.7060819864273071,0.7819339036941528
16-04-1990,1.6961250305175781,1.7127209901809692,37659,1.719359040260315,1.6961250305175781,0.7773702144622803
17-04-1990,1.6828479766845703,1.689486026763916,48957,1.6961250305175781,1.6961250305175781,0.7773702144622803
18-04-1990,1.6795289516448975,1.689486026763916,11298,1.689486026763916,1.6795289516448975,0.7697641849517822
19-04-1990,1.6728899478912354,1.6728899478912354,71553,1.6795289516448975,1.6795289516448975,0.7697641849517822
20-04-1990,1.6728899478912354,1.6828479766845703,60255,1.6928060054779053,1.6728899478912354,0.766720712184906
23-04-1990,1.6629329919815063,1.6629329919815063,75319,1.6728899478912354,1.6728899478912354,0.766720712184906
24-04-1990,1.6662520170211792,1.6728899478912354,293743,1.6928060054779053,1.6928060054779053,0.7758497595787048
25-04-1990,1.6629329919815063,1.6629329919815063,3766,1.6629329919815063,1.6629329919815063,0.7621570229530334
26-04-1990,1.6463359594345093,1.6562939882278442,22596,1.6562939882278442,1.6463359594345093,0.754551351070404
27-04-1990,1.6098250150680542,1.6363790035247803,33893,1.6363790035247803,1.6098250150680542,0.7378170490264893
30-04-1990,1.613144040107727,1.613144040107727,15064,1.6164629459381104,1.6164629459381104,0.7408594489097595
01-05-1990,1.5965479612350464,1.6098250150680542,60255,1.6098250150680542,1.6065059900283813,0.7362964153289795
02-05-1990,1.6065059900283813,1.6065059900283813,7532,1.613144040107727,1.613144040107727,0.7393386363983154
03-05-1990,1.613144040107727,1.613144040107727,0,1.613144040107727,1.613144040107727,0.7393386363983154
04-05-1990,1.6197830438613892,1.6197830438613892,3766,1.6197830438613892,1.6197830438613892,0.7423812747001648
07-05-1990,1.6264209747314453,1.6264209747314453,52723,1.659613013267517,1.659613013267517,0.7606364488601685
08-05-1990,1.6662520170211792,1.6662520170211792,26362,1.6728899478912354,1.669571042060852,0.7652003765106201
09-05-1990,1.6762089729309082,1.6762089729309082,18830,1.689486026763916,1.689486026763916,0.7743275761604309
10-05-1990,1.6961250305175781,1.6961250305175781,11298,1.7027629613876343,1.7027629613876343,0.7804129719734192
11-05-1990,1.699444055557251,1.699444055557251,11298,1.699444055557251,1.699444055557251,0.7788915038108826
14-05-1990,1.7127209901809692,1.7127209901809692,33893,1.7525520324707031,1.7525520324707031,0.803231954574585
15-05-1990,1.7425940036773682,1.745913028717041,71553,1.7525520324707031,1.7425940036773682,0.7986675500869751
16-05-1990,1.7492320537567139,1.7492320537567139,11298,1.7525520324707031,1.7525520324707031,0.803231954574585
17-05-1990,1.7525520324707031,1.7525520324707031,37659,1.77578604221344,1.77578604221344,0.8138805627822876
18-05-1990,1.7857439517974854,1.7857439517974854,15064,1.7957019805908203,1.7957019805908203,0.8230085372924805
21-05-1990,1.792382001876831,1.792382001876831,90383,1.8421709537506104,1.8421709537506104,0.8443065881729126
22-05-1990,1.852128028869629,1.852128028869629,37659,1.858767032623291,1.858767032623291,0.8519127368927002
23-05-1990,1.8554480075836182,1.858767032623291,22596,1.878682017326355,1.878682017326355,0.8610403537750244
24-05-1990,1.878682017326355,1.878682017326355,79085,1.945067048072815,1.941748023033142,0.8899440765380859
25-05-1990,1.905236005783081,1.9317899942398071,75319,1.9317899942398071,1.905236005783081,0.8732108473777771
29-05-1990,1.915194034576416,1.915194034576416,15064,1.9384280443191528,1.9384280443191528,0.8884232044219971
30-05-1990,1.9384280443191528,1.964982032775879,48957,1.964982032775879,1.9384280443191528,0.8884232044219971
31-05-1990,1.9384280443191528,1.945067048072815,41425,1.9483859539031982,1.941748023033142,0.8899440765380859
01-06-1990,1.908555030822754,1.9284709692001343,97914,1.9284709692001343,1.9118750095367432,0.8762534856796265
04-06-1990,1.905236005783081,1.905236005783081,79085,1.9185129404067993,1.9185129404067993,0.8792958855628967
05-06-1990,1.905236005783081,1.905236005783081,60255,1.9384280443191528,1.9284709692001343,0.8902671337127686
06-06-1990,1.915194034576416,1.9218319654464722,11298,1.9218319654464722,1.915194034576416,0.8841375112533569
07-06-1990,1.9019169807434082,1.9019169807434082,22596,1.9019169807434082,1.9019169807434082,0.8780086040496826
08-06-1990,1.852128028869629,1.8919589519500732,30128,1.8919589519500732,1.852128028869629,0.8550235033035278
11-06-1990,1.852128028869629,1.852128028869629,3766,1.852128028869629,1.852128028869629,0.8550235033035278
12-06-1990,1.8454899787902832,1.8454899787902832,11298,1.8454899787902832,1.8454899787902832,0.8519594073295593
13-06-1990,1.8255749940872192,1.8355319499969482,64021,1.8355319499969482,1.8255749940872192,0.8427659273147583
14-06-1990,1.8056590557098389,1.8056590557098389,11298,1.8056590557098389,1.8056590557098389,0.8335717916488647
15-06-1990,1.8056590557098389,1.8056590557098389,26362,1.828894019126892,1.828894019126892,0.8442977070808411
18-06-1990,1.8189359903335571,1.8189359903335571,3766,1.8189359903335571,1.8189359903335571,0.8397006392478943
19-06-1990,1.8189359903335571,1.8189359903335571,3766,1.8189359903335571,1.8189359903335571,0.8397006392478943
20-06-1990,1.8189359903335571,1.8189359903335571,15064,1.8255749940872192,1.8255749940872192,0.8427659273147583
21-06-1990,1.8056590557098389,1.82225501537323,52723,1.828894019126892,1.8255749940872192,0.8427659273147583
22-06-1990,1.7791049480438232,1.8189359903335571,176999,1.8255749940872192,1.7791049480438232,0.8213133215904236
25-06-1990,1.7658289670944214,1.7658289670944214,71553,1.7791049480438232,1.7791049480438232,0.8213133215904236
26-06-1990,1.7791049480438232,1.7890629768371582,60255,1.802340030670166,1.7791049480438232,0.8213133215904236
27-06-1990,1.7857439517974854,1.7857439517974854,26362,1.7890629768371582,1.7890629768371582,0.8259102702140808
28-06-1990,1.7791049480438232,1.782425045967102,64021,1.8056590557098389,1.8056590557098389,0.8335717916488647
29-06-1990,1.812298059463501,1.812298059463501,15064,1.8255749940872192,1.8255749940872192,0.8427659273147583
02-07-1990,1.832213044166565,1.8421709537506104,116744,1.8421709537506104,1.832213044166565,0.8458303809165955
03-07-1990,1.8255749940872192,1.832213044166565,60255,1.832213044166565,1.8255749940872192,0.8427659273147583
05-07-1990,1.7957019805908203,1.82225501537323,18830,1.82225501537323,1.7957019805908203,0.8289750218391418
06-07-1990,1.7691479921340942,1.7857439517974854,135574,1.7890629768371582,1.7890629768371582,0.8259102702140808
09-07-1990,1.7658289670944214,1.772467017173767,79085,1.7857439517974854,1.7791049480438232,0.8213133215904236
10-07-1990,1.7791049480438232,1.7890629768371582,229722,1.7957019805908203,1.7857439517974854,0.8243781328201294
11-07-1990,1.7857439517974854,1.7857439517974854,75319,1.792382001876831,1.7857439517974854,0.8243781328201294
12-07-1990,1.7990210056304932,1.7990210056304932,192063,1.8156169652938843,1.8056590557098389,0.8335717916488647
13-07-1990,1.8156169652938843,1.8156169652938843,30128,1.8421709537506104,1.832213044166565,0.8458303809165955
16-07-1990,1.828894019126892,1.8421709537506104,331403,1.885321021080017,1.878682017326355,0.8672825694084167
17-07-1990,1.858767032623291,1.8820010423660278,308807,1.885321021080017,1.8654049634933472,0.8611528277397156
18-07-1990,1.8355319499969482,1.8554480075836182,64021,1.858767032623291,1.858767032623291,0.8580884337425232
19-07-1990,1.8454899787902832,1.858767032623291,455678,1.858767032623291,1.852128028869629,0.8550235033035278
20-07-1990,1.848809003829956,1.8620860576629639,71553,1.8620860576629639,1.848809003829956,0.8534916043281555
23-07-1990,1.8189359903335571,1.852128028869629,75319,1.852128028869629,1.8189359903335571,0.8397006392478943
24-07-1990,1.812298059463501,1.812298059463501,22596,1.812298059463501,1.812298059463501,0.8366358876228333
25-07-1990,1.812298059463501,1.812298059463501,0,1.812298059463501,1.812298059463501,0.8366358876228333
26-07-1990,1.812298059463501,1.812298059463501,90383,1.832213044166565,1.832213044166565,0.8458303809165955
27-07-1990,1.838852047920227,1.8421709537506104,312573,1.8654049634933472,1.8620860576629639,0.8596211075782776
30-07-1990,1.852128028869629,1.858767032623291,112978,1.8654049634933472,1.858767032623291,0.8580884337425232
31-07-1990,1.8654049634933472,1.8654049634933472,131808,1.885321021080017,1.8654049634933472,0.8611528277397156
01-08-1990,1.858767032623291,1.8720439672470093,112978,1.8720439672470093,1.8620860576629639,0.8596211075782776
02-08-1990,1.8654049634933472,1.8654049634933472,109212,1.8720439672470093,1.8654049634933472,0.8611528277397156
03-08-1990,1.848809003829956,1.8620860576629639,60255,1.8620860576629639,1.848809003829956,0.8534916043281555
06-08-1990,1.838852047920227,1.852128028869629,267382,1.852128028869629,1.8421709537506104,0.8504274487495422
07-08-1990,1.832213044166565,1.838852047920227,519699,1.848809003829956,1.832213044166565,0.8458303809165955
08-08-1990,1.8189359903335571,1.832213044166565,286211,1.832213044166565,1.8189359903335571,0.8397006392478943
09-08-1990,1.812298059463501,1.8189359903335571,161935,1.8255749940872192,1.812298059463501,0.8366358876228333
10-08-1990,1.7990210056304932,1.82225501537323,139340,1.82225501537323,1.7990210056304932,0.8305074572563171
13-08-1990,1.792382001876831,1.792382001876831,60255,1.792382001876831,1.792382001876831,0.8274428248405457
14-08-1990,1.7990210056304932,1.802340030670166,131808,1.8255749940872192,1.812298059463501,0.8366358876228333
15-08-1990,1.7990210056304932,1.8056590557098389,18830,1.8056590557098389,1.802340030670166,0.832039475440979
16-08-1990,1.792382001876831,1.7957019805908203,37659,1.7957019805908203,1.792382001876831,0.8274428248405457
17-08-1990,1.792382001876831,1.792382001876831,154403,1.792382001876831,1.792382001876831,0.8274428248405457
20-08-1990,1.7857439517974854,1.7857439517974854,3766,1.7857439517974854,1.7857439517974854,0.8243781328201294
21-08-1990,1.745913028717041,1.7791049480438232,109212,1.7791049480438232,1.745913028717041,0.8059905171394348
22-08-1990,1.7359559535980225,1.7359559535980225,7532,1.7359559535980225,1.7359559535980225,0.8013935089111328
23-08-1990,1.699444055557251,1.7359559535980225,101680,1.7359559535980225,1.699444055557251,0.7845379114151001
24-08-1990,1.6396980285644531,1.689486026763916,75319,1.689486026763916,1.6396980285644531,0.7569566965103149
27-08-1990,1.6463359594345093,1.6529749631881714,18830,1.6529749631881714,1.6463359594345093,0.7600211501121521
28-08-1990,1.6297399997711182,1.6297399997711182,128042,1.6529749631881714,1.6529749631881714,0.7695399522781372
29-08-1990,1.6629329919815063,1.6629329919815063,79085,1.725998044013977,1.725998044013977,0.803535521030426
30-08-1990,1.7326359748840332,1.7326359748840332,158169,1.745913028717041,1.745913028717041,0.812807559967041
31-08-1990,1.7591899633407593,1.7591899633407593,86617,1.7791049480438232,1.7791049480438232,0.8282600045204163
04-09-1990,1.7791049480438232,1.7791049480438232,0,1.7791049480438232,1.7791049480438232,0.8282600045204163
05-09-1990,1.7525520324707031,1.7658289670944214,139340,1.7691479921340942,1.7525520324707031,0.8158977031707764
06-09-1990,1.7060819864273071,1.7525520324707031,90383,1.7525520324707031,1.7060819864273071,0.7942640781402588
07-09-1990,1.7060819864273071,1.7060819864273071,45191,1.7060819864273071,1.7060819864273071,0.7942640781402588
10-09-1990,1.699444055557251,1.699444055557251,33893,1.699444055557251,1.699444055557251,0.7911736965179443
11-09-1990,1.6928060054779053,1.6928060054779053,11298,1.6928060054779053,1.6928060054779053,0.7880837321281433
12-09-1990,1.7326359748840332,1.7326359748840332,67787,1.7326359748840332,1.7326359748840332,0.8066264390945435
13-09-1990,1.7226790189743042,1.7326359748840332,131808,1.7591899633407593,1.725998044013977,0.803535521030426
14-09-1990,1.725998044013977,1.725998044013977,18830,1.725998044013977,1.725998044013977,0.803535521030426
17-09-1990,1.719359040260315,1.719359040260315,3766,1.719359040260315,1.719359040260315,0.8004449605941772
18-09-1990,1.699444055557251,1.7094019651412964,26362,1.7094019651412964,1.699444055557251,0.7911736965179443
19-09-1990,1.6928060054779053,1.6928060054779053,3766,1.6928060054779053,1.6928060054779053,0.7880837321281433
20-09-1990,1.659613013267517,1.6861670017242432,22596,1.6861670017242432,1.659613013267517,0.7726305723190308
21-09-1990,1.6662520170211792,1.6662520170211792,37659,1.6828479766845703,1.6828479766845703,0.7834473848342896
24-09-1990,1.659613013267517,1.6728899478912354,22596,1.6728899478912354,1.659613013267517,0.7726305723190308
25-09-1990,1.6463359594345093,1.6562939882278442,52723,1.6562939882278442,1.649656057357788,0.7679949402809143
26-09-1990,1.6264209747314453,1.643017053604126,33893,1.643017053604126,1.6264209747314453,0.7571775913238525
27-09-1990,1.6264209747314453,1.6264209747314453,52723,1.6264209747314453,1.6264209747314453,0.7571775913238525
28-09-1990,1.6297399997711182,1.6297399997711182,11298,1.6297399997711182,1.6297399997711182,0.7587229609489441
01-10-1990,1.6363790035247803,1.6363790035247803,48957,1.6629329919815063,1.6562939882278442,0.7710851430892944
02-10-1990,1.6629329919815063,1.6629329919815063,7532,1.6728899478912354,1.6728899478912354,0.7788114547729492
03-10-1990,1.6795289516448975,1.6795289516448975,22596,1.6961250305175781,1.6961250305175781,0.7896287441253662
04-10-1990,1.6762089729309082,1.6762089729309082,37659,1.6762089729309082,1.6762089729309082,0.7803568243980408
05-10-1990,1.6728899478912354,1.6795289516448975,33893,1.6861670017242432,1.6728899478912354,0.7788114547729492
08-10-1990,1.6728899478912354,1.6728899478912354,0,1.6728899478912354,1.6728899478912354,0.7788114547729492
09-10-1990,1.6463359594345093,1.6728899478912354,86617,1.6728899478912354,1.6562939882278442,0.7710851430892944
10-10-1990,1.6463359594345093,1.6529749631881714,75319,1.6529749631881714,1.6463359594345093,0.7664492726325989
11-10-1990,1.6264209747314453,1.6396980285644531,82851,1.6396980285644531,1.6264209747314453,0.7571775913238525
12-10-1990,1.6396980285644531,1.6396980285644531,11298,1.6463359594345093,1.6463359594345093,0.7664492726325989
15-10-1990,1.6396980285644531,1.6396980285644531,37659,1.7094019651412964,1.7094019651412964,0.7958095669746399
16-10-1990,1.7127209901809692,1.716040015220642,90383,1.7425940036773682,1.7425940036773682,0.811262309551239
17-10-1990,1.7326359748840332,1.7392749786376953,33893,1.7392749786376953,1.7326359748840332,0.8066264390945435
18-10-1990,1.7326359748840332,1.7326359748840332,0,1.7326359748840332,1.7326359748840332,0.8066264390945435
19-10-1990,1.725998044013977,1.7326359748840332,131808,1.7359559535980225,1.7359559535980225,0.808171808719635
22-10-1990,1.7492320537567139,1.7492320537567139,3766,1.7492320537567139,1.7492320537567139,0.8143524527549744
23-10-1990,1.7525520324707031,1.7525520324707031,3766,1.7525520324707031,1.7525520324707031,0.8158977031707764
24-10-1990,1.7392749786376953,1.745913028717041,79085,1.7525520324707031,1.745913028717041,0.812807559967041
25-10-1990,1.7392749786376953,1.7392749786376953,22596,1.7392749786376953,1.7392749786376953,0.809717059135437
26-10-1990,1.7392749786376953,1.745913028717041,33893,1.7525520324707031,1.7392749786376953,0.809717059135437
29-10-1990,1.719359040260315,1.7326359748840332,75319,1.7326359748840332,1.7226790189743042,0.8019906878471375
30-10-1990,1.7326359748840332,1.7326359748840332,33893,1.7425940036773682,1.7359559535980225,0.808171808719635
31-10-1990,1.7326359748840332,1.7326359748840332,3766,1.7326359748840332,1.7326359748840332,0.8066264390945435
01-11-1990,1.7392749786376953,1.7392749786376953,22596,1.7591899633407593,1.7591899633407593,0.8189882636070251
02-11-1990,1.7591899633407593,1.7591899633407593,0,1.7591899633407593,1.7591899633407593,0.8189882636070251
05-11-1990,1.745913028717041,1.7525520324707031,22596,1.7525520324707031,1.745913028717041,0.812807559967041
06-11-1990,1.7392749786376953,1.7392749786376953,3766,1.7392749786376953,1.7392749786376953,0.809717059135437
07-11-1990,1.7392749786376953,1.7392749786376953,0,1.7392749786376953,1.7392749786376953,0.809717059135437
08-11-1990,1.725998044013977,1.7326359748840332,56489,1.7326359748840332,1.725998044013977,0.803535521030426
09-11-1990,1.7226790189743042,1.7226790189743042,45191,1.725998044013977,1.725998044013977,0.803535521030426
12-11-1990,1.7326359748840332,1.7326359748840332,37659,1.7326359748840332,1.7326359748840332,0.8066264390945435
13-11-1990,1.7525520324707031,1.7525520324707031,52723,1.7791049480438232,1.7791049480438232,0.8282600045204163
14-11-1990,1.7791049480438232,1.7791049480438232,45191,1.7857439517974854,1.7857439517974854,0.8313503861427307
15-11-1990,1.792382001876831,1.792382001876831,3766,1.792382001876831,1.792382001876831,0.8344407081604004
16-11-1990,1.802340030670166,1.802340030670166,3766,1.802340030670166,1.802340030670166,0.8390771150588989
19-11-1990,1.8189359903335571,1.8189359903335571,41425,1.858767032623291,1.858767032623291,0.8653463125228882
20-11-1990,1.858767032623291,1.858767032623291,0,1.858767032623291,1.858767032623291,0.8653463125228882
21-11-1990,1.8654049634933472,1.8654049634933472,48957,1.8720439672470093,1.8720439672470093,0.871527373790741
23-11-1990,1.878682017326355,1.878682017326355,67787,1.88864004611969,1.88864004611969,0.8792533278465271
26-11-1990,1.88864004611969,1.88864004611969,0,1.88864004611969,1.88864004611969,0.8792533278465271
27-11-1990,1.8919589519500732,1.8919589519500732,41425,1.905236005783081,1.905236005783081,0.8869800567626953
28-11-1990,1.885321021080017,1.8985979557037354,56489,1.8985979557037354,1.885321021080017,0.8777087926864624
29-11-1990,1.8654049634933472,1.8720439672470093,7532,1.8720439672470093,1.8654049634933472,0.8684363961219788
30-11-1990,1.858767032623291,1.8654049634933472,11298,1.878682017326355,1.878682017326355,0.8746176362037659
03-12-1990,1.885321021080017,1.885321021080017,30128,1.8985979557037354,1.8985979557037354,0.8838894367218018
04-12-1990,1.8985979557037354,1.8985979557037354,0,1.8985979557037354,1.8985979557037354,0.8838894367218018
05-12-1990,1.905236005783081,1.905236005783081,26362,1.9218319654464722,1.9218319654464722,0.894706130027771
06-12-1990,1.9185129404067993,1.9185129404067993,97914,1.945067048072815,1.945067048072815,0.9055234789848328
07-12-1990,1.9118750095367432,1.9218319654464722,192063,1.9384280443191528,1.9384280443191528,0.9093849658966064
10-12-1990,1.925150990486145,1.925150990486145,30128,1.925150990486145,1.925150990486145,0.9031561613082886
11-12-1990,1.9118750095367432,1.9118750095367432,26362,1.9118750095367432,1.9118750095367432,0.8969280123710632
12-12-1990,1.905236005783081,1.905236005783081,30128,1.925150990486145,1.925150990486145,0.9031561613082886
13-12-1990,1.925150990486145,1.925150990486145,7532,1.925150990486145,1.925150990486145,0.9031561613082886
14-12-1990,1.905236005783081,1.9118750095367432,30128,1.9118750095367432,1.905236005783081,0.8938128352165222
17-12-1990,1.9185129404067993,1.9185129404067993,30128,1.9185129404067993,1.9185129404067993,0.900041937828064
18-12-1990,1.915194034576416,1.9185129404067993,15064,1.9185129404067993,1.915194034576416,0.8984847664833069
19-12-1990,1.908555030822754,1.908555030822754,3766,1.908555030822754,1.908555030822754,0.895370364189148
20-12-1990,1.885321021080017,1.9019169807434082,109212,1.9019169807434082,1.885321021080017,0.8844704031944275
21-12-1990,1.9118750095367432,1.93510901927948,184531,1.93510901927948,1.9118750095367432,0.8969280123710632
24-12-1990,1.9118750095367432,1.9118750095367432,143106,1.925150990486145,1.925150990486145,0.9031561613082886
26-12-1990,1.925150990486145,1.925150990486145,3766,1.925150990486145,1.925150990486145,0.9031561613082886
27-12-1990,1.8753629922866821,1.9118750095367432,18830,1.9118750095367432,1.8753629922866821,0.8797988295555115
28-12-1990,1.8687249422073364,1.8687249422073364,3766,1.8687249422073364,1.8687249422073364,0.8766844868659973
31-12-1990,1.8620860576629639,1.8687249422073364,18830,1.8687249422073364,1.8620860576629639,0.8735703825950623
02-01-1991,1.832213044166565,1.8687249422073364,218424,1.8687249422073364,1.8421709537506104,0.8642271757125854
03-01-1991,1.8421709537506104,1.8421709537506104,0,1.8421709537506104,1.8421709537506104,0.8642271757125854
04-01-1991,1.8421709537506104,1.8421709537506104,0,1.8421709537506104,1.8421709537506104,0.8642271757125854
07-01-1991,1.8421709537506104,1.8421709537506104,0,1.8421709537506104,1.8421709537506104,0.8642271757125854
08-01-1991,1.82225501537323,1.82225501537323,3766,1.82225501537323,1.82225501537323,0.8548842668533325
09-01-1991,1.8056590557098389,1.8156169652938843,22596,1.8156169652938843,1.8056590557098389,0.8470984101295471
10-01-1991,1.8056590557098389,1.8056590557098389,7532,1.8056590557098389,1.8056590557098389,0.8470984101295471
11-01-1991,1.8156169652938843,1.8156169652938843,75319,1.8156169652938843,1.8156169652938843,0.8517696857452393
14-01-1991,1.7957019805908203,1.7957019805908203,7532,1.7957019805908203,1.7957019805908203,0.8424270749092102
15-01-1991,1.7957019805908203,1.7957019805908203,0,1.7957019805908203,1.7957019805908203,0.8424270749092102
16-01-1991,1.7957019805908203,1.7957019805908203,0,1.7957019805908203,1.7957019805908203,0.8424270749092102
17-01-1991,1.792382001876831,1.792382001876831,3766,1.792382001876831,1.792382001876831,0.8408689498901367
18-01-1991,1.8189359903335571,1.8189359903335571,22596,1.8255749940872192,1.8255749940872192,0.8564412593841553
21-01-1991,1.8421709537506104,1.8421709537506104,7532,1.8620860576629639,1.8620860576629639,0.8735703825950623
22-01-1991,1.858767032623291,1.858767032623291,11298,1.885321021080017,1.885321021080017,0.8844704031944275
23-01-1991,1.8985979557037354,1.8985979557037354,56489,1.9118750095367432,1.9118750095367432,0.8969280123710632
24-01-1991,1.9118750095367432,1.9118750095367432,0,1.9118750095367432,1.9118750095367432,0.8969280123710632
25-01-1991,1.8985979557037354,1.905236005783081,30128,1.905236005783081,1.905236005783081,0.8938128352165222
28-01-1991,1.905236005783081,1.9118750095367432,41425,1.9185129404067993,1.905236005783081,0.8938128352165222
29-01-1991,1.8720439672470093,1.8985979557037354,45191,1.8985979557037354,1.8720439672470093,0.8782416582107544
30-01-1991,1.8654049634933472,1.8720439672470093,60255,1.8720439672470093,1.8654049634933472,0.8751266002655029
31-01-1991,1.8654049634933472,1.8654049634933472,0,1.8654049634933472,1.8654049634933472,0.8751266002655029
01-02-1991,1.8620860576629639,1.8654049634933472,48957,1.878682017326355,1.878682017326355,0.881355881690979
04-02-1991,1.88864004611969,1.8919589519500732,11298,1.8919589519500732,1.88864004611969,0.8860270380973816
05-02-1991,1.9118750095367432,1.9118750095367432,1141079,1.9185129404067993,1.9118750095367432,0.8969280123710632
06-02-1991,1.951704978942871,1.951704978942871,7532,1.991536021232605,1.991536021232605,0.9342994689941406
07-02-1991,2.018090009689331,2.018090009689331,22596,2.0512819290161133,2.0512819290161133,0.9623282551765442
08-02-1991,2.018090009689331,2.031367063522339,33893,2.031367063522339,2.018090009689331,0.9467568397521973
11-02-1991,2.0446441173553467,2.0446441173553467,3766,2.0446441173553467,2.0446441173553467,0.9592142701148987
12-02-1991,2.0579209327697754,2.0579209327697754,11298,2.0977509021759033,2.0977509021759033,0.9841287136077881
13-02-1991,2.0844740867614746,2.0844740867614746,11298,2.1043899059295654,2.1043899059295654,0.9872440099716187
14-02-1991,2.0247280597686768,2.0844740867614746,94148,2.0844740867614746,2.0247280597686768,0.9498710632324219
15-02-1991,2.0446441173553467,2.0446441173553467,7532,2.0579209327697754,2.0579209327697754,0.9654428958892822
19-02-1991,2.0911130905151367,2.0911130905151367,67787,2.1043899059295654,2.1043899059295654,0.9872440099716187
20-02-1991,2.0844740867614746,2.1043899059295654,22596,2.1043899059295654,2.0844740867614746,0.977900505065918
21-02-1991,2.077836036682129,2.077836036682129,56489,2.0911130905151367,2.087794065475464,0.9794571995735168
22-02-1991,2.077836036682129,2.0944321155548096,15064,2.0944321155548096,2.077836036682129,0.9747859239578247
25-02-1991,2.077836036682129,2.077836036682129,0,2.077836036682129,2.077836036682129,0.9747859239578247
26-02-1991,2.0446441173553467,2.064558982849121,52723,2.064558982849121,2.0579209327697754,0.9654428958892822
27-02-1991,2.071197032928467,2.071197032928467,11298,2.071197032928467,2.071197032928467,0.9716709852218628
28-02-1991,2.0446441173553467,2.0446441173553467,11298,2.0446441173553467,2.0446441173553467,0.9592142701148987
01-03-1991,2.018090009689331,2.031367063522339,335168,2.0579209327697754,2.0446441173553467,0.9592142701148987
04-03-1991,2.031367063522339,2.0446441173553467,90383,2.0512819290161133,2.031367063522339,0.9529851078987122
05-03-1991,2.031367063522339,2.031367063522339,3766,2.031367063522339,2.031367063522339,0.9529851078987122
06-03-1991,2.031367063522339,2.031367063522339,0,2.031367063522339,2.031367063522339,0.9529851078987122
07-03-1991,1.9848979711532593,2.0048129558563232,18830,2.0048129558563232,1.9848979711532593,0.9380521178245544
08-03-1991,1.9848979711532593,1.9848979711532593,0,1.9848979711532593,1.9848979711532593,0.9380521178245544
11-03-1991,1.961663007736206,1.964982032775879,11298,1.964982032775879,1.961663007736206,0.927071750164032
12-03-1991,1.9583439826965332,1.964982032775879,67787,1.9782589673995972,1.9583439826965332,0.9255027174949646
13-03-1991,1.964982032775879,1.971621036529541,15064,1.971621036529541,1.971621036529541,0.931777834892273
14-03-1991,1.9782589673995972,1.991536021232605,22596,1.991536021232605,1.991536021232605,0.9411889910697937
15-03-1991,1.9782589673995972,1.9848979711532593,463210,2.0048129558563232,1.9782589673995972,0.9349148273468018
18-03-1991,1.9782589673995972,1.9782589673995972,3766,1.9782589673995972,1.9782589673995972,0.9349148273468018
19-03-1991,1.9782589673995972,1.9782589673995972,45191,1.991536021232605,1.9782589673995972,0.9349148273468018
20-03-1991,2.0048129558563232,2.0048129558563232,37659,2.0048129558563232,2.0048129558563232,0.947463870048523
21-03-1991,2.008131980895996,2.008131980895996,90383,2.021409034729004,2.021409034729004,0.9553075432777405
22-03-1991,2.021409034729004,2.021409034729004,0,2.021409034729004,2.021409034729004,0.9553075432777405
25-03-1991,2.0380051136016846,2.0380051136016846,45191,2.0512819290161133,2.0512819290161133,0.9694244861602783
26-03-1991,2.0512819290161133,2.0512819290161133,0,2.0512819290161133,2.0512819290161133,0.9694244861602783
27-03-1991,2.071197032928467,2.0844740867614746,308807,2.0977509021759033,2.071197032928467,0.9788364171981812
28-03-1991,2.0579209327697754,2.0579209327697754,90383,2.071197032928467,2.071197032928467,0.9788364171981812
01-04-1991,2.0446441173553467,2.0512819290161133,56489,2.064558982849121,2.0446441173553467,0.9662880301475525
02-04-1991,2.0247280597686768,2.031367063522339,15064,2.031367063522339,2.0247280597686768,0.9568759202957153
03-04-1991,2.0247280597686768,2.0247280597686768,0,2.0247280597686768,2.0247280597686768,0.9568759202957153
04-04-1991,1.991536021232605,2.008131980895996,33893,2.008131980895996,1.991536021232605,0.9411889910697937
05-04-1991,1.971621036529541,1.971621036529541,75319,1.971621036529541,1.971621036529541,0.931777834892273
08-04-1991,1.971621036529541,1.971621036529541,18830,1.9848979711532593,1.9848979711532593,0.9380521178245544
09-04-1991,1.9782589673995972,1.9848979711532593,11298,1.9848979711532593,1.9782589673995972,0.9349148273468018
10-04-1991,1.9782589673995972,1.9848979711532593,18830,1.9848979711532593,1.9782589673995972,0.9349148273468018
11-04-1991,1.9981739521026611,2.0048129558563232,82851,2.018090009689331,2.018090009689331,0.9537383317947388
12-04-1991,2.0048129558563232,2.0247280597686768,30128,2.0247280597686768,2.0048129558563232,0.947463870048523
15-04-1991,2.011451005935669,2.011451005935669,30128,2.031367063522339,2.031367063522339,0.9600130915641785
16-04-1991,2.018090009689331,2.0380051136016846,64021,2.0446441173553467,2.0446441173553467,0.9662880301475525
17-04-1991,2.0413239002227783,2.0413239002227783,22596,2.0579209327697754,2.0512819290161133,0.9694244861602783
18-04-1991,2.071197032928467,2.071197032928467,7532,2.071197032928467,2.071197032928467,0.9788364171981812
19-04-1991,2.0512819290161133,2.064558982849121,18830,2.064558982849121,2.0512819290161133,0.9694244861602783
22-04-1991,2.0512819290161133,2.0512819290161133,0,2.0512819290161133,2.0512819290161133,0.9694244861602783
23-04-1991,2.0446441173553467,2.0446441173553467,3766,2.0446441173553467,2.0446441173553467,0.9662880301475525
24-04-1991,2.0446441173553467,2.0446441173553467,11298,2.0579209327697754,2.0579209327697754,0.9725624322891235
25-04-1991,2.0579209327697754,2.0579209327697754,0,2.0579209327697754,2.0579209327697754,0.9725624322891235
26-04-1991,2.0512819290161133,2.071197032928467,41425,2.071197032928467,2.0512819290161133,0.9694244861602783
29-04-1991,2.0579209327697754,2.071197032928467,7532,2.071197032928467,2.0579209327697754,0.9725624322891235
30-04-1991,2.0579209327697754,2.0579209327697754,0,2.0579209327697754,2.0579209327697754,0.9725624322891235
01-05-1991,2.077836036682129,2.077836036682129,11298,2.077836036682129,2.077836036682129,0.9819741249084473
02-05-1991,2.0579209327697754,2.0579209327697754,3766,2.0579209327697754,2.0579209327697754,0.9725624322891235
03-05-1991,2.071197032928467,2.071197032928467,37659,2.071197032928467,2.071197032928467,0.9788364171981812
06-05-1991,2.071197032928467,2.071197032928467,0,2.071197032928467,2.071197032928467,0.9788364171981812
07-05-1991,2.071197032928467,2.071197032928467,11298,2.071197032928467,2.071197032928467,0.9788364171981812
08-05-1991,2.0977509021759033,2.0977509021759033,11298,2.0977509021759033,2.0977509021759033,0.9913854598999023
09-05-1991,2.1043899059295654,2.1043899059295654,7532,2.1043899059295654,2.1043899059295654,0.9945235848426819
10-05-1991,2.1176669597625732,2.1176669597625732,37659,2.124305009841919,2.124305009841919,1.0039348602294922
13-05-1991,2.124305009841919,2.124305009841919,0,2.124305009841919,2.124305009841919,1.0039348602294922
14-05-1991,2.111027956008911,2.111027956008911,48957,2.111027956008911,2.111027956008911,0.9976601600646973
15-05-1991,2.111027956008911,2.111027956008911,0,2.111027956008911,2.111027956008911,0.9976601600646973
16-05-1991,2.111027956008911,2.111027956008911,0,2.111027956008911,2.111027956008911,0.9976601600646973
17-05-1991,2.111027956008911,2.111027956008911,0,2.111027956008911,2.111027956008911,0.9976601600646973
20-05-1991,2.1043899059295654,2.1043899059295654,37659,2.1043899059295654,2.1043899059295654,0.9945235848426819
21-05-1991,2.111027956008911,2.111027956008911,15064,2.120985984802246,2.120985984802246,1.0023661851882935
22-05-1991,2.1077089309692383,2.114346981048584,22596,2.120985984802246,2.1077089309692383,0.9960917830467224
23-05-1991,2.1077089309692383,2.1077089309692383,11298,2.1077089309692383,2.1077089309692383,0.9960917830467224
24-05-1991,2.1176669597625732,2.1176669597625732,48957,2.120985984802246,2.1176669597625732,1.000797986984253
28-05-1991,2.1176669597625732,2.124305009841919,41425,2.1309430599212646,2.1309430599212646,1.0070725679397583
29-05-1991,2.1375820636749268,2.1375820636749268,33893,2.157496929168701,2.157496929168701,1.0196210145950317
30-05-1991,2.1508591175079346,2.1508591175079346,75319,2.170773983001709,2.170773983001709,1.0258959531784058
31-05-1991,2.170773983001709,2.170773983001709,7532,2.170773983001709,2.170773983001709,1.0258959531784058
03-06-1991,2.174093008041382,2.174093008041382,3766,2.174093008041382,2.174093008041382,1.0274648666381836
04-06-1991,2.1508591175079346,2.1508591175079346,7532,2.157496929168701,2.157496929168701,1.026642918586731
05-06-1991,2.1375820636749268,2.1508591175079346,33893,2.1508591175079346,2.1375820636749268,1.017166256904602
06-06-1991,2.1309430599212646,2.1309430599212646,11298,2.1309430599212646,2.1309430599212646,1.0140080451965332
07-06-1991,2.1176669597625732,2.1309430599212646,41425,2.1309430599212646,2.1176669597625732,1.0076903104782104
10-06-1991,2.111027956008911,2.1176669597625732,37659,2.1176669597625732,2.111027956008911,1.0045307874679565
11-06-1991,2.0977509021759033,2.1043899059295654,15064,2.1043899059295654,2.0977509021759033,0.9982128739356995
12-06-1991,2.064558982849121,2.077836036682129,60255,2.077836036682129,2.067878007888794,0.9839978218078613
13-06-1991,2.054600954055786,2.067878007888794,120510,2.067878007888794,2.054600954055786,0.9776806235313416
14-06-1991,2.054600954055786,2.054600954055786,30128,2.0579209327697754,2.0579209327697754,0.9792602062225342
17-06-1991,2.064558982849121,2.064558982849121,399189,2.064558982849121,2.064558982849121,0.9824192523956299
18-06-1991,2.071197032928467,2.071197032928467,237254,2.077836036682129,2.077836036682129,0.9887366890907288
19-06-1991,2.064558982849121,2.071197032928467,71553,2.071197032928467,2.067878007888794,0.9839978218078613
20-06-1991,2.0612399578094482,2.064558982849121,67787,2.071197032928467,2.064558982849121,0.9824192523956299
21-06-1991,2.0479629039764404,2.054600954055786,86617,2.064558982849121,2.064558982849121,0.9824192523956299
24-06-1991,2.064558982849121,2.077836036682129,56489,2.077836036682129,2.064558982849121,0.9824192523956299
25-06-1991,2.0612399578094482,2.0612399578094482,3766,2.0612399578094482,2.0612399578094482,0.980839192867279
26-06-1991,2.067878007888794,2.067878007888794,18830,2.067878007888794,2.067878007888794,0.9839978218078613
27-06-1991,2.067878007888794,2.067878007888794,0,2.067878007888794,2.067878007888794,0.9839978218078613
28-06-1991,2.018090009689331,2.0579209327697754,86617,2.0579209327697754,2.018090009689331,0.9603064656257629
01-07-1991,2.0247280597686768,2.0247280597686768,30128,2.0380051136016846,2.0380051136016846,0.9697831273078918
02-07-1991,2.0446441173553467,2.0446441173553467,37659,2.0512819290161133,2.0512819290161133,0.9761006832122803
03-07-1991,2.0512819290161133,2.0512819290161133,0,2.0512819290161133,2.0512819290161133,0.9761006832122803
05-07-1991,2.0479629039764404,2.0479629039764404,48957,2.0579209327697754,2.0579209327697754,0.9792602062225342
08-07-1991,2.0579209327697754,2.0579209327697754,7532,2.0579209327697754,2.0579209327697754,0.9792602062225342
09-07-1991,2.0479629039764404,2.054600954055786,289977,2.054600954055786,2.0479629039764404,0.9745214581489563
10-07-1991,2.0579209327697754,2.0579209327697754,33893,2.071197032928467,2.071197032928467,0.985577404499054
11-07-1991,2.067878007888794,2.074517011642456,11298,2.074517011642456,2.067878007888794,0.9839978218078613
12-07-1991,2.074517011642456,2.074517011642456,7532,2.074517011642456,2.074517011642456,0.9871563911437988
15-07-1991,2.0811550617218018,2.0811550617218018,26362,2.0811550617218018,2.0811550617218018,0.9903157949447632
16-07-1991,2.0811550617218018,2.087794065475464,30128,2.087794065475464,2.087794065475464,0.9934753179550171
17-07-1991,2.087794065475464,2.087794065475464,0,2.087794065475464,2.087794065475464,0.9934753179550171
18-07-1991,2.087794065475464,2.087794065475464,0,2.087794065475464,2.087794065475464,0.9934753179550171
19-07-1991,2.087794065475464,2.087794065475464,0,2.087794065475464,2.087794065475464,0.9934753179550171
22-07-1991,2.0844740867614746,2.0844740867614746,3766,2.0844740867614746,2.0844740867614746,0.9918956160545349
23-07-1991,2.0844740867614746,2.0844740867614746,0,2.0844740867614746,2.0844740867614746,0.9918956160545349
24-07-1991,2.0844740867614746,2.0911130905151367,176999,2.0911130905151367,2.0911130905151367,0.9950544238090515
25-07-1991,2.0911130905151367,2.0911130905151367,0,2.0911130905151367,2.0911130905151367,0.9950544238090515
26-07-1991,2.0844740867614746,2.0844740867614746,3766,2.0844740867614746,2.0844740867614746,0.9918956160545349
29-07-1991,2.0811550617218018,2.0911130905151367,75319,2.0911130905151367,2.087794065475464,0.9934753179550171
30-07-1991,2.087794065475464,2.087794065475464,0,2.087794065475464,2.087794065475464,0.9934753179550171
31-07-1991,2.0944321155548096,2.0944321155548096,64021,2.111027956008911,2.111027956008911,1.0045307874679565
01-08-1991,2.1176669597625732,2.1176669597625732,18830,2.124305009841919,2.124305009841919,1.0108486413955688
02-08-1991,2.111027956008911,2.111027956008911,37659,2.111027956008911,2.111027956008911,1.0045307874679565
05-08-1991,2.1043899059295654,2.1043899059295654,18830,2.1043899059295654,2.1043899059295654,1.0013725757598877
06-08-1991,2.0977509021759033,2.0977509021759033,7532,2.0977509021759033,2.0977509021759033,0.9982128739356995
07-08-1991,2.0911130905151367,2.0911130905151367,18830,2.0977509021759033,2.0977509021759033,0.9982128739356995
08-08-1991,2.0977509021759033,2.0977509021759033,0,2.0977509021759033,2.0977509021759033,0.9982128739356995
09-08-1991,2.071197032928467,2.0844740867614746,237254,2.0844740867614746,2.077836036682129,0.9887366890907288
12-08-1991,2.071197032928467,2.071197032928467,3766,2.071197032928467,2.071197032928467,0.985577404499054
13-08-1991,2.064558982849121,2.064558982849121,229722,2.0844740867614746,2.0844740867614746,0.9918956160545349
14-08-1991,2.067878007888794,2.0811550617218018,18830,2.0811550617218018,2.067878007888794,0.9839978218078613
15-08-1991,2.071197032928467,2.071197032928467,3766,2.071197032928467,2.071197032928467,0.985577404499054
16-08-1991,2.071197032928467,2.071197032928467,0,2.071197032928467,2.071197032928467,0.985577404499054
19-08-1991,2.0014939308166504,2.018090009689331,45191,2.018090009689331,2.0048129558563232,0.953988790512085
20-08-1991,1.9981739521026611,2.0048129558563232,18830,2.0048129558563232,1.9981739521026611,0.9508299231529236
21-08-1991,1.991536021232605,1.991536021232605,11298,1.9981739521026611,1.9981739521026611,0.9508299231529236
22-08-1991,1.991536021232605,1.991536021232605,11298,1.9981739521026611,1.9981739521026611,0.9508299231529236
23-08-1991,2.0048129558563232,2.0048129558563232,195829,2.0048129558563232,2.0048129558563232,0.953988790512085
26-08-1991,1.991536021232605,2.0048129558563232,45191,2.0048129558563232,1.991536021232605,0.9476707577705383
27-08-1991,1.9749399423599243,1.98157799243927,101680,1.98157799243927,1.9749399423599243,0.9468427300453186
28-08-1991,1.9882169961929321,1.9882169961929321,402955,2.018090009689331,2.0048129558563232,0.9611651301383972
29-08-1991,2.0048129558563232,2.018090009689331,64021,2.018090009689331,2.0048129558563232,0.9611651301383972
30-08-1991,1.9981739521026611,1.9981739521026611,15064,2.0014939308166504,2.0014939308166504,0.9595741033554077
03-09-1991,1.991536021232605,1.9948550462722778,538529,1.9948550462722778,1.991536021232605,0.9548000693321228
04-09-1991,1.964982032775879,1.971621036529541,22596,1.9782589673995972,1.964982032775879,0.9420691728591919
05-09-1991,1.964982032775879,1.964982032775879,0,1.964982032775879,1.964982032775879,0.9420691728591919
06-09-1991,1.951704978942871,1.951704978942871,3766,1.951704978942871,1.951704978942871,0.9357039332389832
09-09-1991,1.951704978942871,1.951704978942871,0,1.951704978942871,1.951704978942871,0.9357039332389832
10-09-1991,1.925150990486145,1.9384280443191528,150638,1.9384280443191528,1.925150990486145,0.9229731559753418
11-09-1991,1.9317899942398071,1.9317899942398071,7532,1.9317899942398071,1.9317899942398071,0.9261561632156372
12-09-1991,1.9384280443191528,1.9384280443191528,45191,1.9384280443191528,1.9384280443191528,0.9293385744094849
13-09-1991,1.925150990486145,1.9317899942398071,15064,1.9317899942398071,1.925150990486145,0.9229731559753418
16-09-1991,1.925150990486145,1.925150990486145,154403,1.945067048072815,1.945067048072815,0.9325212836265564
17-09-1991,1.945067048072815,1.945067048072815,64021,1.945067048072815,1.945067048072815,0.9325212836265564
18-09-1991,1.9384280443191528,1.9384280443191528,7532,1.941748023033142,1.941748023033142,0.9309309720993042
19-09-1991,1.9317899942398071,1.9317899942398071,15064,1.9317899942398071,1.9317899942398071,0.9261561632156372
20-09-1991,1.9317899942398071,1.9317899942398071,48957,1.9317899942398071,1.9317899942398071,0.9261561632156372
23-09-1991,1.925150990486145,1.925150990486145,225956,1.925150990486145,1.925150990486145,0.9229731559753418
24-09-1991,1.8985979557037354,1.925150990486145,11298,1.925150990486145,1.8985979557037354,0.9102432727813721
25-09-1991,1.8985979557037354,1.8985979557037354,0,1.8985979557037354,1.8985979557037354,0.9102432727813721
26-09-1991,1.8985979557037354,1.8985979557037354,207127,1.9019169807434082,1.9019169807434082,0.9118342399597168
27-09-1991,1.905236005783081,1.905236005783081,237254,1.905236005783081,1.905236005783081,0.913425087928772
30-09-1991,1.885321021080017,1.8919589519500732,271148,1.8985979557037354,1.8985979557037354,0.9102432727813721
01-10-1991,1.885321021080017,1.905236005783081,252318,1.905236005783081,1.885321021080017,0.9038773775100708
02-10-1991,1.8919589519500732,1.8919589519500732,64021,1.8985979557037354,1.8985979557037354,0.9102432727813721
03-10-1991,1.905236005783081,1.905236005783081,71553,1.925150990486145,1.925150990486145,0.9229731559753418
04-10-1991,1.9384280443191528,1.9384280443191528,116744,1.951704978942871,1.951704978942871,0.9357039332389832
07-10-1991,1.9583439826965332,1.9583439826965332,97914,1.9848979711532593,1.9848979711532593,0.9516172409057617
08-10-1991,1.9848979711532593,1.9848979711532593,0,1.9848979711532593,1.9848979711532593,0.9516172409057617
09-10-1991,1.991536021232605,1.991536021232605,11298,1.991536021232605,1.991536021232605,0.9548000693321228
10-10-1991,1.9782589673995972,1.9782589673995972,11298,1.9782589673995972,1.9782589673995972,0.9484347105026245
11-10-1991,1.98157799243927,1.98157799243927,3766,1.98157799243927,1.98157799243927,0.9500254392623901
14-10-1991,1.98157799243927,1.98157799243927,0,1.98157799243927,1.98157799243927,0.9500254392623901
15-10-1991,1.98157799243927,1.98157799243927,0,1.98157799243927,1.98157799243927,0.9500254392623901
16-10-1991,1.98157799243927,1.98157799243927,0,1.98157799243927,1.98157799243927,0.9500254392623901
17-10-1991,1.98157799243927,1.98157799243927,0,1.98157799243927,1.98157799243927,0.9500254392623901
18-10-1991,1.9981739521026611,1.9981739521026611,116744,2.0048129558563232,2.0048129558563232,0.9611651301383972
21-10-1991,2.0048129558563232,2.0048129558563232,0,2.0048129558563232,2.0048129558563232,0.9611651301383972
22-10-1991,2.0048129558563232,2.0048129558563232,0,2.0048129558563232,2.0048129558563232,0.9611651301383972
23-10-1991,1.9848979711532593,1.991536021232605,48957,1.9981739521026611,1.9981739521026611,0.9579828381538391
24-10-1991,1.9782589673995972,1.9848979711532593,271148,1.9981739521026611,1.9848979711532593,0.9516172409057617
25-10-1991,1.9848979711532593,1.9848979711532593,0,1.9848979711532593,1.9848979711532593,0.9516172409057617
28-10-1991,1.9848979711532593,1.9848979711532593,0,1.9848979711532593,1.9848979711532593,0.9516172409057617
29-10-1991,1.9848979711532593,1.9848979711532593,0,1.9848979711532593,1.9848979711532593,0.9516172409057617
30-10-1991,1.991536021232605,1.991536021232605,11298,1.991536021232605,1.991536021232605,0.9548000693321228
31-10-1991,1.9848979711532593,1.9848979711532593,15064,1.991536021232605,1.991536021232605,0.9548000693321228
01-11-1991,1.9981739521026611,1.9981739521026611,11298,1.9981739521026611,1.9981739521026611,0.9579828381538391
04-11-1991,1.9981739521026611,1.9981739521026611,0,1.9981739521026611,1.9981739521026611,0.9579828381538391
05-11-1991,1.9981739521026611,1.9981739521026611,0,1.9981739521026611,1.9981739521026611,0.9579828381538391
06-11-1991,1.98157799243927,1.991536021232605,56489,1.9948550462722778,1.9948550462722778,0.9563913941383362
07-11-1991,2.0048129558563232,2.0048129558563232,22596,2.0048129558563232,2.0048129558563232,0.9611651301383972
08-11-1991,1.991536021232605,1.9981739521026611,26362,1.9981739521026611,1.991536021232605,0.9548000693321228
11-11-1991,1.991536021232605,1.991536021232605,0,1.991536021232605,1.991536021232605,0.9548000693321228
12-11-1991,1.9882169961929321,1.9882169961929321,52723,1.9981739521026611,1.9981739521026611,0.9579828381538391
13-11-1991,1.9981739521026611,1.9981739521026611,0,1.9981739521026611,1.9981739521026611,0.9579828381538391
14-11-1991,1.9981739521026611,1.9981739521026611,0,1.9981739521026611,1.9981739521026611,0.9579828381538391
15-11-1991,1.9981739521026611,1.9981739521026611,90383,1.9981739521026611,1.9981739521026611,0.9579828381538391
18-11-1991,1.991536021232605,1.991536021232605,45191,1.9948550462722778,1.9948550462722778,0.9563913941383362
19-11-1991,1.9948550462722778,1.9948550462722778,0,1.9948550462722778,1.9948550462722778,0.9563913941383362
20-11-1991,1.9882169961929321,1.9882169961929321,15064,1.9882169961929321,1.9882169961929321,0.953208863735199
21-11-1991,1.9948550462722778,1.9948550462722778,30128,2.0247280597686768,2.0247280597686768,0.9707130193710327
22-11-1991,2.031367063522339,2.031367063522339,45191,2.031367063522339,2.031367063522339,0.9738960862159729
25-11-1991,2.031367063522339,2.031367063522339,7532,2.031367063522339,2.031367063522339,0.9738960862159729
26-11-1991,2.0346860885620117,2.0413239002227783,86617,2.0479629039764404,2.0346860885620117,0.9754873514175415
27-11-1991,2.0346860885620117,2.0346860885620117,11298,2.0413239002227783,2.0413239002227783,0.9786691069602966
29-11-1991,2.0479629039764404,2.0479629039764404,3766,2.0479629039764404,2.0479629039764404,0.9818525910377502
02-12-1991,2.0280470848083496,2.0280470848083496,18830,2.0446441173553467,2.0446441173553467,0.9880768060684204
03-12-1991,2.0512819290161133,2.0512819290161133,48957,2.0844740867614746,2.0844740867614746,1.007324457168579
04-12-1991,2.0911130905151367,2.0911130905151367,67787,2.1309430599212646,2.1309430599212646,1.0297807455062866
05-12-1991,2.124305009841919,2.124305009841919,26362,2.124305009841919,2.124305009841919,1.0265733003616333
06-12-1991,2.1309430599212646,2.1309430599212646,26362,2.1442201137542725,2.1375820636749268,1.0329886674880981
09-12-1991,2.1375820636749268,2.1375820636749268,22596,2.1475400924682617,2.1475400924682617,1.0378011465072632
10-12-1991,2.1541779041290283,2.1541779041290283,3766,2.1541779041290283,2.1541779041290283,1.0410089492797852
11-12-1991,2.1442201137542725,2.1475400924682617,15064,2.1475400924682617,2.1442201137542725,1.0361968278884888
12-12-1991,2.157496929168701,2.157496929168701,22596,2.170773983001709,2.1641359329223633,1.0458214282989502
13-12-1991,2.177412986755371,2.177412986755371,86617,2.1973280906677246,2.1973280906677246,1.0618613958358765
16-12-1991,2.1973280906677246,2.1973280906677246,67787,2.1973280906677246,2.1973280906677246,1.0618613958358765
17-12-1991,2.1973280906677246,2.1973280906677246,0,2.1973280906677246,2.1973280906677246,1.0618613958358765
18-12-1991,2.190690040588379,2.1973280906677246,90383,2.1973280906677246,2.190690040588379,1.0586532354354858
19-12-1991,2.1973280906677246,2.1973280906677246,22596,2.203965902328491,2.203965902328491,1.0650690793991089
20-12-1991,2.230520009994507,2.230520009994507,150638,2.2504360675811768,2.237159013748169,1.0811091661453247
23-12-1991,2.237159013748169,2.237159013748169,0,2.237159013748169,2.237159013748169,1.0811091661453247
24-12-1991,2.237159013748169,2.237159013748169,60255,2.2570741176605225,2.2570741176605225,1.0907336473464966
26-12-1991,2.2504360675811768,2.2504360675811768,15064,2.2504360675811768,2.2504360675811768,1.0875253677368164
27-12-1991,2.237159013748169,2.2437970638275146,173233,2.2437970638275146,2.237159013748169,1.0811091661453247
30-12-1991,2.237159013748169,2.237159013748169,48957,2.237159013748169,2.237159013748169,1.0811091661453247
31-12-1991,2.237159013748169,2.237159013748169,0,2.237159013748169,2.237159013748169,1.0811091661453247
02-01-1992,2.230520009994507,2.2437970638275146,120510,2.2437970638275146,2.230520009994507,1.0779012441635132
03-01-1992,2.230520009994507,2.230520009994507,64021,2.2504360675811768,2.2504360675811768,1.0875253677368164
06-01-1992,2.237159013748169,2.2437970638275146,30128,2.2437970638275146,2.237159013748169,1.0811091661453247
07-01-1992,2.233839988708496,2.2504360675811768,52723,2.2504360675811768,2.2437970638275146,1.0843170881271362
08-01-1992,2.237159013748169,2.237159013748169,3766,2.237159013748169,2.237159013748169,1.0811091661453247
09-01-1992,2.237159013748169,2.237159013748169,0,2.237159013748169,2.237159013748169,1.0811091661453247
10-01-1992,2.237159013748169,2.2437970638275146,18830,2.2437970638275146,2.237159013748169,1.0811091661453247
13-01-1992,2.237159013748169,2.2437970638275146,64021,2.2437970638275146,2.237159013748169,1.0811091661453247
14-01-1992,2.237159013748169,2.2437970638275146,45191,2.2437970638275146,2.237159013748169,1.0811091661453247
15-01-1992,2.217242956161499,2.230520009994507,233488,2.230520009994507,2.217242956161499,1.0714855194091797
16-01-1992,2.223881959915161,2.230520009994507,33893,2.237159013748169,2.223881959915161,1.0746939182281494
17-01-1992,2.2205629348754883,2.2205629348754883,18830,2.2205629348754883,2.2205629348754883,1.073089599609375
20-01-1992,2.217242956161499,2.217242956161499,237254,2.230520009994507,2.230520009994507,1.0779012441635132
21-01-1992,2.223881959915161,2.223881959915161,45191,2.230520009994507,2.230520009994507,1.0779012441635132
22-01-1992,2.230520009994507,2.230520009994507,0,2.230520009994507,2.230520009994507,1.0779012441635132
23-01-1992,2.230520009994507,2.230520009994507,0,2.230520009994507,2.230520009994507,1.0779012441635132
24-01-1992,2.230520009994507,2.230520009994507,18830,2.230520009994507,2.230520009994507,1.0779012441635132
27-01-1992,2.2437970638275146,2.2437970638275146,30128,2.273669958114624,2.270350933074951,1.0971492528915405
28-01-1992,2.3035430908203125,2.3035430908203125,33893,2.343374013900757,2.343374013900757,1.1324386596679688
29-01-1992,2.376565933227539,2.389842987060547,52723,2.389842987060547,2.376565933227539,1.1484776735305786
30-01-1992,2.376565933227539,2.376565933227539,11298,2.379884958267212,2.379884958267212,1.1500821113586426
31-01-1992,2.3500120639801025,2.376565933227539,331403,2.376565933227539,2.3500120639801025,1.1356456279754639
03-02-1992,2.330096960067749,2.343374013900757,109212,2.343374013900757,2.336735963821411,1.12923002243042
04-02-1992,2.336735963821411,2.336735963821411,0,2.336735963821411,2.336735963821411,1.12923002243042
05-02-1992,2.336735963821411,2.336735963821411,0,2.336735963821411,2.336735963821411,1.12923002243042
06-02-1992,2.343374013900757,2.343374013900757,101680,2.343374013900757,2.343374013900757,1.1324386596679688
07-02-1992,2.3566510677337646,2.3566510677337646,15064,2.3632891178131104,2.3632891178131104,1.1420624256134033
10-02-1992,2.330096960067749,2.3566510677337646,120510,2.3566510677337646,2.336735963821411,1.12923002243042
11-02-1992,2.343374013900757,2.343374013900757,94148,2.3699278831481934,2.3699278831481934,1.1452704668045044
12-02-1992,2.3699278831481934,2.3699278831481934,0,2.3699278831481934,2.3699278831481934,1.1452704668045044
13-02-1992,2.376565933227539,2.376565933227539,18830,2.389842987060547,2.389842987060547,1.1548947095870972
14-02-1992,2.389842987060547,2.389842987060547,0,2.389842987060547,2.389842987060547,1.1548947095870972
18-02-1992,2.396481990814209,2.396481990814209,11298,2.396481990814209,2.396481990814209,1.1581023931503296
19-02-1992,2.396481990814209,2.396481990814209,0,2.396481990814209,2.396481990814209,1.1581023931503296
20-02-1992,2.396481990814209,2.396481990814209,0,2.396481990814209,2.396481990814209,1.1581023931503296
21-02-1992,2.396481990814209,2.396481990814209,0,2.396481990814209,2.396481990814209,1.1581023931503296
24-02-1992,2.383204936981201,2.389842987060547,18830,2.389842987060547,2.383204936981201,1.1516863107681274
25-02-1992,2.376565933227539,2.376565933227539,112978,2.379884958267212,2.379884958267212,1.1500821113586426
26-02-1992,2.2902660369873047,2.3101820945739746,33893,2.3101820945739746,2.296905040740967,1.1099817752838135
27-02-1992,2.2205629348754883,2.283627986907959,128042,2.283627986907959,2.2205629348754883,1.073089599609375
28-02-1992,2.2205629348754883,2.2205629348754883,7532,2.223881959915161,2.223881959915161,1.0746939182281494
02-03-1992,2.203965902328491,2.203965902328491,15064,2.203965902328491,2.203965902328491,1.0650690793991089
03-03-1992,2.1641359329223633,2.1641359329223633,7532,2.167454957962036,2.167454957962036,1.0474255084991455
04-03-1992,2.1442201137542725,2.157496929168701,26362,2.157496929168701,2.1442201137542725,1.0361968278884888
05-03-1992,2.1508591175079346,2.1508591175079346,410487,2.177412986755371,2.1641359329223633,1.0458214282989502
06-03-1992,2.1508591175079346,2.1508591175079346,489572,2.177412986755371,2.157496929168701,1.0504754781723022
09-03-1992,2.1541779041290283,2.1541779041290283,7532,2.1541779041290283,2.1541779041290283,1.0488591194152832
10-03-1992,2.111027956008911,2.1508591175079346,116744,2.1508591175079346,2.111027956008911,1.0278501510620117
11-03-1992,2.0844740867614746,2.0911130905151367,15064,2.0911130905151367,2.0844740867614746,1.014920949935913
12-03-1992,2.071197032928467,2.0911130905151367,94148,2.0977509021759033,2.0844740867614746,1.014920949935913
13-03-1992,2.0977509021759033,2.0977509021759033,3766,2.0977509021759033,2.0977509021759033,1.0213850736618042
16-03-1992,2.0977509021759033,2.0977509021759033,0,2.0977509021759033,2.0977509021759033,1.0213850736618042
17-03-1992,2.0844740867614746,2.0844740867614746,26362,2.0977509021759033,2.0977509021759033,1.0213850736618042
18-03-1992,2.0844740867614746,2.0844740867614746,30128,2.1043899059295654,2.1043899059295654,1.0246177911758423
19-03-1992,2.1043899059295654,2.1043899059295654,0,2.1043899059295654,2.1043899059295654,1.0246177911758423
20-03-1992,2.0844740867614746,2.1043899059295654,33893,2.1043899059295654,2.0844740867614746,1.014920949935913
23-03-1992,2.0844740867614746,2.0844740867614746,0,2.0844740867614746,2.0844740867614746,1.014920949935913
24-03-1992,2.077836036682129,2.077836036682129,3766,2.077836036682129,2.077836036682129,1.011688470840454
25-03-1992,2.0579209327697754,2.071197032928467,7532,2.071197032928467,2.0579209327697754,1.001992106437683
26-03-1992,2.0512819290161133,2.0512819290161133,30128,2.0512819290161133,2.0512819290161133,0.9987601637840271
27-03-1992,2.054600954055786,2.054600954055786,7532,2.054600954055786,2.054600954055786,1.0003764629364014
30-03-1992,2.054600954055786,2.054600954055786,0,2.054600954055786,2.054600954055786,1.0003764629364014
31-03-1992,2.018090009689331,2.0446441173553467,146872,2.0446441173553467,2.018090009689331,0.982598602771759
01-04-1992,2.021409034729004,2.021409034729004,37659,2.0380051136016846,2.0380051136016846,0.9922958612442017
02-04-1992,2.0512819290161133,2.0512819290161133,26362,2.064558982849121,2.064558982849121,1.005224347114563
03-04-1992,2.071197032928467,2.077836036682129,7532,2.077836036682129,2.071197032928467,1.0084561109542847
06-04-1992,2.071197032928467,2.071197032928467,0,2.071197032928467,2.071197032928467,1.0084561109542847
07-04-1992,2.071197032928467,2.071197032928467,0,2.071197032928467,2.071197032928467,1.0084561109542847
08-04-1992,2.071197032928467,2.071197032928467,0,2.071197032928467,2.071197032928467,1.0084561109542847
09-04-1992,2.071197032928467,2.071197032928467,0,2.071197032928467,2.071197032928467,1.0084561109542847
10-04-1992,2.071197032928467,2.071197032928467,0,2.071197032928467,2.071197032928467,1.0084561109542847
13-04-1992,2.0446441173553467,2.0579209327697754,11298,2.0579209327697754,2.0446441173553467,0.9955280423164368
14-04-1992,2.0380051136016846,2.0380051136016846,41425,2.064558982849121,2.064558982849121,1.005224347114563
15-04-1992,2.0446441173553467,2.0612399578094482,436849,2.0612399578094482,2.0446441173553467,0.9955280423164368
16-04-1992,2.018090009689331,2.0512819290161133,161935,2.0579209327697754,2.018090009689331,0.982598602771759
20-04-1992,2.011451005935669,2.011451005935669,48957,2.031367063522339,2.031367063522339,0.9890630841255188
21-04-1992,2.0380051136016846,2.0380051136016846,22596,2.0380051136016846,2.0380051136016846,0.9922958612442017
22-04-1992,2.0446441173553467,2.0446441173553467,86617,2.0579209327697754,2.0579209327697754,1.001992106437683
23-04-1992,2.064558982849121,2.064558982849121,7532,2.071197032928467,2.071197032928467,1.0084561109542847
24-04-1992,2.074517011642456,2.077836036682129,154403,2.077836036682129,2.074517011642456,1.010072946548462
27-04-1992,2.0811550617218018,2.0811550617218018,18830,2.0911130905151367,2.0911130905151367,1.018153429031372
28-04-1992,2.0977509021759033,2.0977509021759033,41425,2.1176669597625732,2.1176669597625732,1.0310819149017334
29-04-1992,2.1309430599212646,2.1309430599212646,26362,2.1375820636749268,2.1375820636749268,1.0407785177230835
30-04-1992,2.1508591175079346,2.1508591175079346,350232,2.157496929168701,2.157496929168701,1.0504754781723022
01-05-1992,2.1508591175079346,2.157496929168701,376594,2.157496929168701,2.1508591175079346,1.0472429990768433
04-05-1992,2.1508591175079346,2.1508591175079346,0,2.1508591175079346,2.1508591175079346,1.0472429990768433
05-05-1992,2.1508591175079346,2.1508591175079346,3766,2.1508591175079346,2.1508591175079346,1.0472429990768433
06-05-1992,2.1508591175079346,2.1508591175079346,3766,2.1508591175079346,2.1508591175079346,1.0472429990768433
07-05-1992,2.1409010887145996,2.1508591175079346,18830,2.1508591175079346,2.1409010887145996,1.0423948764801025
08-05-1992,2.1409010887145996,2.1409010887145996,0,2.1409010887145996,2.1409010887145996,1.0423948764801025
11-05-1992,2.1409010887145996,2.1409010887145996,305041,2.1641359329223633,2.1641359329223633,1.0537078380584717
12-05-1992,2.1641359329223633,2.1641359329223633,37659,2.1641359329223633,2.1641359329223633,1.0537078380584717
13-05-1992,2.1641359329223633,2.1641359329223633,0,2.1641359329223633,2.1641359329223633,1.0537078380584717
14-05-1992,2.1641359329223633,2.1641359329223633,0,2.1641359329223633,2.1641359329223633,1.0537078380584717
15-05-1992,2.1641359329223633,2.1641359329223633,0,2.1641359329223633,2.1641359329223633,1.0537078380584717
18-05-1992,2.1508591175079346,2.1508591175079346,7532,2.1508591175079346,2.1508591175079346,1.0472429990768433
19-05-1992,2.1508591175079346,2.1508591175079346,41425,2.157496929168701,2.157496929168701,1.0504754781723022
20-05-1992,2.1641359329223633,2.1641359329223633,33893,2.1641359329223633,2.1641359329223633,1.0537078380584717
21-05-1992,2.1641359329223633,2.1641359329223633,0,2.1641359329223633,2.1641359329223633,1.0537078380584717
22-05-1992,2.1508591175079346,2.1508591175079346,214658,2.1641359329223633,2.1641359329223633,1.0537078380584717
26-05-1992,2.1508591175079346,2.1641359329223633,7532,2.1641359329223633,2.1508591175079346,1.0472429990768433
27-05-1992,2.1508591175079346,2.1508591175079346,1084590,2.1508591175079346,2.1508591175079346,1.0472429990768433
28-05-1992,2.1508591175079346,2.1508591175079346,0,2.1508591175079346,2.1508591175079346,1.0472429990768433
29-05-1992,2.1508591175079346,2.1508591175079346,7532,2.1541779041290283,2.1541779041290283,1.0488591194152832
01-06-1992,2.1375820636749268,2.1409010887145996,33893,2.1508591175079346,2.1375820636749268,1.0407785177230835
02-06-1992,2.1508591175079346,2.1508591175079346,37659,2.1508591175079346,2.1508591175079346,1.0472429990768433
03-06-1992,2.1375820636749268,2.1375820636749268,376594,2.1375820636749268,2.1375820636749268,1.0407785177230835
04-06-1992,2.1375820636749268,2.1375820636749268,0,2.1375820636749268,2.1375820636749268,1.0407785177230835
05-06-1992,2.1043899059295654,2.111027956008911,11298,2.111027956008911,2.1043899059295654,1.0324413776397705
08-06-1992,2.0977509021759033,2.0977509021759033,60255,2.111027956008911,2.111027956008911,1.035698413848877
09-06-1992,2.111027956008911,2.111027956008911,0,2.111027956008911,2.111027956008911,1.035698413848877
10-06-1992,2.1043899059295654,2.1043899059295654,3766,2.1043899059295654,2.1043899059295654,1.0324413776397705
11-06-1992,2.1043899059295654,2.1043899059295654,15064,2.1043899059295654,2.1043899059295654,1.0324413776397705
12-06-1992,2.0977509021759033,2.0977509021759033,11298,2.111027956008911,2.111027956008911,1.035698413848877
15-06-1992,2.0977509021759033,2.1077089309692383,90383,2.1077089309692383,2.0977509021759033,1.0291845798492432
16-06-1992,2.1176669597625732,2.1176669597625732,48957,2.124305009841919,2.124305009841919,1.0422117710113525
17-06-1992,2.1309430599212646,2.1309430599212646,15064,2.1309430599212646,2.1309430599212646,1.0454685688018799
18-06-1992,2.1309430599212646,2.1309430599212646,0,2.1309430599212646,2.1309430599212646,1.0454685688018799
19-06-1992,2.1309430599212646,2.1309430599212646,26362,2.1375820636749268,2.1375820636749268,1.0487257242202759
22-06-1992,2.1309430599212646,2.1309430599212646,3766,2.1309430599212646,2.1309430599212646,1.0454685688018799
23-06-1992,2.124305009841919,2.124305009841919,11298,2.124305009841919,2.124305009841919,1.0422117710113525
24-06-1992,2.124305009841919,2.124305009841919,0,2.124305009841919,2.124305009841919,1.0422117710113525
25-06-1992,2.124305009841919,2.124305009841919,0,2.124305009841919,2.124305009841919,1.0422117710113525
26-06-1992,2.1176669597625732,2.1176669597625732,7532,2.1176669597625732,2.1176669597625732,1.0389552116394043
29-06-1992,2.124305009841919,2.124305009841919,41425,2.1309430599212646,2.124305009841919,1.0422117710113525
30-06-1992,2.1043899059295654,2.1176669597625732,150638,2.1309430599212646,2.1176669597625732,1.0389552116394043
01-07-1992,2.124305009841919,2.1309430599212646,617614,2.1309430599212646,2.1309430599212646,1.0454685688018799
02-07-1992,2.1375820636749268,2.1375820636749268,7532,2.1442201137542725,2.1442201137542725,1.051982045173645
06-07-1992,2.1442201137542725,2.1442201137542725,11298,2.1442201137542725,2.1442201137542725,1.051982045173645
07-07-1992,2.1442201137542725,2.1442201137542725,0,2.1442201137542725,2.1442201137542725,1.051982045173645
08-07-1992,2.1508591175079346,2.1508591175079346,79085,2.1508591175079346,2.1508591175079346,1.0552394390106201
09-07-1992,2.1442201137542725,2.1442201137542725,591252,2.1541779041290283,2.1541779041290283,1.0568679571151733
10-07-1992,2.1641359329223633,2.1641359329223633,52723,2.1873700618743896,2.1873700618743896,1.0731524229049683
13-07-1992,2.184051036834717,2.184051036834717,11298,2.184051036834717,2.184051036834717,1.0715241432189941
14-07-1992,2.184051036834717,2.184051036834717,30128,2.1940090656280518,2.1940090656280518,1.0764100551605225
15-07-1992,2.190690040588379,2.190690040588379,7532,2.190690040588379,2.190690040588379,1.0747811794281006
16-07-1992,2.190690040588379,2.1940090656280518,33893,2.1940090656280518,2.190690040588379,1.0747811794281006
17-07-1992,2.1940090656280518,2.1940090656280518,86617,2.203965902328491,2.203965902328491,1.0812944173812866
20-07-1992,2.2106049060821533,2.2106049060821533,7532,2.2106049060821533,2.2106049060821533,1.0845516920089722
21-07-1992,2.217242956161499,2.217242956161499,7532,2.217242956161499,2.217242956161499,1.0878088474273682
22-07-1992,2.223881959915161,2.223881959915161,37659,2.237159013748169,2.237159013748169,1.0975799560546875
23-07-1992,2.230520009994507,2.237159013748169,161935,2.237159013748169,2.230520009994507,1.0943222045898438
24-07-1992,2.230520009994507,2.230520009994507,173233,2.230520009994507,2.230520009994507,1.0943222045898438
27-07-1992,2.223881959915161,2.237159013748169,26362,2.2437970638275146,2.223881959915161,1.091065764427185
28-07-1992,2.223881959915161,2.223881959915161,0,2.223881959915161,2.223881959915161,1.091065764427185
29-07-1992,2.223881959915161,2.223881959915161,37659,2.223881959915161,2.223881959915161,1.091065764427185
30-07-1992,2.223881959915161,2.223881959915161,0,2.223881959915161,2.223881959915161,1.091065764427185
31-07-1992,2.223881959915161,2.223881959915161,18830,2.223881959915161,2.223881959915161,1.091065764427185
03-08-1992,2.230520009994507,2.230520009994507,7532,2.230520009994507,2.230520009994507,1.0943222045898438
04-08-1992,2.230520009994507,2.230520009994507,0,2.230520009994507,2.230520009994507,1.0943222045898438
05-08-1992,2.223881959915161,2.223881959915161,7532,2.223881959915161,2.223881959915161,1.091065764427185
06-08-1992,2.230520009994507,2.230520009994507,3766,2.230520009994507,2.230520009994507,1.0943222045898438
07-08-1992,2.223881959915161,2.223881959915161,82851,2.2637128829956055,2.2504360675811768,1.104093313217163
10-08-1992,2.2504360675811768,2.2504360675811768,0,2.2504360675811768,2.2504360675811768,1.104093313217163
11-08-1992,2.2437970638275146,2.2537550926208496,11298,2.2537550926208496,2.2437970638275146,1.100836157798767
12-08-1992,2.2437970638275146,2.2437970638275146,0,2.2437970638275146,2.2437970638275146,1.100836157798767
13-08-1992,2.2437970638275146,2.2437970638275146,0,2.2437970638275146,2.2437970638275146,1.100836157798767
14-08-1992,2.2437970638275146,2.2437970638275146,0,2.2437970638275146,2.2437970638275146,1.100836157798767
17-08-1992,2.2437970638275146,2.2437970638275146,0,2.2437970638275146,2.2437970638275146,1.100836157798767
18-08-1992,2.2570741176605225,2.2570741176605225,11298,2.260392904281616,2.260392904281616,1.1089779138565063
19-08-1992,2.2670319080352783,2.2670319080352783,3766,2.2670319080352783,2.2670319080352783,1.11223566532135
20-08-1992,2.273669958114624,2.273669958114624,3766,2.273669958114624,2.273669958114624,1.1154922246932983
21-08-1992,2.270350933074951,2.270350933074951,7532,2.270350933074951,2.270350933074951,1.1138637065887451
24-08-1992,2.2504360675811768,2.2570741176605225,45191,2.2570741176605225,2.2504360675811768,1.104093313217163
25-08-1992,2.240478038787842,2.2437970638275146,338934,2.2670319080352783,2.2670319080352783,1.11223566532135
26-08-1992,2.270350933074951,2.276988983154297,105446,2.2902660369873047,2.2902660369873047,1.1236342191696167
27-08-1992,2.2902660369873047,2.2902660369873047,0,2.2902660369873047,2.2902660369873047,1.1236342191696167
28-08-1992,2.276988983154297,2.276988983154297,60255,2.276988983154297,2.276988983154297,1.1171208620071411
31-08-1992,2.2537550926208496,2.2537550926208496,82851,2.2637128829956055,2.2637128829956055,1.1185641288757324
01-09-1992,2.2570741176605225,2.2570741176605225,11298,2.2570741176605225,2.2570741176605225,1.1152839660644531
02-09-1992,2.2570741176605225,2.2570741176605225,0,2.2570741176605225,2.2570741176605225,1.1152839660644531
03-09-1992,2.2570741176605225,2.2570741176605225,7532,2.2570741176605225,2.2570741176605225,1.1152839660644531
04-09-1992,2.2570741176605225,2.2570741176605225,7532,2.2570741176605225,2.2570741176605225,1.1152839660644531
08-09-1992,2.2637128829956055,2.2637128829956055,45191,2.270350933074951,2.2637128829956055,1.1185641288757324
09-09-1992,2.2437970638275146,2.2637128829956055,124276,2.2637128829956055,2.2437970638275146,1.108723521232605
10-09-1992,2.2570741176605225,2.2570741176605225,33893,2.2670319080352783,2.2670319080352783,1.1202043294906616
11-09-1992,2.276988983154297,2.276988983154297,3766,2.276988983154297,2.276988983154297,1.1251243352890015
14-09-1992,2.273669958114624,2.273669958114624,18830,2.273669958114624,2.273669958114624,1.123484492301941
15-09-1992,2.270350933074951,2.270350933074951,3766,2.270350933074951,2.270350933074951,1.1218445301055908
16-09-1992,2.276988983154297,2.276988983154297,11298,2.283627986907959,2.283627986907959,1.1284046173095703
17-09-1992,2.283627986907959,2.283627986907959,0,2.283627986907959,2.283627986907959,1.1284046173095703
18-09-1992,2.2902660369873047,2.2902660369873047,26362,2.2902660369873047,2.2902660369873047,1.1316848993301392
21-09-1992,2.286947011947632,2.286947011947632,11298,2.286947011947632,2.286947011947632,1.130044937133789
22-09-1992,2.286947011947632,2.286947011947632,0,2.286947011947632,2.286947011947632,1.130044937133789
23-09-1992,2.286947011947632,2.286947011947632,0,2.286947011947632,2.286947011947632,1.130044937133789
24-09-1992,2.286947011947632,2.286947011947632,0,2.286947011947632,2.286947011947632,1.130044937133789
25-09-1992,2.283627986907959,2.283627986907959,22596,2.296905040740967,2.283627986907959,1.1284046173095703
28-09-1992,2.283627986907959,2.2902660369873047,41425,2.2902660369873047,2.283627986907959,1.1284046173095703
29-09-1992,2.276988983154297,2.283627986907959,305041,2.2902660369873047,2.283627986907959,1.1284046173095703
30-09-1992,2.2902660369873047,2.296905040740967,15064,2.296905040740967,2.2902660369873047,1.1316848993301392
01-10-1992,2.3101820945739746,2.3101820945739746,105446,2.316819906234741,2.316819906234741,1.1448065042495728
02-10-1992,2.3101820945739746,2.3101820945739746,7532,2.3101820945739746,2.3101820945739746,1.141526222229004
05-10-1992,2.296905040740967,2.296905040740967,18830,2.296905040740967,2.296905040740967,1.134965419769287
06-10-1992,2.2637128829956055,2.283627986907959,37659,2.283627986907959,2.2637128829956055,1.1185641288757324
07-10-1992,2.2570741176605225,2.2570741176605225,94148,2.2570741176605225,2.2570741176605225,1.1152839660644531
08-10-1992,2.230520009994507,2.2504360675811768,158169,2.2504360675811768,2.230520009994507,1.1021627187728882
09-10-1992,2.230520009994507,2.230520009994507,0,2.230520009994507,2.230520009994507,1.1021627187728882
12-10-1992,2.230520009994507,2.230520009994507,0,2.230520009994507,2.230520009994507,1.1021627187728882
13-10-1992,2.230520009994507,2.230520009994507,0,2.230520009994507,2.230520009994507,1.1021627187728882
14-10-1992,2.230520009994507,2.230520009994507,30128,2.230520009994507,2.230520009994507,1.1021627187728882
15-10-1992,2.230520009994507,2.230520009994507,0,2.230520009994507,2.230520009994507,1.1021627187728882
16-10-1992,2.217242956161499,2.223881959915161,97914,2.223881959915161,2.217242956161499,1.0956028699874878
19-10-1992,2.217242956161499,2.217242956161499,22596,2.217242956161499,2.217242956161499,1.0956028699874878
20-10-1992,2.217242956161499,2.217242956161499,0,2.217242956161499,2.217242956161499,1.0956028699874878
21-10-1992,2.217242956161499,2.217242956161499,15064,2.217242956161499,2.217242956161499,1.0956028699874878
22-10-1992,2.2106049060821533,2.2106049060821533,7532,2.2106049060821533,2.2106049060821533,1.0923223495483398
23-10-1992,2.2106049060821533,2.2106049060821533,410487,2.217242956161499,2.2106049060821533,1.0923223495483398
26-10-1992,2.2106049060821533,2.2106049060821533,7532,2.217242956161499,2.217242956161499,1.0956028699874878
27-10-1992,2.217242956161499,2.217242956161499,323871,2.217242956161499,2.217242956161499,1.0956028699874878
28-10-1992,2.203965902328491,2.203965902328491,169467,2.203965902328491,2.203965902328491,1.0890419483184814
29-10-1992,2.2106049060821533,2.2106049060821533,18830,2.217242956161499,2.217242956161499,1.0956028699874878
30-10-1992,2.217242956161499,2.217242956161499,192063,2.223881959915161,2.223881959915161,1.0988826751708984
02-11-1992,2.203965902328491,2.223881959915161,71553,2.230520009994507,2.2106049060821533,1.0923223495483398
03-11-1992,2.230520009994507,2.230520009994507,124276,2.230520009994507,2.230520009994507,1.1021627187728882
04-11-1992,2.223881959915161,2.227200984954834,52723,2.230520009994507,2.230520009994507,1.1021627187728882
05-11-1992,2.203965902328491,2.2106049060821533,184531,2.223881959915161,2.223881959915161,1.0988826751708984
06-11-1992,2.223881959915161,2.223881959915161,33893,2.230520009994507,2.230520009994507,1.1021627187728882
09-11-1992,2.230520009994507,2.230520009994507,0,2.230520009994507,2.230520009994507,1.1021627187728882
10-11-1992,2.2106049060821533,2.223881959915161,158169,2.223881959915161,2.2106049060821533,1.0923223495483398
11-11-1992,2.217242956161499,2.217242956161499,286211,2.217242956161499,2.217242956161499,1.0956028699874878
12-11-1992,2.217242956161499,2.217242956161499,176999,2.217242956161499,2.217242956161499,1.0956028699874878
13-11-1992,2.223881959915161,2.223881959915161,37659,2.223881959915161,2.223881959915161,1.0988826751708984
16-11-1992,2.223881959915161,2.223881959915161,82851,2.223881959915161,2.223881959915161,1.0988826751708984
17-11-1992,2.223881959915161,2.223881959915161,0,2.223881959915161,2.223881959915161,1.0988826751708984
18-11-1992,2.223881959915161,2.223881959915161,0,2.223881959915161,2.223881959915161,1.0988826751708984
19-11-1992,2.1973280906677246,2.2106049060821533,45191,2.2106049060821533,2.203965902328491,1.0890419483184814
20-11-1992,2.217242956161499,2.217242956161499,11298,2.223881959915161,2.223881959915161,1.0988826751708984
23-11-1992,2.2106049060821533,2.217242956161499,195829,2.2205629348754883,2.2205629348754883,1.0972422361373901
24-11-1992,2.213923931121826,2.217242956161499,448147,2.217242956161499,2.217242956161499,1.0956028699874878
25-11-1992,2.217242956161499,2.217242956161499,60255,2.217242956161499,2.217242956161499,1.0956028699874878
27-11-1992,2.223881959915161,2.223881959915161,60255,2.2437970638275146,2.2437970638275146,1.108723521232605
30-11-1992,2.217242956161499,2.217242956161499,18830,2.230520009994507,2.230520009994507,1.1111044883728027
01-12-1992,2.223881959915161,2.230520009994507,116744,2.230520009994507,2.223881959915161,1.1077978610992432
02-12-1992,2.227200984954834,2.227200984954834,26362,2.227200984954834,2.227200984954834,1.1094512939453125
03-12-1992,2.217242956161499,2.217242956161499,45191,2.217242956161499,2.217242956161499,1.1044912338256836
04-12-1992,2.217242956161499,2.217242956161499,0,2.217242956161499,2.217242956161499,1.1044912338256836
07-12-1992,2.217242956161499,2.217242956161499,7532,2.217242956161499,2.217242956161499,1.1044912338256836
08-12-1992,2.217242956161499,2.217242956161499,79085,2.217242956161499,2.217242956161499,1.1044912338256836
09-12-1992,2.217242956161499,2.217242956161499,0,2.217242956161499,2.217242956161499,1.1044912338256836
10-12-1992,2.217242956161499,2.217242956161499,150638,2.217242956161499,2.217242956161499,1.1044912338256836
11-12-1992,2.217242956161499,2.217242956161499,52723,2.217242956161499,2.217242956161499,1.1044912338256836
14-12-1992,2.1973280906677246,2.2106049060821533,45191,2.2106049060821533,2.1973280906677246,1.0945703983306885
15-12-1992,2.184051036834717,2.190690040588379,22596,2.190690040588379,2.190690040588379,1.0912636518478394
16-12-1992,2.1641359329223633,2.184051036834717,48957,2.184051036834717,2.1641359329223633,1.0780365467071533
17-12-1992,2.1641359329223633,2.1641359329223633,11298,2.1641359329223633,2.1641359329223633,1.0780365467071533
18-12-1992,2.1641359329223633,2.170773983001709,22596,2.170773983001709,2.1641359329223633,1.0780365467071533
21-12-1992,2.170773983001709,2.170773983001709,33893,2.177412986755371,2.177412986755371,1.0846502780914307
22-12-1992,2.177412986755371,2.177412986755371,15064,2.184051036834717,2.184051036834717,1.0879563093185425
23-12-1992,2.157496929168701,2.177412986755371,18830,2.177412986755371,2.157496929168701,1.0747284889221191
24-12-1992,2.1641359329223633,2.1641359329223633,3766,2.1641359329223633,2.1641359329223633,1.0780365467071533
28-12-1992,2.157496929168701,2.157496929168701,3766,2.157496929168701,2.157496929168701,1.0747284889221191
29-12-1992,2.1641359329223633,2.1641359329223633,22596,2.177412986755371,2.177412986755371,1.0846502780914307
30-12-1992,2.1641359329223633,2.177412986755371,48957,2.177412986755371,2.1641359329223633,1.0780365467071533
31-12-1992,2.170773983001709,2.170773983001709,3766,2.170773983001709,2.170773983001709,1.081343173980713
04-01-1993,2.1508591175079346,2.170773983001709,86617,2.170773983001709,2.1508591175079346,1.0714223384857178
05-01-1993,2.1442201137542725,2.1442201137542725,18830,2.1442201137542725,2.1442201137542725,1.068115472793579
06-01-1993,2.1442201137542725,2.1442201137542725,3766,2.1442201137542725,2.1442201137542725,1.068115472793579
07-01-1993,2.124305009841919,2.1309430599212646,18830,2.1309430599212646,2.124305009841919,1.0581949949264526
08-01-1993,2.1176669597625732,2.1176669597625732,11298,2.1176669597625732,2.1176669597625732,1.0548887252807617
11-01-1993,2.1176669597625732,2.1176669597625732,0,2.1176669597625732,2.1176669597625732,1.0548887252807617
12-01-1993,2.0977509021759033,2.111027956008911,26362,2.111027956008911,2.0977509021759033,1.0449674129486084
13-01-1993,2.0844740867614746,2.0844740867614746,26362,2.0844740867614746,2.0844740867614746,1.0383539199829102
14-01-1993,2.0911130905151367,2.0977509021759033,90383,2.0977509021759033,2.0911130905151367,1.0416604280471802
15-01-1993,2.1043899059295654,2.1043899059295654,225956,2.1043899059295654,2.1043899059295654,1.0482746362686157
18-01-1993,2.077836036682129,2.0911130905151367,97914,2.0911130905151367,2.077836036682129,1.0350468158721924
19-01-1993,2.0844740867614746,2.0911130905151367,26362,2.0911130905151367,2.0844740867614746,1.0383539199829102
20-01-1993,2.077836036682129,2.0911130905151367,30128,2.0911130905151367,2.077836036682129,1.0350468158721924
21-01-1993,2.071197032928467,2.071197032928467,26362,2.077836036682129,2.077836036682129,1.0350468158721924
22-01-1993,2.077836036682129,2.077836036682129,0,2.077836036682129,2.077836036682129,1.0350468158721924
25-01-1993,2.071197032928467,2.071197032928467,30128,2.071197032928467,2.071197032928467,1.0317397117614746
26-01-1993,2.0380051136016846,2.0512819290161133,244786,2.0512819290161133,2.0380051136016846,1.0152058601379395
27-01-1993,2.031367063522339,2.031367063522339,101680,2.0380051136016846,2.0380051136016846,1.0152058601379395
28-01-1993,2.018090009689331,2.018090009689331,203361,2.0446441173553467,2.0446441173553467,1.0185133218765259
29-01-1993,2.0446441173553467,2.0512819290161133,86617,2.0512819290161133,2.0446441173553467,1.0185133218765259
01-02-1993,2.0380051136016846,2.0512819290161133,60255,2.0512819290161133,2.0380051136016846,1.0152058601379395
02-02-1993,2.031367063522339,2.031367063522339,11298,2.031367063522339,2.031367063522339,1.0118986368179321
03-02-1993,2.031367063522339,2.031367063522339,116744,2.0380051136016846,2.031367063522339,1.0118986368179321
04-02-1993,2.0048129558563232,2.0247280597686768,184531,2.0247280597686768,2.011451005935669,1.0019779205322266
05-02-1993,1.9848979711532593,2.011451005935669,139340,2.011451005935669,1.9848979711532593,0.988750696182251
08-02-1993,1.991536021232605,1.991536021232605,67787,2.018090009689331,2.018090009689331,1.0052852630615234
09-02-1993,2.011451005935669,2.011451005935669,33893,2.018090009689331,2.018090009689331,1.0052852630615234
10-02-1993,2.018090009689331,2.0247280597686768,15064,2.0247280597686768,2.0247280597686768,1.008591890335083
11-02-1993,2.014770984649658,2.018090009689331,109212,2.0247280597686768,2.0247280597686768,1.008591890335083
12-02-1993,2.018090009689331,2.031367063522339,90383,2.031367063522339,2.0247280597686768,1.008591890335083
16-02-1993,2.018090009689331,2.0247280597686768,22596,2.0247280597686768,2.018090009689331,1.0052852630615234
17-02-1993,2.018090009689331,2.018090009689331,0,2.018090009689331,2.018090009689331,1.0052852630615234
18-02-1993,2.0247280597686768,2.0247280597686768,11298,2.0280470848083496,2.0280470848083496,1.0102449655532837
19-02-1993,2.031367063522339,2.031367063522339,82851,2.031367063522339,2.031367063522339,1.0118986368179321
22-02-1993,2.031367063522339,2.031367063522339,3766,2.031367063522339,2.031367063522339,1.0118986368179321
23-02-1993,2.011451005935669,2.018090009689331,451913,2.021409034729004,2.014770984649658,1.0036320686340332
24-02-1993,1.991536021232605,2.008131980895996,508402,2.008131980895996,1.9981739521026611,0.9953646063804626
25-02-1993,1.9948550462722778,1.9981739521026611,274913,2.011451005935669,1.9981739521026611,0.9953646063804626
26-02-1993,1.991536021232605,1.991536021232605,7532,1.991536021232605,1.991536021232605,0.9920579195022583
01-03-1993,1.991536021232605,1.991536021232605,146872,1.9981739521026611,1.991536021232605,0.9920579195022583
02-03-1993,1.991536021232605,1.9981739521026611,165701,2.0014939308166504,2.0014939308166504,0.9970178008079529
03-03-1993,1.9948550462722778,1.9948550462722778,94148,2.0048129558563232,2.0048129558563232,0.9986717104911804
04-03-1993,2.011451005935669,2.011451005935669,391658,2.0512819290161133,2.0512819290161133,1.021819829940796
05-03-1993,2.031367063522339,2.031367063522339,90383,2.0512819290161133,2.0512819290161133,1.0308945178985596
08-03-1993,2.0579209327697754,2.0579209327697754,45191,2.077836036682129,2.071197032928467,1.0409032106399536
09-03-1993,2.071197032928467,2.077836036682129,75319,2.077836036682129,2.071197032928467,1.0409032106399536
10-03-1993,2.071197032928467,2.071197032928467,497104,2.1043899059295654,2.0977509021759033,1.0542477369308472
11-03-1993,2.071197032928467,2.0844740867614746,361530,2.0977509021759033,2.0911130905151367,1.050911784172058
12-03-1993,2.077836036682129,2.0844740867614746,26362,2.0844740867614746,2.077836036682129,1.0442391633987427
15-03-1993,2.064558982849121,2.071197032928467,48957,2.071197032928467,2.064558982849121,1.0375661849975586
16-03-1993,2.067878007888794,2.067878007888794,86617,2.077836036682129,2.071197032928467,1.0409032106399536
17-03-1993,2.054600954055786,2.071197032928467,293743,2.071197032928467,2.067878007888794,1.0392347574234009
18-03-1993,2.0612399578094482,2.067878007888794,56489,2.067878007888794,2.067878007888794,1.0392347574234009
19-03-1993,2.0612399578094482,2.0612399578094482,7532,2.0612399578094482,2.0612399578094482,1.0358984470367432
22-03-1993,2.0612399578094482,2.0612399578094482,3766,2.0612399578094482,2.0612399578094482,1.0358984470367432
23-03-1993,2.067878007888794,2.067878007888794,30128,2.067878007888794,2.067878007888794,1.0392347574234009
24-03-1993,2.064558982849121,2.071197032928467,180765,2.071197032928467,2.071197032928467,1.0409032106399536
25-03-1993,2.071197032928467,2.071197032928467,11298,2.071197032928467,2.071197032928467,1.0409032106399536
26-03-1993,2.071197032928467,2.071197032928467,22596,2.077836036682129,2.077836036682129,1.0442391633987427
29-03-1993,2.067878007888794,2.077836036682129,90383,2.077836036682129,2.067878007888794,1.0392347574234009
30-03-1993,2.067878007888794,2.067878007888794,94148,2.067878007888794,2.067878007888794,1.0392347574234009
31-03-1993,2.0579209327697754,2.0612399578094482,530997,2.0911130905151367,2.0911130905151367,1.050911784172058
01-04-1993,2.0911130905151367,2.0911130905151367,90383,2.1176669597625732,2.1176669597625732,1.064257025718689
02-04-1993,2.124305009841919,2.124305009841919,229722,2.1375820636749268,2.1375820636749268,1.074265480041504
05-04-1993,2.1309430599212646,2.1442201137542725,82851,2.1442201137542725,2.1309430599212646,1.0709288120269775
06-04-1993,2.124305009841919,2.124305009841919,7532,2.1309430599212646,2.1309430599212646,1.0709288120269775
07-04-1993,2.111027956008911,2.124305009841919,52723,2.124305009841919,2.114346981048584,1.062588095664978
08-04-1993,2.087794065475464,2.1077089309692383,97914,2.1077089309692383,2.087794065475464,1.0492441654205322
12-04-1993,2.0844740867614746,2.0844740867614746,22596,2.0944321155548096,2.0944321155548096,1.0525797605514526
13-04-1993,2.0911130905151367,2.0911130905151367,18830,2.1043899059295654,2.1043899059295654,1.0575846433639526
14-04-1993,2.0977509021759033,2.0977509021759033,124276,2.111027956008911,2.111027956008911,1.0609207153320312
15-04-1993,2.1176669597625732,2.1176669597625732,135574,2.1176669597625732,2.1176669597625732,1.064257025718689
16-04-1993,2.111027956008911,2.111027956008911,538529,2.1375820636749268,2.1375820636749268,1.074265480041504
19-04-1993,2.124305009841919,2.1309430599212646,33893,2.1375820636749268,2.124305009841919,1.0675925016403198
20-04-1993,2.124305009841919,2.124305009841919,192063,2.127624034881592,2.127624034881592,1.0692604780197144
21-04-1993,2.111027956008911,2.124305009841919,161935,2.124305009841919,2.124305009841919,1.0675925016403198
22-04-1993,2.1043899059295654,2.111027956008911,18830,2.111027956008911,2.111027956008911,1.0609207153320312
23-04-1993,2.0911130905151367,2.0977509021759033,30128,2.0977509021759033,2.0911130905151367,1.050911784172058
26-04-1993,2.0844740867614746,2.0844740867614746,338934,2.087794065475464,2.0844740867614746,1.0475749969482422
27-04-1993,2.071197032928467,2.077836036682129,11298,2.077836036682129,2.071197032928467,1.0409032106399536
28-04-1993,2.0446441173553467,2.064558982849121,56489,2.064558982849121,2.0446441173553467,1.0275585651397705
29-04-1993,2.0380051136016846,2.0446441173553467,82851,2.0446441173553467,2.0380051136016846,1.0242213010787964
30-04-1993,2.0048129558563232,2.0048129558563232,263616,2.0247280597686768,2.0247280597686768,1.0175492763519287
03-05-1993,2.018090009689331,2.0247280597686768,33893,2.0247280597686768,2.018090009689331,1.0142134428024292
04-05-1993,2.0247280597686768,2.0247280597686768,150638,2.031367063522339,2.031367063522339,1.0208851099014282
05-05-1993,2.031367063522339,2.0380051136016846,361530,2.0446441173553467,2.0446441173553467,1.0275585651397705
06-05-1993,2.0280470848083496,2.0413239002227783,214658,2.0413239002227783,2.0280470848083496,1.0192170143127441
07-05-1993,2.0346860885620117,2.0346860885620117,37659,2.0346860885620117,2.0346860885620117,1.0225529670715332
10-05-1993,2.0346860885620117,2.0380051136016846,124276,2.0579209327697754,2.0579209327697754,1.0342307090759277
11-05-1993,2.064558982849121,2.064558982849121,11298,2.064558982849121,2.064558982849121,1.0375661849975586
12-05-1993,2.071197032928467,2.071197032928467,7532,2.071197032928467,2.071197032928467,1.0409032106399536
13-05-1993,2.071197032928467,2.071197032928467,18830,2.071197032928467,2.071197032928467,1.0409032106399536
14-05-1993,2.071197032928467,2.071197032928467,0,2.071197032928467,2.071197032928467,1.0409032106399536
17-05-1993,2.064558982849121,2.064558982849121,7532,2.064558982849121,2.064558982849121,1.0375661849975586
18-05-1993,2.064558982849121,2.064558982849121,3766,2.064558982849121,2.064558982849121,1.0375661849975586
19-05-1993,2.0579209327697754,2.0579209327697754,109212,2.0612399578094482,2.0579209327697754,1.0342307090759277
20-05-1993,2.0512819290161133,2.0579209327697754,252318,2.0579209327697754,2.0579209327697754,1.0342307090759277
21-05-1993,2.077836036682129,2.077836036682129,218424,2.087794065475464,2.087794065475464,1.0492441654205322
24-05-1993,2.0944321155548096,2.0944321155548096,79085,2.111027956008911,2.111027956008911,1.0609207153320312
25-05-1993,2.1043899059295654,2.111027956008911,33893,2.111027956008911,2.1043899059295654,1.0575846433639526
26-05-1993,2.111027956008911,2.124305009841919,41425,2.124305009841919,2.111027956008911,1.0609207153320312
27-05-1993,2.1043899059295654,2.111027956008911,26362,2.111027956008911,2.1043899059295654,1.0575846433639526
28-05-1993,2.111027956008911,2.111027956008911,30128,2.124305009841919,2.111027956008911,1.0609207153320312
01-06-1993,2.111027956008911,2.111027956008911,86617,2.124305009841919,2.124305009841919,1.0675925016403198
02-06-1993,2.1309430599212646,2.1309430599212646,79085,2.157496929168701,2.157496929168701,1.0842736959457397
03-06-1993,2.1508591175079346,2.1508591175079346,3766,2.1508591175079346,2.1508591175079346,1.080937385559082
04-06-1993,2.1375820636749268,2.1442201137542725,33893,2.1442201137542725,2.1442201137542725,1.0776008367538452
07-06-1993,2.1309430599212646,2.1309430599212646,71553,2.1508591175079346,2.1442201137542725,1.0867527723312378
08-06-1993,2.1375820636749268,2.1375820636749268,7532,2.1375820636749268,2.1375820636749268,1.0833888053894043
09-06-1993,2.1375820636749268,2.1442201137542725,15064,2.1442201137542725,2.1442201137542725,1.0867527723312378
10-06-1993,2.134263038635254,2.1375820636749268,30128,2.1442201137542725,2.134263038635254,1.0817068815231323
11-06-1993,2.1375820636749268,2.1409010887145996,71553,2.1475400924682617,2.1375820636749268,1.0833888053894043
14-06-1993,2.1375820636749268,2.1375820636749268,7532,2.1442201137542725,2.1442201137542725,1.0867527723312378
15-06-1993,2.1508591175079346,2.1508591175079346,158169,2.1508591175079346,2.1508591175079346,1.0901174545288086
16-06-1993,2.1442201137542725,2.1442201137542725,7532,2.1442201137542725,2.1442201137542725,1.0867527723312378
17-06-1993,2.1508591175079346,2.1508591175079346,60255,2.157496929168701,2.157496929168701,1.093482255935669
18-06-1993,2.1508591175079346,2.170773983001709,56489,2.177412986755371,2.157496929168701,1.093482255935669
21-06-1993,2.1608169078826904,2.170773983001709,150638,2.170773983001709,2.170773983001709,1.1002110242843628
22-06-1993,2.170773983001709,2.177412986755371,30128,2.184051036834717,2.184051036834717,1.106940507888794
23-06-1993,2.1973280906677246,2.2006471157073975,90383,2.203965902328491,2.203965902328491,1.117033839225769
24-06-1993,2.190690040588379,2.1973280906677246,45191,2.203965902328491,2.203965902328491,1.117033839225769
25-06-1993,2.1973280906677246,2.2106049060821533,37659,2.2106049060821533,2.1973280906677246,1.1136696338653564
28-06-1993,2.203965902328491,2.2106049060821533,252318,2.223881959915161,2.223881959915161,1.1271274089813232
29-06-1993,2.223881959915161,2.223881959915161,3766,2.223881959915161,2.223881959915161,1.1271274089813232
30-06-1993,2.2106049060821533,2.217242956161499,11298,2.217242956161499,2.2106049060821533,1.120398998260498
01-07-1993,2.190690040588379,2.203965902328491,52723,2.203965902328491,2.190690040588379,1.1103051900863647
02-07-1993,2.177412986755371,2.184051036834717,52723,2.184051036834717,2.177412986755371,1.1035759449005127
06-07-1993,2.1641359329223633,2.170773983001709,112978,2.184051036834717,2.184051036834717,1.106940507888794
07-07-1993,2.1973280906677246,2.1973280906677246,22596,2.203965902328491,2.203965902328491,1.117033839225769
08-07-1993,2.217242956161499,2.223881959915161,210893,2.2504360675811768,2.2504360675811768,1.140586495399475
09-07-1993,2.2437970638275146,2.2437970638275146,3766,2.2437970638275146,2.2437970638275146,1.1372214555740356
12-07-1993,2.230520009994507,2.237159013748169,11298,2.237159013748169,2.230520009994507,1.1304919719696045
13-07-1993,2.237159013748169,2.237159013748169,3766,2.237159013748169,2.237159013748169,1.1338573694229126
14-07-1993,2.230520009994507,2.230520009994507,11298,2.237159013748169,2.237159013748169,1.1338573694229126
15-07-1993,2.2106049060821533,2.230520009994507,90383,2.230520009994507,2.2106049060821533,1.120398998260498
16-07-1993,2.203965902328491,2.203965902328491,26362,2.203965902328491,2.203965902328491,1.117033839225769
19-07-1993,2.1973280906677246,2.1973280906677246,3766,2.1973280906677246,2.1973280906677246,1.1136696338653564
20-07-1993,2.184051036834717,2.190690040588379,26362,2.2006471157073975,2.2006471157073975,1.1153520345687866
21-07-1993,2.190690040588379,2.1940090656280518,18830,2.1940090656280518,2.190690040588379,1.1103051900863647
22-07-1993,2.124305009841919,2.184051036834717,305041,2.184051036834717,2.1375820636749268,1.0833888053894043
23-07-1993,2.0911130905151367,2.124305009841919,135574,2.124305009841919,2.0944321155548096,1.061518907546997
26-07-1993,2.0811550617218018,2.0911130905151367,210893,2.0911130905151367,2.087794065475464,1.0581551790237427
27-07-1993,2.067878007888794,2.0944321155548096,128042,2.0944321155548096,2.074517011642456,1.0514253377914429
28-07-1993,2.0512819290161133,2.067878007888794,161935,2.067878007888794,2.064558982849121,1.0463780164718628
29-07-1993,2.011451005935669,2.0579209327697754,229722,2.0579209327697754,2.018090009689331,1.0228265523910522
30-07-1993,1.9782589673995972,2.0247280597686768,410487,2.0247280597686768,1.9948550462722778,1.0110502243041992
02-08-1993,2.008131980895996,2.008131980895996,15064,2.011451005935669,2.011451005935669,1.0194616317749023
03-08-1993,1.9782589673995972,2.0048129558563232,120510,2.0048129558563232,1.9882169961929321,1.007685899734497
04-08-1993,1.9882169961929321,1.9882169961929321,0,1.9882169961929321,1.9882169961929321,1.007685899734497
05-08-1993,1.9882169961929321,1.9882169961929321,0,1.9882169961929321,1.9882169961929321,1.007685899734497
06-08-1993,1.98157799243927,1.98157799243927,11298,1.9882169961929321,1.9882169961929321,1.007685899734497
09-08-1993,1.9882169961929321,1.9882169961929321,82851,2.0014939308166504,1.991536021232605,1.0093685388565063
10-08-1993,1.9583439826965332,1.991536021232605,621380,1.991536021232605,1.9583439826965332,0.9925460815429688
11-08-1993,1.964982032775879,1.964982032775879,11298,1.9782589673995972,1.9782589673995972,1.0026391744613647
12-08-1993,1.9782589673995972,1.9848979711532593,37659,1.9848979711532593,1.9782589673995972,1.0026391744613647
13-08-1993,1.9782589673995972,1.9782589673995972,37659,1.991536021232605,1.991536021232605,1.0093685388565063
16-08-1993,2.0048129558563232,2.0048129558563232,7532,2.0048129558563232,2.0048129558563232,1.0160980224609375
17-08-1993,1.991536021232605,1.991536021232605,361530,1.991536021232605,1.991536021232605,1.0093685388565063
18-08-1993,1.991536021232605,1.991536021232605,60255,2.011451005935669,2.0048129558563232,1.0160980224609375
19-08-1993,1.961663007736206,1.991536021232605,380360,1.9981739521026611,1.961663007736206,0.9942280650138855
20-08-1993,1.964982032775879,1.964982032775879,3766,1.964982032775879,1.964982032775879,0.9959098100662231
23-08-1993,1.964982032775879,1.964982032775879,11298,1.964982032775879,1.964982032775879,0.9959098100662231
24-08-1993,1.961663007736206,1.961663007736206,11298,1.9782589673995972,1.9782589673995972,1.0026391744613647
25-08-1993,1.9749399423599243,1.9749399423599243,3766,1.9749399423599243,1.9749399423599243,1.0009572505950928
26-08-1993,1.9749399423599243,1.9749399423599243,48957,2.011451005935669,2.011451005935669,1.0194616317749023
27-08-1993,2.0048129558563232,2.0048129558563232,79085,2.0048129558563232,2.0048129558563232,1.0160980224609375
30-08-1993,1.9782589673995972,1.9782589673995972,15064,1.9848979711532593,1.9848979711532593,1.0151469707489014
31-08-1993,1.9882169961929321,1.9882169961929321,22596,1.9948550462722778,1.9948550462722778,1.020239233970642
01-09-1993,1.9981739521026611,2.0048129558563232,67787,2.011451005935669,1.9981739521026611,1.0219365358352661
02-09-1993,2.0048129558563232,2.0048129558563232,37659,2.018090009689331,2.018090009689331,1.0321224927902222
03-09-1993,2.0048129558563232,2.011451005935669,7532,2.011451005935669,2.0048129558563232,1.0253322124481201
07-09-1993,2.011451005935669,2.011451005935669,11298,2.018090009689331,2.018090009689331,1.0321224927902222
08-09-1993,2.018090009689331,2.031367063522339,60255,2.0380051136016846,2.018090009689331,1.0321224927902222
09-09-1993,2.0048129558563232,2.011451005935669,48957,2.014770984649658,2.011451005935669,1.028727412223816
10-09-1993,2.0048129558563232,2.0048129558563232,203361,2.0048129558563232,2.0048129558563232,1.0253322124481201
13-09-1993,2.0048129558563232,2.0048129558563232,26362,2.018090009689331,2.014770984649658,1.0304254293441772
14-09-1993,2.018090009689331,2.021409034729004,45191,2.031367063522339,2.018090009689331,1.0321224927902222
15-09-1993,2.0247280597686768,2.0247280597686768,41425,2.0247280597686768,2.0247280597686768,1.0355175733566284
16-09-1993,2.0247280597686768,2.0247280597686768,0,2.0247280597686768,2.0247280597686768,1.0355175733566284
17-09-1993,2.011451005935669,2.018090009689331,26362,2.021409034729004,2.011451005935669,1.028727412223816
20-09-1993,1.9981739521026611,2.0048129558563232,120510,2.0048129558563232,1.9981739521026611,1.0219365358352661
21-09-1993,1.9948550462722778,1.9948550462722778,3766,1.9948550462722778,1.9948550462722778,1.020239233970642
22-09-1993,1.9848979711532593,1.9848979711532593,207127,1.991536021232605,1.991536021232605,1.0185421705245972
23-09-1993,1.9782589673995972,1.9848979711532593,37659,1.9848979711532593,1.9782589673995972,1.0117517709732056
24-09-1993,1.9848979711532593,1.9848979711532593,52723,1.9981739521026611,1.9981739521026611,1.0219365358352661
27-09-1993,1.9981739521026611,1.9981739521026611,3766,1.9981739521026611,1.9981739521026611,1.0219365358352661
28-09-1993,2.0048129558563232,2.0048129558563232,7532,2.0048129558563232,2.0048129558563232,1.0253322124481201
29-09-1993,1.991536021232605,1.9981739521026611,48957,1.9981739521026611,1.991536021232605,1.0185421705245972
30-09-1993,1.991536021232605,1.991536021232605,0,1.991536021232605,1.991536021232605,1.0185421705245972
01-10-1993,1.9848979711532593,1.9981739521026611,71553,2.0014939308166504,1.9848979711532593,1.0151469707489014
04-10-1993,1.9848979711532593,1.9848979711532593,26362,1.9848979711532593,1.9848979711532593,1.0151469707489014
05-10-1993,1.9848979711532593,1.9848979711532593,15064,1.9882169961929321,1.9882169961929321,1.0168447494506836
06-10-1993,1.9782589673995972,1.9782589673995972,90383,1.9848979711532593,1.9848979711532593,1.0151469707489014
07-10-1993,1.9848979711532593,1.9848979711532593,18830,1.9848979711532593,1.9848979711532593,1.0151469707489014
08-10-1993,1.9782589673995972,1.9782589673995972,26362,1.9782589673995972,1.9782589673995972,1.0117517709732056
11-10-1993,1.971621036529541,1.9782589673995972,192063,1.9782589673995972,1.9782589673995972,1.0117517709732056
12-10-1993,1.9749399423599243,1.9782589673995972,188297,1.9848979711532593,1.98157799243927,1.0134490728378296
13-10-1993,1.9882169961929321,1.9882169961929321,105446,1.9948550462722778,1.9948550462722778,1.020239233970642
14-10-1993,1.991536021232605,2.0014939308166504,143106,2.0048129558563232,2.0048129558563232,1.0253322124481201
15-10-1993,2.014770984649658,2.018090009689331,52723,2.018090009689331,2.018090009689331,1.0321224927902222
18-10-1993,2.021409034729004,2.021409034729004,7532,2.021409034729004,2.021409034729004,1.033820390701294
19-10-1993,2.018090009689331,2.018090009689331,3766,2.018090009689331,2.018090009689331,1.0321224927902222
20-10-1993,2.018090009689331,2.0247280597686768,71553,2.0280470848083496,2.0247280597686768,1.0355175733566284
21-10-1993,1.9981739521026611,2.0247280597686768,94148,2.0247280597686768,1.9981739521026611,1.0219365358352661
22-10-1993,1.991536021232605,1.991536021232605,22596,1.991536021232605,1.991536021232605,1.0185421705245972
25-10-1993,1.991536021232605,1.991536021232605,26362,1.9981739521026611,1.9981739521026611,1.0219365358352661
26-10-1993,1.9981739521026611,1.9981739521026611,0,1.9981739521026611,1.9981739521026611,1.0219365358352661
27-10-1993,1.9782589673995972,1.991536021232605,75319,1.991536021232605,1.9782589673995972,1.0117517709732056
28-10-1993,1.9749399423599243,1.9782589673995972,146872,1.9848979711532593,1.9848979711532593,1.0151469707489014
29-10-1993,1.9848979711532593,1.9848979711532593,18830,1.9848979711532593,1.9848979711532593,1.0151469707489014
01-11-1993,1.991536021232605,1.991536021232605,90383,1.991536021232605,1.991536021232605,1.0185421705245972
02-11-1993,1.9782589673995972,1.9782589673995972,659039,1.991536021232605,1.991536021232605,1.0185421705245972
03-11-1993,1.991536021232605,1.991536021232605,105446,1.9981739521026611,1.9981739521026611,1.0219365358352661
04-11-1993,1.991536021232605,1.991536021232605,33893,1.991536021232605,1.991536021232605,1.0185421705245972
05-11-1993,1.991536021232605,1.9948550462722778,353998,1.9948550462722778,1.991536021232605,1.0185421705245972
08-11-1993,1.9782589673995972,1.9848979711532593,86617,1.9848979711532593,1.9782589673995972,1.0117517709732056
09-11-1993,1.9848979711532593,1.9848979711532593,466976,1.991536021232605,1.9848979711532593,1.0151469707489014
10-11-1993,1.971621036529541,1.9782589673995972,180765,1.9782589673995972,1.9749399423599243,1.0100550651550293
11-11-1993,1.964982032775879,1.971621036529541,237254,1.9749399423599243,1.964982032775879,1.004961371421814
12-11-1993,1.9583439826965332,1.9583439826965332,41425,1.964982032775879,1.964982032775879,1.004961371421814
15-11-1993,1.951704978942871,1.951704978942871,37659,1.951704978942871,1.951704978942871,0.9981709718704224
16-11-1993,1.951704978942871,1.951704978942871,0,1.951704978942871,1.951704978942871,0.9981709718704224
17-11-1993,1.9185129404067993,1.945067048072815,451913,1.945067048072815,1.9218319654464722,0.9828928112983704
18-11-1993,1.9185129404067993,1.925150990486145,82851,1.9317899942398071,1.9185129404067993,0.9811952114105225
19-11-1993,1.9185129404067993,1.9185129404067993,0,1.9185129404067993,1.9185129404067993,0.9811952114105225
22-11-1993,1.9185129404067993,1.9185129404067993,0,1.9185129404067993,1.9185129404067993,0.9811952114105225
23-11-1993,1.908555030822754,1.925150990486145,158169,1.925150990486145,1.908555030822754,0.9761032462120056
24-11-1993,1.8985979557037354,1.915194034576416,101680,1.9185129404067993,1.8985979557037354,0.9710100293159485
26-11-1993,1.908555030822754,1.908555030822754,18830,1.908555030822754,1.908555030822754,0.9761032462120056
29-11-1993,1.9118750095367432,1.9185129404067993,120510,1.9185129404067993,1.9185129404067993,0.9811952114105225
30-11-1993,1.905236005783081,1.905236005783081,112978,1.905236005783081,1.905236005783081,0.984075665473938
01-12-1993,1.88864004611969,1.8919589519500732,229722,1.9019169807434082,1.895277976989746,0.9789323806762695
02-12-1993,1.8820010423660278,1.8919589519500732,82851,1.8919589519500732,1.885321021080017,0.9737889170646667
03-12-1993,1.885321021080017,1.885321021080017,45191,1.8919589519500732,1.8919589519500732,0.9772182106971741
06-12-1993,1.8985979557037354,1.8985979557037354,67787,1.8985979557037354,1.8985979557037354,0.9806467890739441
07-12-1993,1.8919589519500732,1.8919589519500732,267382,1.8985979557037354,1.8985979557037354,0.9806467890739441
08-12-1993,1.8985979557037354,1.8985979557037354,135574,1.8985979557037354,1.8985979557037354,0.9806467890739441
09-12-1993,1.878682017326355,1.905236005783081,146872,1.905236005783081,1.878682017326355,0.9703603982925415
10-12-1993,1.8654049634933472,1.8720439672470093,41425,1.8720439672470093,1.8654049634933472,0.9635023474693298
13-12-1993,1.848809003829956,1.858767032623291,146872,1.8820010423660278,1.8820010423660278,0.9720744490623474
14-12-1993,2.276988983154297,2.283627986907959,3513620,2.293586015701294,2.283627986907959,1.179518699645996
15-12-1993,2.283627986907959,2.283627986907959,651507,2.3101820945739746,2.3002240657806396,1.1880916357040405
16-12-1993,2.3002240657806396,2.3002240657806396,625146,2.3101820945739746,2.3101820945739746,1.193234920501709
17-12-1993,2.3135008811950684,2.316819906234741,564891,2.320138931274414,2.3135008811950684,1.1949485540390015
20-12-1993,2.3135008811950684,2.3135008811950684,410487,2.316819906234741,2.3135008811950684,1.1949485540390015
21-12-1993,2.3135008811950684,2.3135008811950684,994208,2.3234589099884033,2.320138931274414,1.1983774900436401
22-12-1993,2.320138931274414,2.3234589099884033,105446,2.3234589099884033,2.3234589099884033,1.2000925540924072
23-12-1993,2.320138931274414,2.3234589099884033,2316052,2.3234589099884033,2.320138931274414,1.1983774900436401
27-12-1993,2.320138931274414,2.3234589099884033,323871,2.3234589099884033,2.320138931274414,1.1983774900436401
28-12-1993,2.3135008811950684,2.316819906234741,357764,2.316819906234741,2.3135008811950684,1.1949485540390015
29-12-1993,2.3101820945739746,2.3101820945739746,229722,2.3135008811950684,2.3135008811950684,1.1949485540390015
30-12-1993,2.3135008811950684,2.3135008811950684,41425,2.316819906234741,2.316819906234741,1.1966630220413208
31-12-1993,2.316819906234741,2.316819906234741,22596,2.316819906234741,2.316819906234741,1.1966630220413208
03-01-1994,2.320138931274414,2.320138931274414,116744,2.326777935028076,2.320138931274414,1.1983774900436401
04-01-1994,2.3234589099884033,2.3234589099884033,150638,2.3234589099884033,2.3234589099884033,1.2000925540924072
05-01-1994,2.3234589099884033,2.330096960067749,1227696,2.330096960067749,2.330096960067749,1.2035205364227295
06-01-1994,2.333415985107422,2.333415985107422,802145,2.336735963821411,2.336735963821411,1.206950306892395
07-01-1994,2.336735963821411,2.336735963821411,707996,2.340054988861084,2.340054988861084,1.2086639404296875
10-01-1994,2.340054988861084,2.340054988861084,384126,2.3466930389404297,2.343374013900757,1.2103787660598755
11-01-1994,2.3466930389404297,2.3466930389404297,86617,2.3599700927734375,2.3599700927734375,1.2189505100250244
12-01-1994,2.3632891178131104,2.3632891178131104,184531,2.3632891178131104,2.3632891178131104,1.220664620399475
13-01-1994,2.3632891178131104,2.3632891178131104,515933,2.383204936981201,2.383204936981201,1.2309517860412598
14-01-1994,2.3566510677337646,2.383204936981201,75319,2.383204936981201,2.3566510677337646,1.2172362804412842
17-01-1994,2.3101820945739746,2.330096960067749,7532,2.330096960067749,2.3101820945739746,1.193234920501709
18-01-1994,2.3101820945739746,2.3101820945739746,0,2.3101820945739746,2.3101820945739746,1.193234920501709
19-01-1994,2.283627986907959,2.2902660369873047,48957,2.2902660369873047,2.283627986907959,1.179518699645996
20-01-1994,2.270350933074951,2.270350933074951,86617,2.270350933074951,2.270350933074951,1.1726619005203247
21-01-1994,2.2637128829956055,2.2637128829956055,7532,2.2637128829956055,2.2637128829956055,1.1692330837249756
24-01-1994,2.2504360675811768,2.2504360675811768,7532,2.2504360675811768,2.2504360675811768,1.1623754501342773
25-01-1994,2.2504360675811768,2.2504360675811768,11298,2.2504360675811768,2.2504360675811768,1.1623754501342773
26-01-1994,2.2504360675811768,2.2570741176605225,41425,2.2570741176605225,2.2504360675811768,1.1623754501342773
27-01-1994,2.237159013748169,2.2437970638275146,120510,2.276988983154297,2.276988983154297,1.176090121269226
28-01-1994,2.283627986907959,2.283627986907959,22596,2.283627986907959,2.283627986907959,1.179518699645996
31-01-1994,2.276988983154297,2.276988983154297,30128,2.283627986907959,2.283627986907959,1.179518699645996
01-02-1994,2.270350933074951,2.276988983154297,45191,2.283627986907959,2.283627986907959,1.179518699645996
02-02-1994,2.2902660369873047,2.2902660369873047,3766,2.2902660369873047,2.2902660369873047,1.182948350906372
03-02-1994,2.283627986907959,2.283627986907959,3766,2.283627986907959,2.283627986907959,1.179518699645996
04-02-1994,2.276988983154297,2.276988983154297,3766,2.276988983154297,2.276988983154297,1.176090121269226
07-02-1994,2.276988983154297,2.276988983154297,0,2.276988983154297,2.276988983154297,1.176090121269226
08-02-1994,2.276988983154297,2.276988983154297,0,2.276988983154297,2.276988983154297,1.176090121269226
09-02-1994,2.2504360675811768,2.270350933074951,143106,2.276988983154297,2.2570741176605225,1.165804147720337
10-02-1994,2.2504360675811768,2.2504360675811768,15064,2.2637128829956055,2.2637128829956055,1.1692330837249756
11-02-1994,2.270350933074951,2.270350933074951,7532,2.270350933074951,2.270350933074951,1.1726619005203247
14-02-1994,2.270350933074951,2.270350933074951,0,2.270350933074951,2.270350933074951,1.1726619005203247
15-02-1994,2.2637128829956055,2.2637128829956055,11298,2.2637128829956055,2.2637128829956055,1.1692330837249756
16-02-1994,2.2570741176605225,2.2637128829956055,45191,2.2637128829956055,2.2570741176605225,1.165804147720337
17-02-1994,2.2570741176605225,2.2570741176605225,0,2.2570741176605225,2.2570741176605225,1.165804147720337
18-02-1994,2.2570741176605225,2.2570741176605225,0,2.2570741176605225,2.2570741176605225,1.165804147720337
22-02-1994,2.2437970638275146,2.2570741176605225,56489,2.2570741176605225,2.2437970638275146,1.1589460372924805
23-02-1994,2.2437970638275146,2.2437970638275146,0,2.2437970638275146,2.2437970638275146,1.1589460372924805
24-02-1994,2.230520009994507,2.230520009994507,436849,2.2504360675811768,2.2504360675811768,1.1623754501342773
25-02-1994,2.230520009994507,2.2504360675811768,94148,2.2504360675811768,2.230520009994507,1.1520882844924927
28-02-1994,2.237159013748169,2.237159013748169,48957,2.2504360675811768,2.2437970638275146,1.1589460372924805
01-03-1994,2.2437970638275146,2.2504360675811768,15064,2.2504360675811768,2.2437970638275146,1.1589460372924805
02-03-1994,2.233839988708496,2.237159013748169,79085,2.2437970638275146,2.240478038787842,1.1572319269180298
03-03-1994,2.233839988708496,2.233839988708496,22596,2.240478038787842,2.233839988708496,1.1538033485412598
04-03-1994,2.213923931121826,2.213923931121826,0,2.213923931121826,2.213923931121826,1.1532500982284546
07-03-1994,2.213923931121826,2.213923931121826,15064,2.213923931121826,2.213923931121826,1.1532500982284546
08-03-1994,2.230520009994507,2.230520009994507,7532,2.237159013748169,2.237159013748169,1.1653525829315186
09-03-1994,2.2437970638275146,2.2504360675811768,18830,2.2504360675811768,2.2437970638275146,1.1688106060028076
10-03-1994,2.2437970638275146,2.2437970638275146,0,2.2437970638275146,2.2437970638275146,1.1688106060028076
11-03-1994,2.237159013748169,2.2437970638275146,22596,2.2437970638275146,2.237159013748169,1.1653525829315186
14-03-1994,2.230520009994507,2.237159013748169,26362,2.237159013748169,2.230520009994507,1.1618943214416504
15-03-1994,2.230520009994507,2.230520009994507,3766,2.230520009994507,2.230520009994507,1.1618943214416504
16-03-1994,2.237159013748169,2.237159013748169,7532,2.237159013748169,2.237159013748169,1.1653525829315186
17-03-1994,2.233839988708496,2.233839988708496,11298,2.240478038787842,2.240478038787842,1.1670818328857422
18-03-1994,2.233839988708496,2.233839988708496,26362,2.233839988708496,2.233839988708496,1.1636240482330322
21-03-1994,2.233839988708496,2.233839988708496,0,2.233839988708496,2.233839988708496,1.1636240482330322
22-03-1994,2.2437970638275146,2.2437970638275146,48957,2.2570741176605225,2.2437970638275146,1.1688106060028076
23-03-1994,2.2437970638275146,2.2437970638275146,0,2.2437970638275146,2.2437970638275146,1.1688106060028076
24-03-1994,2.237159013748169,2.2504360675811768,120510,2.2504360675811768,2.237159013748169,1.1653525829315186
25-03-1994,2.2437970638275146,2.2437970638275146,11298,2.2504360675811768,2.2504360675811768,1.1722691059112549
28-03-1994,2.2570741176605225,2.2570741176605225,18830,2.2570741176605225,2.2570741176605225,1.1757270097732544
29-03-1994,2.2637128829956055,2.2637128829956055,11298,2.270350933074951,2.270350933074951,1.1826430559158325
30-03-1994,2.270350933074951,2.270350933074951,0,2.270350933074951,2.270350933074951,1.1826430559158325
31-03-1994,2.2637128829956055,2.2637128829956055,37659,2.2637128829956055,2.2637128829956055,1.1791850328445435
04-04-1994,2.2504360675811768,2.2570741176605225,64021,2.2637128829956055,2.260392904281616,1.1774555444717407
05-04-1994,2.260392904281616,2.260392904281616,3766,2.260392904281616,2.260392904281616,1.1774555444717407
06-04-1994,2.260392904281616,2.260392904281616,7532,2.260392904281616,2.260392904281616,1.1774555444717407
07-04-1994,2.270350933074951,2.270350933074951,71553,2.283627986907959,2.276988983154297,1.1861004829406738
08-04-1994,2.270350933074951,2.270350933074951,18830,2.283627986907959,2.283627986907959,1.1895582675933838
11-04-1994,2.270350933074951,2.276988983154297,75319,2.276988983154297,2.270350933074951,1.1826430559158325
12-04-1994,2.2637128829956055,2.2637128829956055,52723,2.283627986907959,2.283627986907959,1.1895582675933838
13-04-1994,2.283627986907959,2.283627986907959,15064,2.2902660369873047,2.2902660369873047,1.1930171251296997
14-04-1994,2.296905040740967,2.296905040740967,22596,2.316819906234741,2.316819906234741,1.2068485021591187
15-04-1994,2.3135008811950684,2.3135008811950684,64021,2.343374013900757,2.343374013900757,1.2206809520721436
18-04-1994,2.343374013900757,2.343374013900757,3766,2.343374013900757,2.343374013900757,1.2206809520721436
19-04-1994,2.336735963821411,2.336735963821411,11298,2.3632891178131104,2.3632891178131104,1.231054425239563
20-04-1994,2.3699278831481934,2.3699278831481934,11298,2.376565933227539,2.3699278831481934,1.234513282775879
21-04-1994,2.3566510677337646,2.3566510677337646,75319,2.3566510677337646,2.3566510677337646,1.2275967597961426
22-04-1994,2.373246908187866,2.373246908187866,18830,2.373246908187866,2.373246908187866,1.2362419366836548
25-04-1994,2.379884958267212,2.379884958267212,105446,2.379884958267212,2.379884958267212,1.2396997213363647
26-04-1994,2.3632891178131104,2.373246908187866,79085,2.373246908187866,2.3632891178131104,1.231054425239563
28-04-1994,2.336735963821411,2.3500120639801025,22596,2.3500120639801025,2.336735963821411,1.2172232866287231
29-04-1994,2.330096960067749,2.330096960067749,67787,2.333415985107422,2.333415985107422,1.2154937982559204
02-05-1994,2.3500120639801025,2.3500120639801025,41425,2.3500120639801025,2.3500120639801025,1.2241387367248535
03-05-1994,2.3500120639801025,2.3500120639801025,11298,2.3566510677337646,2.3566510677337646,1.2275967597961426
04-05-1994,2.3566510677337646,2.3566510677337646,0,2.3566510677337646,2.3566510677337646,1.2275967597961426
05-05-1994,2.3566510677337646,2.3566510677337646,0,2.3566510677337646,2.3566510677337646,1.2275967597961426
06-05-1994,2.3566510677337646,2.3566510677337646,0,2.3566510677337646,2.3566510677337646,1.2275967597961426
09-05-1994,2.343374013900757,2.3500120639801025,18830,2.3500120639801025,2.343374013900757,1.2206809520721436
10-05-1994,2.3466930389404297,2.3466930389404297,26362,2.3566510677337646,2.3566510677337646,1.2275967597961426
11-05-1994,2.3632891178131104,2.3632891178131104,184531,2.396481990814209,2.396481990814209,1.2483453750610352
12-05-1994,2.376565933227539,2.3931620121002197,60255,2.3931620121002197,2.376565933227539,1.237971544265747
13-05-1994,2.383204936981201,2.383204936981201,15064,2.389842987060547,2.389842987060547,1.2448865175247192
16-05-1994,2.383204936981201,2.389842987060547,11298,2.389842987060547,2.383204936981201,1.241429090499878
17-05-1994,2.383204936981201,2.383204936981201,7532,2.383204936981201,2.383204936981201,1.241429090499878
18-05-1994,2.389842987060547,2.389842987060547,18830,2.389842987060547,2.389842987060547,1.2448865175247192
19-05-1994,2.383204936981201,2.389842987060547,7532,2.389842987060547,2.383204936981201,1.241429090499878
20-05-1994,2.389842987060547,2.389842987060547,11298,2.389842987060547,2.389842987060547,1.2448865175247192
23-05-1994,2.376565933227539,2.383204936981201,26362,2.383204936981201,2.376565933227539,1.237971544265747
24-05-1994,2.3632891178131104,2.376565933227539,22596,2.376565933227539,2.3632891178131104,1.231054425239563
25-05-1994,2.336735963821411,2.336735963821411,75319,2.336735963821411,2.336735963821411,1.2172232866287231
26-05-1994,2.330096960067749,2.330096960067749,7532,2.333415985107422,2.333415985107422,1.2154937982559204
27-05-1994,2.333415985107422,2.333415985107422,0,2.333415985107422,2.333415985107422,1.2154937982559204
31-05-1994,2.3002240657806396,2.3500120639801025,18830,2.3500120639801025,2.3002240657806396,1.1982041597366333
01-06-1994,2.3002240657806396,2.3002240657806396,7532,2.3002240657806396,2.3002240657806396,1.1982041597366333
02-06-1994,2.270350933074951,2.320138931274414,18830,2.330096960067749,2.280308961868286,1.1878299713134766
03-06-1994,2.3002240657806396,2.3002240657806396,55234,2.320138931274414,2.320138931274414,1.2085775136947632
06-06-1994,2.330096960067749,2.330096960067749,47702,2.3500120639801025,2.3500120639801025,1.2241387367248535
07-06-1994,2.3101820945739746,2.3101820945739746,13808,2.330096960067749,2.330096960067749,1.2137644290924072
08-06-1994,2.2902660369873047,2.3002240657806396,115489,2.3002240657806396,2.3002240657806396,1.2080333232879639
09-06-1994,2.280308961868286,2.280308961868286,138084,2.280308961868286,2.280308961868286,1.197574257850647
10-06-1994,2.2902660369873047,2.3002240657806396,8787,2.3101820945739746,2.2902660369873047,1.2028039693832397
13-06-1994,2.270350933074951,2.2902660369873047,102936,2.2902660369873047,2.270350933074951,1.1923444271087646
14-06-1994,2.230520009994507,2.270350933074951,119255,2.270350933074951,2.230520009994507,1.171425700187683
15-06-1994,2.230520009994507,2.230520009994507,106702,2.2504360675811768,2.230520009994507,1.171425700187683
16-06-1994,2.180732011795044,2.230520009994507,107957,2.230520009994507,2.180732011795044,1.1452784538269043
17-06-1994,2.1508591175079346,2.1508591175079346,53978,2.1608169078826904,2.1608169078826904,1.1348185539245605
20-06-1994,2.1309430599212646,2.170773983001709,41425,2.170773983001709,2.1508591175079346,1.1295890808105469
21-06-1994,2.1608169078826904,2.1608169078826904,1255,2.1608169078826904,2.1608169078826904,1.1348185539245605
22-06-1994,2.1608169078826904,2.1608169078826904,12553,2.2205629348754883,2.2205629348754883,1.1661964654922485
23-06-1994,2.230520009994507,2.240478038787842,36404,2.260392904281616,2.230520009994507,1.171425700187683
24-06-1994,2.2106049060821533,2.2106049060821533,1255,2.2106049060821533,2.2106049060821533,1.1609673500061035
27-06-1994,2.1409010887145996,2.190690040588379,87872,2.190690040588379,2.170773983001709,1.140048623085022
28-06-1994,2.170773983001709,2.170773983001709,10043,2.230520009994507,2.230520009994507,1.171425700187683
29-06-1994,2.230520009994507,2.230520009994507,0,2.230520009994507,2.230520009994507,1.171425700187683
30-06-1994,2.170773983001709,2.2106049060821533,42681,2.2106049060821533,2.2106049060821533,1.1609673500061035
01-07-1994,2.2006471157073975,2.2106049060821533,57744,2.230520009994507,2.2006471157073975,1.1557374000549316
05-07-1994,2.180732011795044,2.180732011795044,11298,2.180732011795044,2.180732011795044,1.1452784538269043
06-07-1994,2.180732011795044,2.180732011795044,0,2.180732011795044,2.180732011795044,1.1452784538269043
07-07-1994,2.190690040588379,2.190690040588379,28872,2.2006471157073975,2.2006471157073975,1.1557374000549316
08-07-1994,2.190690040588379,2.190690040588379,18830,2.190690040588379,2.190690040588379,1.1505084037780762
11-07-1994,2.190690040588379,2.2106049060821533,38915,2.2106049060821533,2.190690040588379,1.1505084037780762
12-07-1994,2.2106049060821533,2.2106049060821533,15064,2.2106049060821533,2.2106049060821533,1.1609673500061035
13-07-1994,2.230520009994507,2.230520009994507,8787,2.230520009994507,2.230520009994507,1.171425700187683
14-07-1994,2.230520009994507,2.230520009994507,1255,2.230520009994507,2.230520009994507,1.171425700187683
15-07-1994,2.2006471157073975,2.2106049060821533,90383,2.230520009994507,2.230520009994507,1.171425700187683
18-07-1994,2.2106049060821533,2.2106049060821533,7532,2.230520009994507,2.230520009994507,1.171425700187683
19-07-1994,2.240478038787842,2.240478038787842,2511,2.240478038787842,2.240478038787842,1.1766560077667236
20-07-1994,2.230520009994507,2.230520009994507,2511,2.230520009994507,2.230520009994507,1.171425700187683
21-07-1994,2.2504360675811768,2.2504360675811768,1255,2.2504360675811768,2.2504360675811768,1.1818852424621582
22-07-1994,2.2504360675811768,2.2504360675811768,0,2.2504360675811768,2.2504360675811768,1.1818852424621582
25-07-1994,2.2504360675811768,2.2504360675811768,0,2.2504360675811768,2.2504360675811768,1.1818852424621582
26-07-1994,2.2504360675811768,2.2504360675811768,104191,2.270350933074951,2.270350933074951,1.1923444271087646
27-07-1994,2.230520009994507,2.2504360675811768,141850,2.2504360675811768,2.230520009994507,1.171425700187683
28-07-1994,2.230520009994507,2.230520009994507,47702,2.240478038787842,2.230520009994507,1.171425700187683
29-07-1994,2.230520009994507,2.230520009994507,79085,2.230520009994507,2.230520009994507,1.171425700187683
01-08-1994,2.2504360675811768,2.2504360675811768,7532,2.2504360675811768,2.2504360675811768,1.1818852424621582
02-08-1994,2.2504360675811768,2.260392904281616,6277,2.260392904281616,2.2504360675811768,1.1818852424621582
03-08-1994,2.230520009994507,2.230520009994507,151893,2.230520009994507,2.230520009994507,1.171425700187683
04-08-1994,2.230520009994507,2.230520009994507,0,2.230520009994507,2.230520009994507,1.171425700187683
05-08-1994,2.230520009994507,2.230520009994507,82851,2.2504360675811768,2.2504360675811768,1.1818852424621582
08-08-1994,2.240478038787842,2.260392904281616,52723,2.270350933074951,2.2504360675811768,1.1818852424621582
09-08-1994,2.2504360675811768,2.2504360675811768,0,2.2504360675811768,2.2504360675811768,1.1818852424621582
10-08-1994,2.260392904281616,2.260392904281616,2511,2.260392904281616,2.260392904281616,1.1871148347854614
11-08-1994,2.2504360675811768,2.2504360675811768,1255,2.2504360675811768,2.2504360675811768,1.1818852424621582
12-08-1994,2.270350933074951,2.270350933074951,1255,2.270350933074951,2.270350933074951,1.1923444271087646
15-08-1994,2.270350933074951,2.270350933074951,30128,2.3101820945739746,2.3101820945739746,1.2132635116577148
16-08-1994,2.270350933074951,2.2902660369873047,13808,2.2902660369873047,2.270350933074951,1.1923444271087646
17-08-1994,2.270350933074951,2.270350933074951,0,2.270350933074951,2.270350933074951,1.1923444271087646
18-08-1994,2.2504360675811768,2.2504360675811768,16319,2.2504360675811768,2.2504360675811768,1.1818852424621582
19-08-1994,2.230520009994507,2.230520009994507,22596,2.230520009994507,2.230520009994507,1.171425700187683
22-08-1994,2.1608169078826904,2.2106049060821533,64021,2.2106049060821533,2.180732011795044,1.1452784538269043
23-08-1994,2.170773983001709,2.190690040588379,28872,2.2106049060821533,2.2106049060821533,1.1609673500061035
24-08-1994,2.230520009994507,2.230520009994507,2511,2.230520009994507,2.230520009994507,1.171425700187683
25-08-1994,2.2504360675811768,2.2504360675811768,57744,2.2902660369873047,2.2902660369873047,1.2028039693832397
26-08-1994,2.3002240657806396,2.3002240657806396,124276,2.3101820945739746,2.3101820945739746,1.2132635116577148
29-08-1994,2.320138931274414,2.320138931274414,87872,2.399801015853882,2.3699278831481934,1.2446402311325073
30-08-1994,2.3699278831481934,2.3699278831481934,6277,2.3699278831481934,2.3699278831481934,1.254677414894104
31-08-1994,2.379884958267212,2.379884958267212,12553,2.389842987060547,2.389842987060547,1.2652204036712646
01-09-1994,2.379884958267212,2.379884958267212,28872,2.4197158813476562,2.389842987060547,1.2652204036712646
02-09-1994,2.340054988861084,2.389842987060547,105446,2.389842987060547,2.340054988861084,1.2388619184494019
06-09-1994,2.340054988861084,2.340054988861084,0,2.340054988861084,2.340054988861084,1.2388619184494019
07-09-1994,2.320138931274414,2.320138931274414,1255,2.320138931274414,2.320138931274414,1.228318452835083
08-09-1994,2.340054988861084,2.340054988861084,2511,2.340054988861084,2.340054988861084,1.2388619184494019
09-09-1994,2.3002240657806396,2.320138931274414,213403,2.320138931274414,2.3101820945739746,1.2230472564697266
12-09-1994,2.3101820945739746,2.3101820945739746,182020,2.3101820945739746,2.3101820945739746,1.2230472564697266
13-09-1994,2.2902660369873047,2.3101820945739746,27617,2.3101820945739746,2.2902660369873047,1.2125036716461182
14-09-1994,2.230520009994507,2.270350933074951,46447,2.270350933074951,2.2504360675811768,1.1914165019989014
15-09-1994,2.2504360675811768,2.2504360675811768,230978,2.270350933074951,2.270350933074951,1.2019599676132202
16-09-1994,2.2504360675811768,2.260392904281616,160680,2.260392904281616,2.2504360675811768,1.1914165019989014
19-09-1994,2.2504360675811768,2.260392904281616,17574,2.260392904281616,2.260392904281616,1.1966876983642578
20-09-1994,2.190690040588379,2.2504360675811768,27617,2.2504360675811768,2.190690040588379,1.159786343574524
21-09-1994,2.170773983001709,2.170773983001709,28872,2.190690040588379,2.170773983001709,1.1492424011230469
22-09-1994,2.170773983001709,2.180732011795044,31383,2.2006471157073975,2.2006471157073975,1.1650575399398804
23-09-1994,2.2006471157073975,2.2006471157073975,17574,2.230520009994507,2.230520009994507,1.1808726787567139
26-09-1994,2.2106049060821533,2.2106049060821533,121765,2.2205629348754883,2.2205629348754883,1.1756007671356201
27-09-1994,2.230520009994507,2.230520009994507,114233,2.2504360675811768,2.2504360675811768,1.1914165019989014
28-09-1994,2.2504360675811768,2.2504360675811768,16319,2.2504360675811768,2.2504360675811768,1.1914165019989014
29-09-1994,2.230520009994507,2.2504360675811768,119255,2.2504360675811768,2.230520009994507,1.1808726787567139
30-09-1994,2.2006471157073975,2.2205629348754883,20085,2.2205629348754883,2.2006471157073975,1.1650575399398804
03-10-1994,2.180732011795044,2.2006471157073975,53978,2.2106049060821533,2.190690040588379,1.159786343574524
04-10-1994,2.170773983001709,2.190690040588379,6277,2.190690040588379,2.170773983001709,1.1492424011230469
05-10-1994,2.1508591175079346,2.1508591175079346,1255,2.1508591175079346,2.1508591175079346,1.1386984586715698
06-10-1994,2.1309430599212646,2.170773983001709,20085,2.170773983001709,2.1508591175079346,1.1386984586715698
07-10-1994,2.1309430599212646,2.1309430599212646,3766,2.1508591175079346,2.1508591175079346,1.1386984586715698
10-10-1994,2.1508591175079346,2.1508591175079346,0,2.1508591175079346,2.1508591175079346,1.1386984586715698
11-10-1994,2.1508591175079346,2.1508591175079346,45191,2.2006471157073975,2.2006471157073975,1.1650575399398804
12-10-1994,2.2106049060821533,2.2106049060821533,10043,2.230520009994507,2.230520009994507,1.1808726787567139
13-10-1994,2.270350933074951,2.270350933074951,21340,2.3101820945739746,2.2902660369873047,1.2125036716461182
14-10-1994,2.3002240657806396,2.3101820945739746,13808,2.320138931274414,2.3002240657806396,1.2177751064300537
17-10-1994,2.280308961868286,2.2902660369873047,143106,2.3002240657806396,2.3002240657806396,1.2177751064300537
18-10-1994,2.3002240657806396,2.3002240657806396,0,2.3002240657806396,2.3002240657806396,1.2177751064300537
19-10-1994,2.280308961868286,2.280308961868286,5021,2.280308961868286,2.280308961868286,1.207231879234314
20-10-1994,2.280308961868286,2.280308961868286,0,2.280308961868286,2.280308961868286,1.207231879234314
21-10-1994,2.2504360675811768,2.260392904281616,31383,2.270350933074951,2.2504360675811768,1.1914165019989014
24-10-1994,2.2504360675811768,2.2504360675811768,56489,2.3101820945739746,2.3101820945739746,1.2230472564697266
25-10-1994,2.260392904281616,2.2902660369873047,72808,2.2902660369873047,2.2902660369873047,1.2125036716461182
26-10-1994,2.2902660369873047,2.2902660369873047,0,2.2902660369873047,2.2902660369873047,1.2125036716461182
27-10-1994,2.270350933074951,2.270350933074951,26362,2.2902660369873047,2.2902660369873047,1.2125036716461182
28-10-1994,2.3101820945739746,2.3101820945739746,40170,2.379884958267212,2.340054988861084,1.2388619184494019
31-10-1994,2.3699278831481934,2.3699278831481934,17574,2.4595470428466797,2.4495890140533447,1.296850323677063
01-11-1994,2.389842987060547,2.4695050716400146,28872,2.4695050716400146,2.389842987060547,1.2652204036712646
02-11-1994,2.389842987060547,2.389842987060547,1255,2.389842987060547,2.389842987060547,1.2652204036712646
03-11-1994,2.3699278831481934,2.3699278831481934,2511,2.3699278831481934,2.3699278831481934,1.254677414894104
04-11-1994,2.280308961868286,2.330096960067749,96659,2.330096960067749,2.280308961868286,1.207231879234314
07-11-1994,2.270350933074951,2.2902660369873047,45191,2.2902660369873047,2.2902660369873047,1.2125036716461182
08-11-1994,2.270350933074951,2.270350933074951,2511,2.270350933074951,2.270350933074951,1.2019599676132202
09-11-1994,2.2902660369873047,2.2902660369873047,8787,2.3002240657806396,2.3002240657806396,1.2177751064300537
10-11-1994,2.280308961868286,2.3002240657806396,64021,2.3002240657806396,2.3002240657806396,1.2177751064300537
11-11-1994,2.280308961868286,2.280308961868286,12553,2.280308961868286,2.280308961868286,1.207231879234314
14-11-1994,2.2902660369873047,2.2902660369873047,1255,2.2902660369873047,2.2902660369873047,1.2125036716461182
15-11-1994,2.3101820945739746,2.3101820945739746,33893,2.3599700927734375,2.330096960067749,1.2335903644561768
16-11-1994,2.320138931274414,2.330096960067749,21340,2.330096960067749,2.320138931274414,1.228318452835083
17-11-1994,2.320138931274414,2.320138931274414,0,2.320138931274414,2.320138931274414,1.228318452835083
18-11-1994,2.3002240657806396,2.3002240657806396,21340,2.330096960067749,2.3101820945739746,1.2230472564697266
21-11-1994,2.330096960067749,2.330096960067749,27617,2.389842987060547,2.389842987060547,1.2652204036712646
22-11-1994,2.389842987060547,2.389842987060547,26362,2.4695050716400146,2.429673910140991,1.2863082885742188
23-11-1994,2.389842987060547,2.409759044647217,22596,2.409759044647217,2.389842987060547,1.2652204036712646
25-11-1994,2.3699278831481934,2.3699278831481934,6277,2.3699278831481934,2.3699278831481934,1.254677414894104
28-11-1994,2.3500120639801025,2.3599700927734375,3766,2.3599700927734375,2.3500120639801025,1.2545921802520752
29-11-1994,2.320138931274414,2.340054988861084,239765,2.389842987060547,2.3500120639801025,1.2545921802520752
30-11-1994,2.3500120639801025,2.3500120639801025,0,2.3500120639801025,2.3500120639801025,1.2545921802520752
01-12-1994,2.3101820945739746,2.3500120639801025,42681,2.3500120639801025,2.330096960067749,1.243959665298462
02-12-1994,2.2902660369873047,2.330096960067749,25106,2.3500120639801025,2.3500120639801025,1.2545921802520752
05-12-1994,2.330096960067749,2.330096960067749,27617,2.3599700927734375,2.3599700927734375,1.2599083185195923
06-12-1994,2.3599700927734375,2.3599700927734375,0,2.3599700927734375,2.3599700927734375,1.2599083185195923
07-12-1994,2.330096960067749,2.330096960067749,1255,2.330096960067749,2.330096960067749,1.243959665298462
08-12-1994,2.340054988861084,2.3500120639801025,112978,2.409759044647217,2.389842987060547,1.2758564949035645
09-12-1994,2.3599700927734375,2.3699278831481934,48957,2.4197158813476562,2.4197158813476562,1.291805386543274
12-12-1994,2.4495890140533447,2.4495890140533447,3766,2.4695050716400146,2.4695050716400146,1.318385362625122
13-12-1994,2.489419937133789,2.489419937133789,5021,2.5093350410461426,2.5093350410461426,1.3396486043930054
14-12-1994,2.5292510986328125,2.5292510986328125,13808,2.5690810680389404,2.5690810680389404,1.3715455532073975
15-12-1994,2.5093350410461426,2.559123992919922,6277,2.559123992919922,2.5093350410461426,1.3396486043930054
16-12-1994,2.489419937133789,2.5093350410461426,6277,2.5093350410461426,2.489419937133789,1.329017162322998
19-12-1994,2.489419937133789,2.489419937133789,0,2.489419937133789,2.489419937133789,1.329017162322998
20-12-1994,2.4495890140533447,2.4695050716400146,11298,2.4695050716400146,2.4495890140533447,1.3077529668807983
21-12-1994,2.429673910140991,2.429673910140991,256084,2.4495890140533447,2.4495890140533447,1.3077529668807983
22-12-1994,2.439631938934326,2.439631938934326,3766,2.439631938934326,2.439631938934326,1.3024370670318604
23-12-1994,2.439631938934326,2.439631938934326,0,2.439631938934326,2.439631938934326,1.3024370670318604
27-12-1994,2.409759044647217,2.4595470428466797,11298,2.4695050716400146,2.409759044647217,1.2864887714385986
28-12-1994,2.3699278831481934,2.389842987060547,2511,2.389842987060547,2.3699278831481934,1.2652246952056885
29-12-1994,2.389842987060547,2.389842987060547,115489,2.4695050716400146,2.4695050716400146,1.318385362625122
30-12-1994,2.4695050716400146,2.4695050716400146,251063,2.4695050716400146,2.4695050716400146,1.318385362625122
03-01-1995,2.489419937133789,2.489419937133789,6277,2.5093350410461426,2.5093350410461426,1.3396486043930054
04-01-1995,2.489419937133789,2.489419937133789,5021,2.489419937133789,2.489419937133789,1.329017162322998
05-01-1995,2.4495890140533447,2.489419937133789,41425,2.489419937133789,2.4695050716400146,1.318385362625122
06-01-1995,2.429673910140991,2.4495890140533447,20085,2.4495890140533447,2.429673910140991,1.2971205711364746
09-01-1995,2.429673910140991,2.429673910140991,6277,2.429673910140991,2.429673910140991,1.2971205711364746
10-01-1995,2.4495890140533447,2.4595470428466797,16319,2.4695050716400146,2.4495890140533447,1.3077529668807983
11-01-1995,2.4197158813476562,2.4495890140533447,25106,2.4495890140533447,2.4197158813476562,1.291805386543274
12-01-1995,2.389842987060547,2.399801015853882,5021,2.399801015853882,2.389842987060547,1.2758564949035645
13-01-1995,2.389842987060547,2.409759044647217,171978,2.439631938934326,2.429673910140991,1.2971205711364746
16-01-1995,2.389842987060547,2.429673910140991,17574,2.429673910140991,2.389842987060547,1.2758564949035645
17-01-1995,2.379884958267212,2.379884958267212,17574,2.409759044647217,2.409759044647217,1.2864887714385986
18-01-1995,2.399801015853882,2.4197158813476562,16319,2.4197158813476562,2.409759044647217,1.2864887714385986
19-01-1995,2.429673910140991,2.429673910140991,2511,2.429673910140991,2.429673910140991,1.2971205711364746
20-01-1995,2.4495890140533447,2.4495890140533447,3766,2.4495890140533447,2.4495890140533447,1.3077529668807983
23-01-1995,2.4595470428466797,2.4695050716400146,18830,2.489419937133789,2.4595470428466797,1.3130687475204468
24-01-1995,2.4695050716400146,2.479461908340454,7532,2.479461908340454,2.4695050716400146,1.318385362625122
25-01-1995,2.429673910140991,2.4695050716400146,64021,2.4695050716400146,2.429673910140991,1.2971205711364746
26-01-1995,2.429673910140991,2.429673910140991,3766,2.429673910140991,2.429673910140991,1.2971205711364746
27-01-1995,2.4495890140533447,2.4495890140533447,37659,2.499377965927124,2.489419937133789,1.329017162322998
30-01-1995,2.4695050716400146,2.4695050716400146,1255,2.4695050716400146,2.4695050716400146,1.318385362625122
31-01-1995,2.4495890140533447,2.489419937133789,20085,2.499377965927124,2.4495890140533447,1.3077529668807983
01-02-1995,2.4695050716400146,2.4695050716400146,3766,2.4695050716400146,2.4695050716400146,1.318385362625122
02-02-1995,2.4495890140533447,2.4495890140533447,5021,2.4495890140533447,2.4495890140533447,1.3077529668807983
03-02-1995,2.4695050716400146,2.4695050716400146,52723,2.5093350410461426,2.5093350410461426,1.3396486043930054
06-02-1995,2.5093350410461426,2.5093350410461426,1255,2.5093350410461426,2.5093350410461426,1.3396486043930054
07-02-1995,2.5093350410461426,2.5192930698394775,10043,2.5192930698394775,2.5093350410461426,1.3396486043930054
08-02-1995,2.5292510986328125,2.5292510986328125,37659,2.549165964126587,2.549165964126587,1.3609132766723633
09-02-1995,2.5292510986328125,2.5292510986328125,2511,2.5292510986328125,2.5292510986328125,1.350281834602356
10-02-1995,2.5093350410461426,2.5093350410461426,6277,2.5292510986328125,2.5292510986328125,1.350281834602356
13-02-1995,2.549165964126587,2.549165964126587,1255,2.549165964126587,2.549165964126587,1.3609132766723633
14-02-1995,2.539207935333252,2.539207935333252,12553,2.5690810680389404,2.5690810680389404,1.3715455532073975
15-02-1995,2.5889968872070312,2.5889968872070312,1255,2.5889968872070312,2.5889968872070312,1.382177710533142
16-02-1995,2.549165964126587,2.5690810680389404,6277,2.5690810680389404,2.5690810680389404,1.3715455532073975
17-02-1995,2.549165964126587,2.5889968872070312,5021,2.5889968872070312,2.549165964126587,1.3609132766723633
21-02-1995,2.5690810680389404,2.5690810680389404,6277,2.5690810680389404,2.5690810680389404,1.3715455532073975
22-02-1995,2.5292510986328125,2.549165964126587,10043,2.549165964126587,2.5292510986328125,1.350281834602356
23-02-1995,2.539207935333252,2.539207935333252,1255,2.539207935333252,2.539207935333252,1.3555970191955566
24-02-1995,2.539207935333252,2.539207935333252,22596,2.6089119911193848,2.6089119911193848,1.3928102254867554
27-02-1995,2.6089119911193848,2.6089119911193848,0,2.6089119911193848,2.6089119911193848,1.3928102254867554
28-02-1995,2.6188700199127197,2.6188700199127197,2511,2.6188700199127197,2.6188700199127197,1.3981266021728516
01-03-1995,2.6089119911193848,2.6188700199127197,13808,2.6288270950317383,2.6089119911193848,1.3928102254867554
02-03-1995,2.5690810680389404,2.5889968872070312,11298,2.5889968872070312,2.5690810680389404,1.3715455532073975
03-03-1995,2.5690810680389404,2.5690810680389404,23851,2.59895396232605,2.5790390968322754,1.3875316381454468
06-03-1995,2.5790390968322754,2.5790390968322754,28872,2.6188700199127197,2.6188700199127197,1.4089610576629639
07-03-1995,2.5889968872070312,2.59895396232605,31383,2.59895396232605,2.5889968872070312,1.3928889036178589
08-03-1995,2.5889968872070312,2.5889968872070312,2511,2.5889968872070312,2.5889968872070312,1.3928889036178589
09-03-1995,2.5790390968322754,2.5790390968322754,12553,2.5889968872070312,2.5889968872070312,1.3928889036178589
10-03-1995,2.6089119911193848,2.6089119911193848,5021,2.6288270950317383,2.6288270950317383,1.4143176078796387
13-03-1995,2.648742914199829,2.648742914199829,6277,2.6786160469055176,2.6786160469055176,1.4411052465438843
14-03-1995,2.698530912399292,2.698530912399292,12553,2.708488941192627,2.708488941192627,1.4571763277053833
15-03-1995,2.6288270950317383,2.6885740756988525,18830,2.6885740756988525,2.6288270950317383,1.4143176078796387
16-03-1995,2.6089119911193848,2.6089119911193848,65276,2.6089119911193848,2.6089119911193848,1.403603434562683
17-03-1995,2.648742914199829,2.648742914199829,76574,2.6686580181121826,2.6686580181121826,1.4357467889785767
20-03-1995,2.5690810680389404,2.648742914199829,18830,2.648742914199829,2.5690810680389404,1.3821738958358765
21-03-1995,2.5690810680389404,2.5690810680389404,16319,2.6089119911193848,2.6089119911193848,1.403603434562683
22-03-1995,2.5690810680389404,2.5889968872070312,23851,2.5889968872070312,2.5690810680389404,1.3821738958358765
23-03-1995,2.559123992919922,2.559123992919922,5021,2.559123992919922,2.559123992919922,1.3768174648284912
24-03-1995,2.5790390968322754,2.5790390968322754,8787,2.6288270950317383,2.6288270950317383,1.4143176078796387
27-03-1995,2.5889968872070312,2.6089119911193848,27617,2.6288270950317383,2.6288270950317383,1.4143176078796387
28-03-1995,2.6288270950317383,2.6288270950317383,3766,2.648742914199829,2.648742914199829,1.4250333309173584
29-03-1995,2.6686580181121826,2.6686580181121826,52723,2.708488941192627,2.708488941192627,1.4571763277053833
30-03-1995,2.6786160469055176,2.708488941192627,61510,2.708488941192627,2.6786160469055176,1.4411052465438843
31-03-1995,2.6686580181121826,2.6786160469055176,277424,2.698530912399292,2.6786160469055176,1.4411052465438843
03-04-1995,2.6885740756988525,2.698530912399292,32638,2.718446969985962,2.718446969985962,1.4625340700149536
04-04-1995,2.718446969985962,2.718446969985962,2511,2.718446969985962,2.718446969985962,1.4625340700149536
05-04-1995,2.6885740756988525,2.698530912399292,5021,2.698530912399292,2.6885740756988525,1.4464622735977173
06-04-1995,2.6885740756988525,2.6885740756988525,2511,2.6885740756988525,2.6885740756988525,1.4464622735977173
07-04-1995,2.6885740756988525,2.6885740756988525,0,2.6885740756988525,2.6885740756988525,1.4464622735977173
10-04-1995,2.6786160469055176,2.6885740756988525,33893,2.708488941192627,2.6786160469055176,1.4411052465438843
11-04-1995,2.6885740756988525,2.6885740756988525,70298,2.708488941192627,2.6885740756988525,1.4464622735977173
12-04-1995,2.6686580181121826,2.6686580181121826,31383,2.6686580181121826,2.6686580181121826,1.4357467889785767
13-04-1995,2.6686580181121826,2.6686580181121826,195829,2.708488941192627,2.6885740756988525,1.4464622735977173
17-04-1995,2.5889968872070312,2.708488941192627,95404,2.708488941192627,2.5889968872070312,1.3928889036178589
18-04-1995,2.5790390968322754,2.5790390968322754,3766,2.5790390968322754,2.5790390968322754,1.3875316381454468
19-04-1995,2.559123992919922,2.5690810680389404,2511,2.5690810680389404,2.559123992919922,1.3768174648284912
20-04-1995,2.549165964126587,2.549165964126587,3766,2.549165964126587,2.549165964126587,1.3714600801467896
21-04-1995,2.5093350410461426,2.5292510986328125,13808,2.5292510986328125,2.5192930698394775,1.3553876876831055
24-04-1995,2.549165964126587,2.549165964126587,74063,2.648742914199829,2.648742914199829,1.4250333309173584
25-04-1995,2.5889968872070312,2.6089119911193848,25106,2.6089119911193848,2.5889968872070312,1.3928889036178589
26-04-1995,2.5889968872070312,2.5889968872070312,3766,2.59895396232605,2.59895396232605,1.398245930671692
27-04-1995,2.59895396232605,2.6188700199127197,3766,2.6188700199127197,2.59895396232605,1.398245930671692
28-04-1995,2.5889968872070312,2.6188700199127197,11298,2.6188700199127197,2.5889968872070312,1.3928889036178589
01-05-1995,2.5889968872070312,2.59895396232605,3766,2.59895396232605,2.5889968872070312,1.3928889036178589
02-05-1995,2.6089119911193848,2.6089119911193848,1255,2.6089119911193848,2.6089119911193848,1.403603434562683
03-05-1995,2.6288270950317383,2.6288270950317383,16319,2.6686580181121826,2.658700942993164,1.43039071559906
04-05-1995,2.658700942993164,2.658700942993164,28872,2.658700942993164,2.658700942993164,1.43039071559906
05-05-1995,2.658700942993164,2.658700942993164,0,2.658700942993164,2.658700942993164,1.43039071559906
08-05-1995,2.648742914199829,2.6786160469055176,52723,2.6885740756988525,2.6686580181121826,1.4357467889785767
09-05-1995,2.6686580181121826,2.6686580181121826,12553,2.6686580181121826,2.6686580181121826,1.4357467889785767
10-05-1995,2.648742914199829,2.648742914199829,1255,2.648742914199829,2.648742914199829,1.4250333309173584
11-05-1995,2.6089119911193848,2.6288270950317383,38915,2.6288270950317383,2.6188700199127197,1.4089610576629639
12-05-1995,2.6188700199127197,2.6288270950317383,32638,2.658700942993164,2.658700942993164,1.43039071559906
15-05-1995,2.6686580181121826,2.6686580181121826,18830,2.7483201026916504,2.7483201026916504,1.4786057472229004
16-05-1995,2.7483201026916504,2.768234968185425,16319,2.7781929969787598,2.768234968185425,1.4893203973770142
17-05-1995,2.7284040451049805,2.7781929969787598,23851,2.7781929969787598,2.7284040451049805,1.467890977859497
18-05-1995,2.708488941192627,2.708488941192627,55234,2.7284040451049805,2.7284040451049805,1.467890977859497
19-05-1995,2.6686580181121826,2.7284040451049805,64021,2.7284040451049805,2.6786160469055176,1.4411052465438843
22-05-1995,2.658700942993164,2.698530912399292,17574,2.698530912399292,2.658700942993164,1.43039071559906
23-05-1995,2.6089119911193848,2.658700942993164,48957,2.658700942993164,2.6288270950317383,1.4143176078796387
24-05-1995,2.6288270950317383,2.6288270950317383,31383,2.6288270950317383,2.6288270950317383,1.4143176078796387
25-05-1995,2.5690810680389404,2.6089119911193848,18830,2.6089119911193848,2.5690810680389404,1.3821738958358765
26-05-1995,2.5790390968322754,2.5790390968322754,61510,2.6288270950317383,2.6288270950317383,1.4143176078796387
30-05-1995,2.6188700199127197,2.6188700199127197,18830,2.638784885406494,2.6288270950317383,1.4143176078796387
31-05-1995,2.6288270950317383,2.6288270950317383,3766,2.6288270950317383,2.6288270950317383,1.4143176078796387
01-06-1995,2.5690810680389404,2.648742914199829,27617,2.648742914199829,2.59895396232605,1.398245930671692
02-06-1995,2.6288270950317383,2.6288270950317383,35149,2.6885740756988525,2.6885740756988525,1.4464622735977173
05-06-1995,2.6885740756988525,2.698530912399292,23851,2.708488941192627,2.6885740756988525,1.4464622735977173
06-06-1995,2.6786160469055176,2.6786160469055176,3766,2.708488941192627,2.708488941192627,1.4679628610610962
07-06-1995,2.6686580181121826,2.6885740756988525,18830,2.6885740756988525,2.6686580181121826,1.4463750123977661
08-06-1995,2.6686580181121826,2.6686580181121826,0,2.6686580181121826,2.6686580181121826,1.4463750123977661
09-06-1995,2.6885740756988525,2.6885740756988525,10043,2.6885740756988525,2.6885740756988525,1.4571696519851685
12-06-1995,2.6885740756988525,2.708488941192627,11298,2.708488941192627,2.6885740756988525,1.4571696519851685
13-06-1995,2.698530912399292,2.698530912399292,1255,2.698530912399292,2.698530912399292,1.4625657796859741
14-06-1995,2.7284040451049805,2.7284040451049805,21340,2.7881500720977783,2.7881500720977783,1.5111384391784668
15-06-1995,2.7284040451049805,2.768234968185425,36404,2.768234968185425,2.7284040451049805,1.4787569046020508
16-06-1995,2.7483201026916504,2.7483201026916504,57744,2.7483201026916504,2.7483201026916504,1.4895514249801636
19-06-1995,2.7284040451049805,2.7284040451049805,2511,2.7284040451049805,2.7284040451049805,1.4787569046020508
20-06-1995,2.698530912399292,2.7284040451049805,15064,2.7284040451049805,2.698530912399292,1.4625657796859741
21-06-1995,2.648742914199829,2.6686580181121826,23851,2.6686580181121826,2.6686580181121826,1.4463750123977661
22-06-1995,2.658700942993164,2.6686580181121826,130553,2.6786160469055176,2.658700942993164,1.440979242324829
23-06-1995,2.658700942993164,2.658700942993164,0,2.658700942993164,2.658700942993164,1.440979242324829
26-06-1995,2.6188700199127197,2.638784885406494,28872,2.648742914199829,2.648742914199829,1.4355822801589966
27-06-1995,2.6089119911193848,2.6288270950317383,30128,2.648742914199829,2.648742914199829,1.4355822801589966
28-06-1995,2.658700942993164,2.658700942993164,97914,2.698530912399292,2.658700942993164,1.440979242324829
29-06-1995,2.6288270950317383,2.6288270950317383,3766,2.6288270950317383,2.6288270950317383,1.424787163734436
30-06-1995,2.6288270950317383,2.648742914199829,13808,2.648742914199829,2.6288270950317383,1.424787163734436
03-07-1995,2.648742914199829,2.648742914199829,50213,2.698530912399292,2.698530912399292,1.4625657796859741
05-07-1995,2.6686580181121826,2.708488941192627,22596,2.708488941192627,2.6885740756988525,1.4571696519851685
06-07-1995,2.708488941192627,2.708488941192627,62766,2.7383620738983154,2.7383620738983154,1.4841541051864624
07-07-1995,2.6686580181121826,2.718446969985962,248552,2.718446969985962,2.6686580181121826,1.4463750123977661
10-07-1995,2.6686580181121826,2.6686580181121826,18830,2.6885740756988525,2.6885740756988525,1.4571696519851685
11-07-1995,2.6885740756988525,2.6885740756988525,18830,2.6885740756988525,2.6885740756988525,1.4571696519851685
12-07-1995,2.6686580181121826,2.6686580181121826,5021,2.6686580181121826,2.6686580181121826,1.4463750123977661
13-07-1995,2.698530912399292,2.698530912399292,30128,2.698530912399292,2.698530912399292,1.4625657796859741
14-07-1995,2.708488941192627,2.708488941192627,13808,2.708488941192627,2.708488941192627,1.4679628610610962
17-07-1995,2.648742914199829,2.648742914199829,146872,2.708488941192627,2.708488941192627,1.4679628610610962
18-07-1995,2.6686580181121826,2.6885740756988525,37659,2.6885740756988525,2.6786160469055176,1.4517728090286255
19-07-1995,2.658700942993164,2.6686580181121826,36404,2.6686580181121826,2.6686580181121826,1.4463750123977661
20-07-1995,2.658700942993164,2.6786160469055176,32638,2.6786160469055176,2.6686580181121826,1.4463750123977661
21-07-1995,2.6885740756988525,2.6885740756988525,7532,2.708488941192627,2.708488941192627,1.4679628610610962
24-07-1995,2.708488941192627,2.708488941192627,0,2.708488941192627,2.708488941192627,1.4679628610610962
25-07-1995,2.698530912399292,2.698530912399292,12553,2.698530912399292,2.698530912399292,1.4625657796859741
26-07-1995,2.718446969985962,2.718446969985962,21340,2.7483201026916504,2.7483201026916504,1.4895514249801636
27-07-1995,2.708488941192627,2.7284040451049805,20085,2.7483201026916504,2.7483201026916504,1.4895514249801636
28-07-1995,2.7483201026916504,2.768234968185425,25106,2.768234968185425,2.7483201026916504,1.4895514249801636
31-07-1995,2.698530912399292,2.7483201026916504,31383,2.7483201026916504,2.698530912399292,1.4625657796859741
01-08-1995,2.698530912399292,2.698530912399292,45191,2.708488941192627,2.708488941192627,1.4679628610610962
02-08-1995,2.7284040451049805,2.7284040451049805,46447,2.7483201026916504,2.7383620738983154,1.4841541051864624
03-08-1995,2.7284040451049805,2.7284040451049805,6277,2.7383620738983154,2.7383620738983154,1.4841541051864624
04-08-1995,2.7483201026916504,2.7483201026916504,35149,2.8180229663848877,2.8180229663848877,1.5273292064666748
07-08-1995,2.7881500720977783,2.7881500720977783,10043,2.7881500720977783,2.7881500720977783,1.5111384391784668
08-08-1995,2.7881500720977783,2.7881500720977783,0,2.7881500720977783,2.7881500720977783,1.5111384391784668
09-08-1995,2.808065891265869,2.808065891265869,5021,2.8180229663848877,2.8180229663848877,1.5273292064666748
10-08-1995,2.8180229663848877,2.8279809951782227,52723,2.867811918258667,2.8180229663848877,1.5273292064666748
11-08-1995,2.8279809951782227,2.8279809951782227,17574,2.847896099090576,2.847896099090576,1.5435199737548828
14-08-1995,2.867811918258667,2.867811918258667,1255,2.867811918258667,2.867811918258667,1.5543146133422852
15-08-1995,2.8777689933776855,2.8877270221710205,10043,2.8976850509643555,2.8777689933776855,1.5597108602523804
16-08-1995,2.847896099090576,2.867811918258667,13808,2.867811918258667,2.867811918258667,1.5543146133422852
17-08-1995,2.808065891265869,2.847896099090576,15064,2.847896099090576,2.8279809951782227,1.5327250957489014
18-08-1995,2.847896099090576,2.847896099090576,25106,2.847896099090576,2.847896099090576,1.5435199737548828
21-08-1995,2.847896099090576,2.847896099090576,0,2.847896099090576,2.847896099090576,1.5435199737548828
22-08-1995,2.808065891265869,2.8279809951782227,32638,2.8279809951782227,2.8279809951782227,1.5327250957489014
23-08-1995,2.8279809951782227,2.8279809951782227,0,2.8279809951782227,2.8279809951782227,1.5327250957489014
24-08-1995,2.8279809951782227,2.8279809951782227,0,2.8279809951782227,2.8279809951782227,1.5327250957489014
25-08-1995,2.847896099090576,2.847896099090576,61510,2.857853889465332,2.847896099090576,1.5435199737548828
28-08-1995,2.847896099090576,2.847896099090576,0,2.847896099090576,2.847896099090576,1.5435199737548828
29-08-1995,2.847896099090576,2.847896099090576,0,2.847896099090576,2.847896099090576,1.5435199737548828
30-08-1995,2.867811918258667,2.867811918258667,8787,2.8877270221710205,2.8877270221710205,1.5651074647903442
31-08-1995,2.857853889465332,2.857853889465332,16319,2.91759991645813,2.91759991645813,1.5921916961669922
01-09-1995,2.9076430797576904,2.9375159740448,27617,2.9474730491638184,2.9474730491638184,1.608493685722351
05-09-1995,2.9673891067504883,2.9673891067504883,8787,3.007219076156616,3.007219076156616,1.6410976648330688
06-09-1995,2.9873039722442627,3.027134895324707,25106,3.027134895324707,2.9873039722442627,1.6302299499511719
07-09-1995,2.9873039722442627,2.9873039722442627,0,2.9873039722442627,2.9873039722442627,1.6302299499511719
08-09-1995,2.9673891067504883,2.9873039722442627,18830,2.9972620010375977,2.9972620010375977,1.635664701461792
11-09-1995,3.027134895324707,3.027134895324707,7532,3.0470499992370605,3.0470499992370605,1.6628347635269165
12-09-1995,3.0470499992370605,3.0470499992370605,1255,3.0470499992370605,3.0470499992370605,1.6628347635269165
13-09-1995,3.027134895324707,3.027134895324707,37659,3.086880922317505,3.086880922317505,1.6845709085464478
14-09-1995,3.066965103149414,3.066965103149414,26362,3.1067960262298584,3.1067960262298584,1.695438265800476
15-09-1995,3.086880922317505,3.086880922317505,3766,3.1067960262298584,3.1067960262298584,1.695438265800476
18-09-1995,3.086880922317505,3.1067960262298584,18830,3.126710891723633,3.086880922317505,1.6845709085464478
19-09-1995,3.086880922317505,3.086880922317505,8787,3.086880922317505,3.086880922317505,1.6845709085464478
20-09-1995,3.086880922317505,3.1067960262298584,7532,3.1067960262298584,3.086880922317505,1.6845709085464478
21-09-1995,3.066965103149414,3.066965103149414,1255,3.066965103149414,3.066965103149414,1.6737028360366821
22-09-1995,3.0470499992370605,3.0470499992370605,8787,3.0570080280303955,3.0570080280303955,1.6682686805725098
25-09-1995,3.017177104949951,3.0370919704437256,5021,3.0370919704437256,3.017177104949951,1.6465314626693726
26-09-1995,3.0370919704437256,3.0470499992370605,38915,3.0470499992370605,3.0370919704437256,1.6573996543884277
27-09-1995,3.0370919704437256,3.0370919704437256,3766,3.0370919704437256,3.0370919704437256,1.6573996543884277
28-09-1995,3.0470499992370605,3.0470499992370605,175744,3.066965103149414,3.066965103149414,1.6737028360366821
29-09-1995,3.0570080280303955,3.066965103149414,154403,3.07692289352417,3.07692289352417,1.6791361570358276
02-10-1995,3.086880922317505,3.086880922317505,30128,3.126710891723633,3.086880922317505,1.6845709085464478
03-10-1995,3.1067960262298584,3.1067960262298584,5021,3.126710891723633,3.126710891723633,1.7063064575195312
04-10-1995,3.1466269493103027,3.1466269493103027,32638,3.2063729763031006,3.1565849781036377,1.722609519958496
05-10-1995,3.1167540550231934,3.1366689205169678,10043,3.1366689205169678,3.1167540550231934,1.7008728981018066
06-10-1995,3.086880922317505,3.1067960262298584,22596,3.1167540550231934,3.1167540550231934,1.7008728981018066
09-10-1995,3.0968379974365234,3.0968379974365234,1255,3.0968379974365234,3.0968379974365234,1.6900044679641724
10-10-1995,3.126710891723633,3.126710891723633,16319,3.1466269493103027,3.1366689205169678,1.711741328239441
11-10-1995,3.1167540550231934,3.1167540550231934,5021,3.1167540550231934,3.1167540550231934,1.7008728981018066
12-10-1995,3.1067960262298584,3.1067960262298584,11298,3.1067960262298584,3.1067960262298584,1.695438265800476
13-10-1995,3.1067960262298584,3.126710891723633,3766,3.126710891723633,3.1067960262298584,1.695438265800476
16-10-1995,3.086880922317505,3.086880922317505,5021,3.086880922317505,3.086880922317505,1.6845709085464478
17-10-1995,3.086880922317505,3.086880922317505,0,3.086880922317505,3.086880922317505,1.6845709085464478
18-10-1995,3.066965103149414,3.066965103149414,16319,3.07692289352417,3.07692289352417,1.6791361570358276
19-10-1995,3.066965103149414,3.066965103149414,136829,3.086880922317505,3.086880922317505,1.6845709085464478
20-10-1995,3.086880922317505,3.086880922317505,5021,3.1067960262298584,3.1067960262298584,1.695438265800476
23-10-1995,3.1067960262298584,3.1067960262298584,0,3.1067960262298584,3.1067960262298584,1.695438265800476
24-10-1995,3.0470499992370605,3.086880922317505,51468,3.0968379974365234,3.0968379974365234,1.6900044679641724
25-10-1995,3.086880922317505,3.086880922317505,1255,3.086880922317505,3.086880922317505,1.6845709085464478
26-10-1995,3.1067960262298584,3.1067960262298584,1255,3.1067960262298584,3.1067960262298584,1.695438265800476
27-10-1995,3.066965103149414,3.086880922317505,2511,3.086880922317505,3.066965103149414,1.6737028360366821
30-10-1995,3.0470499992370605,3.0570080280303955,8787,3.0570080280303955,3.0570080280303955,1.6682686805725098
31-10-1995,3.0370919704437256,3.0370919704437256,6277,3.0370919704437256,3.0370919704437256,1.6573996543884277
01-11-1995,3.0370919704437256,3.0470499992370605,20085,3.0470499992370605,3.0370919704437256,1.6573996543884277
02-11-1995,3.0370919704437256,3.0370919704437256,16319,3.0570080280303955,3.0570080280303955,1.6682686805725098
03-11-1995,3.0470499992370605,3.066965103149414,10043,3.066965103149414,3.066965103149414,1.6737028360366821
06-11-1995,3.027134895324707,3.0470499992370605,12553,3.0470499992370605,3.0470499992370605,1.6628347635269165
07-11-1995,3.066965103149414,3.066965103149414,31383,3.126710891723633,3.126710891723633,1.7063064575195312
08-11-1995,3.126710891723633,3.126710891723633,0,3.126710891723633,3.126710891723633,1.7063064575195312
09-11-1995,3.0470499992370605,3.086880922317505,22596,3.086880922317505,3.0470499992370605,1.6628347635269165
10-11-1995,3.027134895324707,3.027134895324707,2511,3.027134895324707,3.027134895324707,1.6519666910171509
13-11-1995,3.027134895324707,3.0470499992370605,13808,3.0470499992370605,3.027134895324707,1.6519666910171509
14-11-1995,3.027134895324707,3.027134895324707,1255,3.027134895324707,3.027134895324707,1.6519666910171509
15-11-1995,3.027134895324707,3.027134895324707,38915,3.1067960262298584,3.1067960262298584,1.695438265800476
16-11-1995,3.0470499992370605,3.086880922317505,10043,3.086880922317505,3.0470499992370605,1.6628347635269165
17-11-1995,3.007219076156616,3.017177104949951,33893,3.027134895324707,3.017177104949951,1.6465314626693726
20-11-1995,2.9873039722442627,2.9972620010375977,26362,3.007219076156616,3.007219076156616,1.6410976648330688
21-11-1995,3.017177104949951,3.027134895324707,5021,3.027134895324707,3.017177104949951,1.6465314626693726
22-11-1995,3.007219076156616,3.007219076156616,28872,3.027134895324707,3.027134895324707,1.6519666910171509
24-11-1995,3.0370919704437256,3.0370919704437256,27617,3.07692289352417,3.07692289352417,1.6791361570358276
27-11-1995,3.0470499992370605,3.066965103149414,69042,3.066965103149414,3.0570080280303955,1.6682686805725098
28-11-1995,3.027134895324707,3.027134895324707,20085,3.066965103149414,3.066965103149414,1.6737028360366821
29-11-1995,3.0570080280303955,3.0570080280303955,42681,3.086880922317505,3.086880922317505,1.6845709085464478
30-11-1995,3.0370919704437256,3.0570080280303955,183276,3.07692289352417,3.07692289352417,1.6904793977737427
01-12-1995,3.0470499992370605,3.0570080280303955,23851,3.07692289352417,3.0470499992370605,1.6740671396255493
04-12-1995,3.027134895324707,3.027134895324707,3766,3.0470499992370605,3.0470499992370605,1.6740671396255493
05-12-1995,3.0470499992370605,3.0470499992370605,3766,3.0470499992370605,3.0470499992370605,1.6740671396255493
06-12-1995,3.027134895324707,3.0370919704437256,36404,3.0470499992370605,3.0470499992370605,1.6740671396255493
07-12-1995,3.027134895324707,3.027134895324707,31383,3.07692289352417,3.0570080280303955,1.679538369178772
08-12-1995,3.0370919704437256,3.0470499992370605,41425,3.066965103149414,3.066965103149414,1.6850091218948364
11-12-1995,3.0570080280303955,3.0570080280303955,12553,3.07692289352417,3.0570080280303955,1.679538369178772
12-12-1995,3.0570080280303955,3.0570080280303955,0,3.0570080280303955,3.0570080280303955,1.679538369178772
13-12-1995,3.07692289352417,3.07692289352417,57744,3.07692289352417,3.07692289352417,1.6904793977737427
14-12-1995,3.0570080280303955,3.066965103149414,115489,3.07692289352417,3.07692289352417,1.6904793977737427
15-12-1995,3.1067960262298584,3.1366689205169678,6277,3.1366689205169678,3.1067960262298584,1.7068904638290405
18-12-1995,3.066965103149414,3.1067960262298584,20085,3.1067960262298584,3.066965103149414,1.6850091218948364
19-12-1995,3.007219076156616,3.027134895324707,18830,3.027134895324707,3.027134895324707,1.6631243228912354
20-12-1995,3.027134895324707,3.027134895324707,0,3.027134895324707,3.027134895324707,1.6631243228912354
21-12-1995,3.007219076156616,3.007219076156616,6277,3.007219076156616,3.007219076156616,1.652184009552002
22-12-1995,3.027134895324707,3.027134895324707,5021,3.0570080280303955,3.0570080280303955,1.679538369178772
26-12-1995,3.0570080280303955,3.0570080280303955,130553,3.071943998336792,3.071943998336792,1.6877433061599731
27-12-1995,3.007219076156616,3.066965103149414,74063,3.0968379974365234,3.007219076156616,1.652184009552002
28-12-1995,2.9773459434509277,2.9972620010375977,42681,2.9972620010375977,2.9773459434509277,1.6357709169387817
29-12-1995,2.9773459434509277,2.9972620010375977,65276,2.9972620010375977,2.9773459434509277,1.6357709169387817
02-01-1996,2.9673891067504883,2.9873039722442627,129297,3.0370919704437256,3.0370919704437256,1.6685967445373535
03-01-1996,3.027134895324707,3.0570080280303955,18830,3.066965103149414,3.0370919704437256,1.6685967445373535
04-01-1996,3.0470499992370605,3.0470499992370605,40170,3.126710891723633,3.1067960262298584,1.7068904638290405
05-01-1996,3.07692289352417,3.086880922317505,50213,3.086880922317505,3.07692289352417,1.6904793977737427
08-01-1996,3.066965103149414,3.066965103149414,2511,3.066965103149414,3.066965103149414,1.6850091218948364
09-01-1996,3.0570080280303955,3.0570080280303955,20085,3.07692289352417,3.066965103149414,1.6850091218948364
10-01-1996,3.027134895324707,3.086880922317505,26362,3.086880922317505,3.027134895324707,1.6631243228912354
11-01-1996,3.027134895324707,3.027134895324707,0,3.027134895324707,3.027134895324707,1.6631243228912354
12-01-1996,3.027134895324707,3.027134895324707,0,3.027134895324707,3.027134895324707,1.6631243228912354
15-01-1996,3.027134895324707,3.027134895324707,0,3.027134895324707,3.027134895324707,1.6631243228912354
16-01-1996,3.007219076156616,3.0470499992370605,5021,3.0470499992370605,3.007219076156616,1.652184009552002
17-01-1996,3.017177104949951,3.017177104949951,5021,3.017177104949951,3.017177104949951,1.657655119895935
18-01-1996,3.007219076156616,3.007219076156616,135574,3.0470499992370605,3.007219076156616,1.652184009552002
19-01-1996,2.9673891067504883,2.9673891067504883,17574,3.007219076156616,3.007219076156616,1.652184009552002
22-01-1996,2.9673891067504883,3.017177104949951,10043,3.017177104949951,2.9673891067504883,1.6303002834320068
23-01-1996,2.9375159740448,2.9375159740448,5021,2.9574310779571533,2.9574310779571533,1.624830722808838
24-01-1996,2.9673891067504883,2.9773459434509277,17574,2.9773459434509277,2.9673891067504883,1.6303002834320068
25-01-1996,2.9873039722442627,2.9873039722442627,12553,2.9873039722442627,2.9873039722442627,1.6412419080734253
26-01-1996,3.007219076156616,3.007219076156616,50213,3.007219076156616,3.007219076156616,1.652184009552002
29-01-1996,2.9375159740448,2.9873039722442627,30128,2.9873039722442627,2.9375159740448,1.6138885021209717
30-01-1996,2.91759991645813,2.91759991645813,6277,2.91759991645813,2.91759991645813,1.6029458045959473
31-01-1996,2.9076430797576904,2.9076430797576904,7532,2.9076430797576904,2.9076430797576904,1.5974763631820679
01-02-1996,2.91759991645813,2.91759991645813,33893,2.9972620010375977,2.9474730491638184,1.619359016418457
02-02-1996,2.9673891067504883,2.9673891067504883,6277,2.9673891067504883,2.9673891067504883,1.6303002834320068
05-02-1996,2.9375159740448,2.9474730491638184,13808,2.9673891067504883,2.9375159740448,1.6138885021209717
06-02-1996,2.9375159740448,2.9375159740448,0,2.9375159740448,2.9375159740448,1.6138885021209717
07-02-1996,2.9474730491638184,2.9474730491638184,1255,2.9474730491638184,2.9474730491638184,1.619359016418457
08-02-1996,2.9673891067504883,2.9673891067504883,10043,3.027134895324707,3.027134895324707,1.6631243228912354
09-02-1996,3.066965103149414,3.066965103149414,67787,3.126710891723633,3.086880922317505,1.6959505081176758
12-02-1996,3.1067960262298584,3.1067960262298584,1255,3.1067960262298584,3.1067960262298584,1.7068904638290405
13-02-1996,3.186458110809326,3.186458110809326,111723,3.246203899383545,3.226288080215454,1.7725416421890259
14-02-1996,3.226288080215454,3.2661190032958984,50213,3.2661190032958984,3.226288080215454,1.7725416421890259
15-02-1996,3.226288080215454,3.246203899383545,41425,3.2661190032958984,3.246203899383545,1.7834829092025757
16-02-1996,3.226288080215454,3.246203899383545,35149,3.246203899383545,3.236246109008789,1.7780125141143799
20-02-1996,3.2063729763031006,3.2063729763031006,218424,3.3059499263763428,3.3059499263763428,1.8163074254989624
21-02-1996,3.2661190032958984,3.286034107208252,71553,3.286034107208252,3.2760770320892334,1.7998955249786377
22-02-1996,3.246203899383545,3.2561609745025635,45191,3.2661190032958984,3.246203899383545,1.7834829092025757
23-02-1996,3.2661190032958984,3.2661190032958984,1255,3.2661190032958984,3.2661190032958984,1.794424295425415
26-02-1996,3.176500082015991,3.226288080215454,33893,3.226288080215454,3.176500082015991,1.7451871633529663
27-02-1996,3.1466269493103027,3.1565849781036377,87872,3.1665420532226562,3.1466269493103027,1.7287757396697998
28-02-1996,3.1466269493103027,3.1466269493103027,5021,3.176500082015991,3.176500082015991,1.7451871633529663
29-02-1996,3.1167540550231934,3.1466269493103027,3766,3.1466269493103027,3.1167540550231934,1.7123624086380005
01-03-1996,3.1167540550231934,3.1167540550231934,1255,3.1167540550231934,3.1167540550231934,1.7123624086380005
04-03-1996,3.126710891723633,3.126710891723633,64021,3.2063729763031006,3.1964149475097656,1.7561290264129639
05-03-1996,3.186458110809326,3.186458110809326,26362,3.2063729763031006,3.2063729763031006,1.7730894088745117
06-03-1996,3.246203899383545,3.246203899383545,10043,3.3059499263763428,3.295991897583008,1.8226470947265625
07-03-1996,3.246203899383545,3.2661190032958984,100425,3.2661190032958984,3.246203899383545,1.7951151132583618
08-03-1996,3.186458110809326,3.2063729763031006,194573,3.226288080215454,3.186458110809326,1.7620761394500732
11-03-1996,3.1665420532226562,3.176500082015991,72808,3.2063729763031006,3.186458110809326,1.7620761394500732
12-03-1996,3.1665420532226562,3.1665420532226562,32638,3.1665420532226562,3.1665420532226562,1.7510629892349243
13-03-1996,3.1665420532226562,3.1665420532226562,37659,3.1665420532226562,3.1665420532226562,1.7510629892349243
14-03-1996,3.176500082015991,3.176500082015991,5021,3.186458110809326,3.176500082015991,1.7565693855285645
15-03-1996,3.1565849781036377,3.176500082015991,20085,3.186458110809326,3.1565849781036377,1.7455567121505737
18-03-1996,3.1466269493103027,3.176500082015991,37659,3.186458110809326,3.186458110809326,1.7620761394500732
19-03-1996,3.1565849781036377,3.176500082015991,17574,3.176500082015991,3.1565849781036377,1.7455567121505737
20-03-1996,3.1565849781036377,3.1665420532226562,30128,3.1665420532226562,3.1565849781036377,1.7455567121505737
21-03-1996,3.1565849781036377,3.1565849781036377,0,3.1565849781036377,3.1565849781036377,1.7455567121505737
22-03-1996,3.1466269493103027,3.186458110809326,13808,3.186458110809326,3.1466269493103027,1.7400504350662231
25-03-1996,3.186458110809326,3.186458110809326,43936,3.2063729763031006,3.2063729763031006,1.7730894088745117
26-03-1996,3.1964149475097656,3.2063729763031006,18830,3.2561609745025635,3.2561609745025635,1.8006213903427124
27-03-1996,3.226288080215454,3.246203899383545,18830,3.246203899383545,3.226288080215454,1.784102201461792
28-03-1996,3.2063729763031006,3.226288080215454,21340,3.246203899383545,3.246203899383545,1.7951151132583618
29-03-1996,3.2063729763031006,3.2063729763031006,5021,3.2063729763031006,3.2063729763031006,1.7730894088745117
01-04-1996,3.186458110809326,3.186458110809326,47702,3.3457798957824707,3.3457798957824707,1.8501783609390259
02-04-1996,3.246203899383545,3.3258650302886963,62766,3.3258650302886963,3.246203899383545,1.7951151132583618
03-04-1996,3.226288080215454,3.226288080215454,18830,3.2561609745025635,3.246203899383545,1.7951151132583618
04-04-1996,3.2661190032958984,3.2661190032958984,2511,3.2661190032958984,3.2661190032958984,1.8061285018920898
08-04-1996,3.1366689205169678,3.226288080215454,46447,3.226288080215454,3.1366689205169678,1.7345441579818726
09-04-1996,3.1167540550231934,3.1366689205169678,94148,3.1466269493103027,3.1466269493103027,1.7400504350662231
10-04-1996,3.1067960262298584,3.1067960262298584,2511,3.1067960262298584,3.1067960262298584,1.7180237770080566
11-04-1996,3.007219076156616,3.066965103149414,81595,3.066965103149414,3.0470499992370605,1.684985876083374
12-04-1996,3.066965103149414,3.066965103149414,17574,3.126710891723633,3.07692289352417,1.7015049457550049
15-04-1996,3.07692289352417,3.0968379974365234,17574,3.0968379974365234,3.07692289352417,1.7015049457550049
16-04-1996,3.07692289352417,3.07692289352417,0,3.07692289352417,3.07692289352417,1.7015049457550049
17-04-1996,3.0470499992370605,3.0470499992370605,3766,3.0470499992370605,3.0470499992370605,1.684985876083374
18-04-1996,3.007219076156616,3.027134895324707,17574,3.027134895324707,3.027134895324707,1.6739720106124878
19-04-1996,3.017177104949951,3.017177104949951,10043,3.0370919704437256,3.0370919704437256,1.6794792413711548
22-04-1996,3.0470499992370605,3.0470499992370605,23851,3.066965103149414,3.0570080280303955,1.6904913187026978
23-04-1996,3.07692289352417,3.07692289352417,23851,3.126710891723633,3.126710891723633,1.7290363311767578
24-04-1996,3.1067960262298584,3.126710891723633,2511,3.126710891723633,3.1067960262298584,1.7180237770080566
25-04-1996,3.086880922317505,3.086880922317505,31383,3.126710891723633,3.126710891723633,1.7290363311767578
26-04-1996,3.0968379974365234,3.1067960262298584,65276,3.226288080215454,3.226288080215454,1.784102201461792
29-04-1996,3.1067960262298584,3.1665420532226562,41425,3.1665420532226562,3.1067960262298584,1.7180237770080566
30-04-1996,3.07692289352417,3.086880922317505,41425,3.1067960262298584,3.1067960262298584,1.7180237770080566
01-05-1996,3.0968379974365234,3.1167540550231934,3766,3.1167540550231934,3.0968379974365234,1.7125170230865479
02-05-1996,3.027134895324707,3.07692289352417,31383,3.0968379974365234,3.027134895324707,1.6739720106124878
03-05-1996,3.027134895324707,3.027134895324707,2511,3.027134895324707,3.027134895324707,1.6739720106124878
06-05-1996,3.007219076156616,3.017177104949951,21340,3.066965103149414,3.066965103149414,1.6959975957870483
07-05-1996,3.0968379974365234,3.0968379974365234,6277,3.0968379974365234,3.0968379974365234,1.7125170230865479
08-05-1996,3.0570080280303955,3.07692289352417,30128,3.1167540550231934,3.1167540550231934,1.7235307693481445
09-05-1996,3.1167540550231934,3.1167540550231934,0,3.1167540550231934,3.1167540550231934,1.7235307693481445
10-05-1996,3.1366689205169678,3.1366689205169678,25106,3.1665420532226562,3.1466269493103027,1.7400504350662231
13-05-1996,3.0968379974365234,3.1466269493103027,97914,3.1665420532226562,3.1665420532226562,1.7510629892349243
14-05-1996,3.1466269493103027,3.1665420532226562,53978,3.186458110809326,3.1466269493103027,1.7400504350662231
15-05-1996,3.1665420532226562,3.1665420532226562,38915,3.2063729763031006,3.2063729763031006,1.7730894088745117
16-05-1996,3.186458110809326,3.186458110809326,1255,3.186458110809326,3.186458110809326,1.7620761394500732
17-05-1996,3.236246109008789,3.236246109008789,84106,3.395569086074829,3.3656959533691406,1.8611925840377808
20-05-1996,3.3059499263763428,3.3358230590820312,5021,3.3358230590820312,3.3059499263763428,1.828153371810913
21-05-1996,3.3258650302886963,3.3258650302886963,17574,3.3358230590820312,3.3358230590820312,1.844673752784729
22-05-1996,3.2760770320892334,3.3059499263763428,17574,3.3059499263763428,3.295991897583008,1.8226470947265625
23-05-1996,3.295991897583008,3.295991897583008,0,3.295991897583008,3.295991897583008,1.8226470947265625
24-05-1996,3.286034107208252,3.286034107208252,1255,3.286034107208252,3.286034107208252,1.8171403408050537
28-05-1996,3.2063729763031006,3.2661190032958984,55234,3.2760770320892334,3.2063729763031006,1.7730894088745117
29-05-1996,3.1466269493103027,3.186458110809326,6277,3.186458110809326,3.1466269493103027,1.7400504350662231
30-05-1996,3.0968379974365234,3.126710891723633,46447,3.2661190032958984,3.2561609745025635,1.8006213903427124
31-05-1996,3.176500082015991,3.236246109008789,65276,3.236246109008789,3.1964149475097656,1.7675817012786865
03-06-1996,3.1366689205169678,3.1964149475097656,20085,3.1964149475097656,3.1366689205169678,1.7345441579818726
04-06-1996,3.1167540550231934,3.1167540550231934,2511,3.1167540550231934,3.1167540550231934,1.7235307693481445
05-06-1996,3.1167540550231934,3.126710891723633,41425,3.1466269493103027,3.1466269493103027,1.7400504350662231
06-06-1996,3.1466269493103027,3.1466269493103027,10043,3.1466269493103027,3.1466269493103027,1.7515792846679688
07-06-1996,3.1067960262298584,3.1067960262298584,82851,3.1466269493103027,3.126710891723633,1.7404921054840088
10-06-1996,3.126710891723633,3.126710891723633,3766,3.126710891723633,3.126710891723633,1.7404921054840088
11-06-1996,3.126710891723633,3.126710891723633,17574,3.1366689205169678,3.1366689205169678,1.7460376024246216
12-06-1996,3.0968379974365234,3.1466269493103027,35149,3.1466269493103027,3.0968379974365234,1.7238633632659912
13-06-1996,3.07692289352417,3.07692289352417,2511,3.07692289352417,3.07692289352417,1.712778925895691
14-06-1996,3.0370919704437256,3.07692289352417,20085,3.07692289352417,3.0370919704437256,1.6906071901321411
17-06-1996,3.0370919704437256,3.0370919704437256,22596,3.1067960262298584,3.0968379974365234,1.7238633632659912
18-06-1996,3.086880922317505,3.1067960262298584,3766,3.1067960262298584,3.086880922317505,1.7183220386505127
19-06-1996,3.086880922317505,3.086880922317505,0,3.086880922317505,3.086880922317505,1.7183220386505127
20-06-1996,3.086880922317505,3.1067960262298584,23851,3.1167540550231934,3.1067960262298584,1.7294071912765503
21-06-1996,3.086880922317505,3.0968379974365234,18830,3.1067960262298584,3.1067960262298584,1.7294071912765503
24-06-1996,3.126710891723633,3.126710891723633,33893,3.126710891723633,3.126710891723633,1.7404921054840088
25-06-1996,3.1167540550231934,3.1167540550231934,1255,3.1167540550231934,3.1167540550231934,1.734951376914978
26-06-1996,3.07692289352417,3.0968379974365234,42681,3.0968379974365234,3.07692289352417,1.712778925895691
27-06-1996,3.086880922317505,3.0968379974365234,45191,3.126710891723633,3.126710891723633,1.7404921054840088
28-06-1996,3.126710891723633,3.126710891723633,0,3.126710891723633,3.126710891723633,1.7404921054840088
01-07-1996,3.1366689205169678,3.1366689205169678,23851,3.1565849781036377,3.1366689205169678,1.7460376024246216
02-07-1996,3.1067960262298584,3.1466269493103027,36404,3.1466269493103027,3.1366689205169678,1.7460376024246216
03-07-1996,3.1167540550231934,3.1366689205169678,59000,3.1366689205169678,3.1167540550231934,1.734951376914978
05-07-1996,3.07692289352417,3.0968379974365234,7532,3.0968379974365234,3.07692289352417,1.712778925895691
08-07-1996,3.027134895324707,3.027134895324707,15064,3.0570080280303955,3.0570080280303955,1.7016922235488892
09-07-1996,3.017177104949951,3.0370919704437256,3766,3.0370919704437256,3.017177104949951,1.6795203685760498
10-07-1996,2.9773459434509277,2.9972620010375977,8787,2.9972620010375977,2.9773459434509277,1.6573495864868164
11-07-1996,2.9673891067504883,3.007219076156616,26362,3.017177104949951,2.9673891067504883,1.6518067121505737
12-07-1996,2.9474730491638184,2.9474730491638184,30128,2.9474730491638184,2.9474730491638184,1.6407192945480347
15-07-1996,2.9474730491638184,2.9474730491638184,16319,2.9474730491638184,2.9474730491638184,1.6407192945480347
16-07-1996,2.9375159740448,2.9375159740448,31383,2.9474730491638184,2.9474730491638184,1.6407192945480347
17-07-1996,2.867811918258667,2.9076430797576904,6277,2.9076430797576904,2.867811918258667,1.5963753461837769
18-07-1996,2.867811918258667,2.867811918258667,0,2.867811918258667,2.867811918258667,1.5963753461837769
19-07-1996,2.8877270221710205,2.8877270221710205,12553,2.8877270221710205,2.8877270221710205,1.6074612140655518
22-07-1996,2.8877270221710205,2.8877270221710205,0,2.8877270221710205,2.8877270221710205,1.6074612140655518
23-07-1996,2.768234968185425,2.847896099090576,723060,2.847896099090576,2.8180229663848877,1.5686615705490112
24-07-1996,2.7881500720977783,2.7981081008911133,57744,2.847896099090576,2.847896099090576,1.585289716720581
25-07-1996,2.867811918258667,2.867811918258667,77829,2.867811918258667,2.867811918258667,1.5963753461837769
26-07-1996,2.8777689933776855,2.8877270221710205,47702,2.9076430797576904,2.8777689933776855,1.6019192934036255
29-07-1996,2.847896099090576,2.857853889465332,15064,2.857853889465332,2.847896099090576,1.585289716720581
30-07-1996,2.8877270221710205,2.8877270221710205,23851,2.8877270221710205,2.8877270221710205,1.6074612140655518
31-07-1996,2.8877270221710205,2.8877270221710205,0,2.8877270221710205,2.8877270221710205,1.6074612140655518
01-08-1996,2.9076430797576904,2.9076430797576904,61510,2.9673891067504883,2.9574310779571533,1.646262764930725
02-08-1996,3.027134895324707,3.027134895324707,55234,3.0570080280303955,3.0570080280303955,1.7016922235488892
05-08-1996,3.027134895324707,3.0370919704437256,26362,3.0370919704437256,3.027134895324707,1.6850639581680298
06-08-1996,3.007219076156616,3.007219076156616,5021,3.007219076156616,3.007219076156616,1.6739777326583862
07-08-1996,2.9574310779571533,3.007219076156616,22596,3.007219076156616,2.9574310779571533,1.646262764930725
08-08-1996,2.9574310779571533,2.9673891067504883,21340,2.9873039722442627,2.9873039722442627,1.662891149520874
09-08-1996,2.9673891067504883,2.9673891067504883,1255,2.9673891067504883,2.9673891067504883,1.6518067121505737
12-08-1996,2.9673891067504883,2.9873039722442627,51468,2.9873039722442627,2.9673891067504883,1.6518067121505737
13-08-1996,2.9474730491638184,2.9873039722442627,18830,2.9873039722442627,2.9474730491638184,1.6407192945480347
14-08-1996,2.8877270221710205,2.91759991645813,37659,2.91759991645813,2.8877270221710205,1.6074612140655518
15-08-1996,2.8877270221710205,2.8976850509643555,26362,2.91759991645813,2.9076430797576904,1.6185482740402222
16-08-1996,2.927557945251465,2.927557945251465,25106,2.9773459434509277,2.9773459434509277,1.6573495864868164
19-08-1996,2.9972620010375977,2.9972620010375977,15064,3.0470499992370605,3.0470499992370605,1.696150541305542
20-08-1996,2.9972620010375977,3.027134895324707,7532,3.027134895324707,2.9972620010375977,1.66843581199646
21-08-1996,3.017177104949951,3.017177104949951,23851,3.027134895324707,3.027134895324707,1.6850639581680298
22-08-1996,3.0470499992370605,3.0470499992370605,21340,3.0968379974365234,3.0968379974365234,1.7238633632659912
23-08-1996,3.007219076156616,3.086880922317505,48957,3.086880922317505,3.007219076156616,1.6739777326583862
26-08-1996,2.9873039722442627,2.9873039722442627,2511,2.9873039722442627,2.9873039722442627,1.662891149520874
27-08-1996,2.9773459434509277,3.007219076156616,27617,3.007219076156616,2.9773459434509277,1.6573495864868164
28-08-1996,2.9773459434509277,2.9773459434509277,0,2.9773459434509277,2.9773459434509277,1.6573495864868164
29-08-1996,2.9574310779571533,2.9574310779571533,16319,2.9873039722442627,2.9574310779571533,1.646262764930725
30-08-1996,2.8976850509643555,2.9076430797576904,3766,2.9076430797576904,2.8976850509643555,1.6243821382522583
03-09-1996,2.8777689933776855,2.8777689933776855,22596,2.9574310779571533,2.9574310779571533,1.6578737497329712
04-09-1996,2.9474730491638184,2.9474730491638184,7532,2.9474730491638184,2.9474730491638184,1.6522915363311768
05-09-1996,2.927557945251465,2.9474730491638184,20085,2.9474730491638184,2.9375159740448,1.6467089653015137
06-09-1996,2.9474730491638184,2.9474730491638184,25106,2.9673891067504883,2.9673891067504883,1.6634562015533447
09-09-1996,2.9773459434509277,2.9873039722442627,23851,2.9972620010375977,2.9873039722442627,1.6746203899383545
10-09-1996,2.9873039722442627,2.9873039722442627,33893,3.017177104949951,3.007219076156616,1.6857835054397583
11-09-1996,2.9673891067504883,3.017177104949951,32638,3.0370919704437256,2.9673891067504883,1.6634562015533447
12-09-1996,2.9375159740448,2.9474730491638184,37659,2.9673891067504883,2.9375159740448,1.6467089653015137
13-09-1996,2.9375159740448,2.9375159740448,42681,3.007219076156616,3.007219076156616,1.6857835054397583
16-09-1996,3.007219076156616,3.007219076156616,36404,3.027134895324707,3.007219076156616,1.6857835054397583
17-09-1996,2.9673891067504883,2.9873039722442627,12553,2.9873039722442627,2.9773459434509277,1.6690378189086914
18-09-1996,2.9375159740448,2.9574310779571533,106702,2.9673891067504883,2.9673891067504883,1.6634562015533447
19-09-1996,2.9474730491638184,2.9474730491638184,33893,2.9873039722442627,2.9873039722442627,1.6746203899383545
20-09-1996,3.007219076156616,3.027134895324707,23851,3.0470499992370605,3.007219076156616,1.6857835054397583
23-09-1996,3.007219076156616,3.007219076156616,1255,3.007219076156616,3.007219076156616,1.6857835054397583
24-09-1996,3.027134895324707,3.027134895324707,36404,3.0470499992370605,3.0470499992370605,1.708113193511963
25-09-1996,3.0470499992370605,3.0470499992370605,46447,3.0570080280303955,3.0570080280303955,1.7136950492858887
26-09-1996,3.0370919704437256,3.066965103149414,21340,3.066965103149414,3.0370919704437256,1.7025302648544312
27-09-1996,3.027134895324707,3.0370919704437256,37659,3.0570080280303955,3.0470499992370605,1.708113193511963
30-09-1996,3.0570080280303955,3.066965103149414,59000,3.07692289352417,3.066965103149414,1.719276785850525
01-10-1996,3.066965103149414,3.066965103149414,74063,3.0968379974365234,3.0968379974365234,1.7360219955444336
02-10-1996,3.0968379974365234,3.1067960262298584,80340,3.1167540550231934,3.1067960262298584,1.7416043281555176
03-10-1996,3.086880922317505,3.0968379974365234,17574,3.0968379974365234,3.086880922317505,1.7304407358169556
04-10-1996,3.1067960262298584,3.1067960262298584,47702,3.1366689205169678,3.1366689205169678,1.7583503723144531
07-10-1996,3.1466269493103027,3.1466269493103027,57744,3.176500082015991,3.176500082015991,1.7806793451309204
08-10-1996,3.1466269493103027,3.186458110809326,55234,3.186458110809326,3.1466269493103027,1.7639333009719849
09-10-1996,3.1466269493103027,3.1466269493103027,33893,3.186458110809326,3.186458110809326,1.7862615585327148
10-10-1996,3.186458110809326,3.186458110809326,82851,3.186458110809326,3.186458110809326,1.7862615585327148
11-10-1996,3.1964149475097656,3.1964149475097656,129297,3.246203899383545,3.246203899383545,1.819753646850586
14-10-1996,3.246203899383545,3.246203899383545,38915,3.2561609745025635,3.2561609745025635,1.825336217880249
15-10-1996,3.236246109008789,3.2561609745025635,18830,3.2561609745025635,3.236246109008789,1.8141725063323975
16-10-1996,3.236246109008789,3.236246109008789,182020,3.3258650302886963,3.3258650302886963,1.8644105195999146
17-10-1996,3.3258650302886963,3.3656959533691406,77829,3.3656959533691406,3.3258650302886963,1.8644105195999146
18-10-1996,3.3557379245758057,3.3557379245758057,6277,3.3557379245758057,3.3557379245758057,1.8811569213867188
21-10-1996,3.3457798957824707,3.3457798957824707,107957,3.405527114868164,3.405527114868164,1.909067153930664
22-10-1996,3.385611057281494,3.4154839515686035,110468,3.4254419803619385,3.4254419803619385,1.9202314615249634
23-10-1996,3.4354000091552734,3.4354000091552734,25106,3.445357084274292,3.445357084274292,1.9313948154449463
24-10-1996,3.405527114868164,3.445357084274292,75319,3.465272903442383,3.405527114868164,1.909067153930664
25-10-1996,3.4154839515686035,3.4254419803619385,16319,3.4354000091552734,3.4354000091552734,1.92581307888031
28-10-1996,3.4254419803619385,3.4354000091552734,150638,3.455315113067627,3.4254419803619385,1.9202314615249634
29-10-1996,3.405527114868164,3.405527114868164,3766,3.405527114868164,3.405527114868164,1.909067153930664
30-10-1996,3.405527114868164,3.4154839515686035,5021,3.4154839515686035,3.405527114868164,1.909067153930664
31-10-1996,3.405527114868164,3.405527114868164,0,3.405527114868164,3.405527114868164,1.909067153930664
01-11-1996,3.405527114868164,3.405527114868164,123021,3.445357084274292,3.4354000091552734,1.92581307888031
04-11-1996,3.445357084274292,3.445357084274292,70298,3.534976005554199,3.534976005554199,1.9816335439682007
05-11-1996,3.544934034347534,3.544934034347534,42681,3.5648488998413086,3.5648488998413086,1.998379111289978
06-11-1996,3.5648488998413086,3.5648488998413086,0,3.5648488998413086,3.5648488998413086,1.998379111289978
07-11-1996,3.5150609016418457,3.534976005554199,22596,3.534976005554199,3.5250189304351807,1.976051926612854
08-11-1996,3.5250189304351807,3.534976005554199,123021,3.614638090133667,3.614638090133667,2.02629017829895
11-11-1996,3.614638090133667,3.614638090133667,0,3.614638090133667,3.614638090133667,2.02629017829895
12-11-1996,3.5847649574279785,3.594722032546997,72808,3.604680061340332,3.604680061340332,2.020707845687866
13-11-1996,3.604680061340332,3.604680061340332,35149,3.614638090133667,3.614638090133667,2.02629017829895
14-11-1996,3.594722032546997,3.604680061340332,38915,3.614638090133667,3.614638090133667,2.02629017829895
15-11-1996,3.604680061340332,3.6245949268341064,56489,3.6345529556274414,3.6345529556274414,2.0374536514282227
18-11-1996,3.6245949268341064,3.6544690132141113,22596,3.66442608833313,3.6245949268341064,2.0318713188171387
19-11-1996,3.6245949268341064,3.6345529556274414,7532,3.6345529556274414,3.6245949268341064,2.0318713188171387
20-11-1996,3.6245949268341064,3.6345529556274414,171978,3.7440879344940186,3.7440879344940186,2.0988574028015137
21-11-1996,3.704257011413574,3.7241721153259277,17574,3.7241721153259277,3.704257011413574,2.0765295028686523
22-11-1996,3.6843419075012207,3.6942989826202393,28872,3.6942989826202393,3.6843419075012207,2.0653648376464844
25-11-1996,3.66442608833313,3.6843419075012207,80340,3.6843419075012207,3.6843419075012207,2.0653648376464844
26-11-1996,3.66442608833313,3.6843419075012207,37659,3.6843419075012207,3.674384117126465,2.0597822666168213
27-11-1996,3.674384117126465,3.674384117126465,48957,3.6942989826202393,3.674384117126465,2.0597822666168213
29-11-1996,3.674384117126465,3.674384117126465,7532,3.6843419075012207,3.6843419075012207,2.0653648376464844
02-12-1996,3.66442608833313,3.6843419075012207,25106,3.6843419075012207,3.66442608833313,2.0542006492614746
03-12-1996,3.5847649574279785,3.674384117126465,48957,3.6843419075012207,3.5847649574279785,2.0095436573028564
04-12-1996,3.5250189304351807,3.544934034347534,70298,3.544934034347534,3.534976005554199,1.9816335439682007
05-12-1996,3.5150609016418457,3.5150609016418457,139340,3.544934034347534,3.544934034347534,1.9993815422058105
06-12-1996,3.4851880073547363,3.50510311126709,51468,3.5150609016418457,3.50510311126709,1.9769166707992554
09-12-1996,3.50510311126709,3.50510311126709,65276,3.534976005554199,3.534976005554199,1.9937646389007568
10-12-1996,3.5150609016418457,3.5250189304351807,76574,3.554892063140869,3.534976005554199,1.9937646389007568
11-12-1996,3.465272903442383,3.50510311126709,42681,3.50510311126709,3.4752299785614014,1.9600683450698853
12-12-1996,3.4354000091552734,3.455315113067627,25106,3.455315113067627,3.445357084274292,1.943218469619751
13-12-1996,3.385611057281494,3.4254419803619385,15064,3.4254419803619385,3.385611057281494,1.9095219373703003
16-12-1996,3.405527114868164,3.405527114868164,23851,3.405527114868164,3.405527114868164,1.9207539558410645
17-12-1996,3.385611057281494,3.385611057281494,1255,3.385611057281494,3.385611057281494,1.9095219373703003
18-12-1996,3.3656959533691406,3.375653028488159,144361,3.375653028488159,3.375653028488159,1.9039051532745361
19-12-1996,3.385611057281494,3.385611057281494,97914,3.465272903442383,3.465272903442383,1.954451084136963
20-12-1996,3.614638090133667,3.6245949268341064,77829,3.6245949268341064,3.614638090133667,2.0386946201324463
23-12-1996,3.5648488998413086,3.614638090133667,42681,3.614638090133667,3.604680061340332,2.033078908920288
24-12-1996,3.604680061340332,3.604680061340332,0,3.604680061340332,3.604680061340332,2.033078908920288
26-12-1996,3.614638090133667,3.6245949268341064,36404,3.6345529556274414,3.614638090133667,2.0386946201324463
27-12-1996,3.604680061340332,3.604680061340332,2511,3.614638090133667,3.614638090133667,2.0386946201324463
30-12-1996,3.6345529556274414,3.6345529556274414,10043,3.6345529556274414,3.6345529556274414,2.0499267578125
31-12-1996,3.614638090133667,3.6245949268341064,13808,3.6245949268341064,3.614638090133667,2.0386946201324463
02-01-1997,3.614638090133667,3.614638090133667,77829,3.6544690132141113,3.6345529556274414,2.0499267578125
03-01-1997,3.6445109844207764,3.6445109844207764,71553,3.714215040206909,3.6942989826202393,2.083625555038452
06-01-1997,3.714215040206909,3.714215040206909,105446,3.764003038406372,3.7341299057006836,2.1060893535614014
07-01-1997,3.66442608833313,3.714215040206909,55234,3.714215040206909,3.66442608833313,2.0667765140533447
08-01-1997,3.6345529556274414,3.6544690132141113,22596,3.6544690132141113,3.6345529556274414,2.0499267578125
09-01-1997,3.6445109844207764,3.6445109844207764,102936,3.6843419075012207,3.674384117126465,2.072392225265503
10-01-1997,3.6245949268341064,3.6544690132141113,121765,3.6942989826202393,3.6942989826202393,2.083625555038452
13-01-1997,3.66442608833313,3.704257011413574,53978,3.7241721153259277,3.66442608833313,2.0667765140533447
14-01-1997,3.6843419075012207,3.6843419075012207,21340,3.704257011413574,3.704257011413574,2.089240789413452
15-01-1997,3.6942989826202393,3.704257011413574,46447,3.704257011413574,3.6942989826202393,2.083625555038452
16-01-1997,3.704257011413574,3.704257011413574,84106,3.7440879344940186,3.7440879344940186,2.111706495285034
17-01-1997,3.714215040206909,3.7241721153259277,25106,3.7341299057006836,3.7341299057006836,2.1060893535614014
20-01-1997,3.704257011413574,3.7241721153259277,5021,3.7241721153259277,3.704257011413574,2.089240789413452
21-01-1997,3.6843419075012207,3.704257011413574,37659,3.704257011413574,3.6942989826202393,2.083625555038452
22-01-1997,3.674384117126465,3.704257011413574,22596,3.704257011413574,3.6843419075012207,2.0780081748962402
23-01-1997,3.6245949268341064,3.6843419075012207,27617,3.6843419075012207,3.6245949268341064,2.0443103313446045
24-01-1997,3.554892063140869,3.594722032546997,60255,3.594722032546997,3.554892063140869,2.0049970149993896
27-01-1997,3.5150609016418457,3.5648488998413086,16319,3.5648488998413086,3.5150609016418457,1.9825321435928345
28-01-1997,3.4951460361480713,3.50510311126709,95404,3.534976005554199,3.50510311126709,1.9769166707992554
29-01-1997,3.4752299785614014,3.4851880073547363,13808,3.4851880073547363,3.4752299785614014,1.9600683450698853
30-01-1997,3.4752299785614014,3.4752299785614014,38915,3.4951460361480713,3.4752299785614014,1.9600683450698853
31-01-1997,3.4951460361480713,3.4951460361480713,3766,3.4951460361480713,3.4951460361480713,1.9712995290756226
03-02-1997,3.4254419803619385,3.4851880073547363,89127,3.4851880073547363,3.455315113067627,1.94883394241333
04-02-1997,3.4254419803619385,3.4354000091552734,12553,3.4354000091552734,3.4254419803619385,1.931986689567566
05-02-1997,3.405527114868164,3.4254419803619385,8787,3.4254419803619385,3.405527114868164,1.9207539558410645
06-02-1997,3.395569086074829,3.395569086074829,13808,3.395569086074829,3.395569086074829,1.9151372909545898
07-02-1997,3.375653028488159,3.405527114868164,16319,3.405527114868164,3.375653028488159,1.9039051532745361
10-02-1997,3.395569086074829,3.395569086074829,28872,3.405527114868164,3.405527114868164,1.9207539558410645
11-02-1997,3.385611057281494,3.4154839515686035,71553,3.4154839515686035,3.395569086074829,1.9151372909545898
12-02-1997,3.385611057281494,3.385611057281494,214658,3.465272903442383,3.455315113067627,1.94883394241333
13-02-1997,3.4752299785614014,3.4752299785614014,27617,3.4951460361480713,3.4951460361480713,1.9712995290756226
14-02-1997,3.5250189304351807,3.5250189304351807,40170,3.5748069286346436,3.5648488998413086,2.010612964630127
18-02-1997,3.544934034347534,3.544934034347534,8787,3.544934034347534,3.544934034347534,1.9993815422058105
19-02-1997,3.5250189304351807,3.5748069286346436,222190,3.5847649574279785,3.5250189304351807,1.9881484508514404
20-02-1997,3.50510311126709,3.50510311126709,10043,3.50510311126709,3.50510311126709,1.9769166707992554
21-02-1997,3.4851880073547363,3.4851880073547363,12553,3.4851880073547363,3.4851880073547363,1.965684175491333
24-02-1997,3.465272903442383,3.465272903442383,18830,3.4951460361480713,3.465272903442383,1.954451084136963
25-02-1997,3.465272903442383,3.465272903442383,2511,3.465272903442383,3.465272903442383,1.954451084136963
26-02-1997,3.465272903442383,3.4851880073547363,32638,3.4851880073547363,3.465272903442383,1.954451084136963
27-02-1997,3.445357084274292,3.455315113067627,38915,3.465272903442383,3.465272903442383,1.954451084136963
28-02-1997,3.465272903442383,3.465272903442383,85361,3.5150609016418457,3.5150609016418457,1.9825321435928345
03-03-1997,3.455315113067627,3.465272903442383,10043,3.465272903442383,3.455315113067627,1.9608323574066162
04-03-1997,3.4752299785614014,3.4752299785614014,21340,3.50510311126709,3.50510311126709,1.989088773727417
05-03-1997,3.4951460361480713,3.4951460361480713,45191,3.5250189304351807,3.5250189304351807,2.000389337539673
06-03-1997,3.534976005554199,3.534976005554199,12553,3.534976005554199,3.534976005554199,2.006040334701538
07-03-1997,3.5250189304351807,3.5250189304351807,13808,3.5250189304351807,3.5250189304351807,2.000389337539673
10-03-1997,3.50510311126709,3.5250189304351807,85361,3.5847649574279785,3.5847649574279785,2.034294843673706
11-03-1997,3.5847649574279785,3.594722032546997,23851,3.604680061340332,3.604680061340332,2.0455965995788574
12-03-1997,3.5847649574279785,3.5847649574279785,25106,3.614638090133667,3.614638090133667,2.051246166229248
13-03-1997,3.554892063140869,3.6245949268341064,16319,3.6245949268341064,3.554892063140869,2.017341136932373
14-03-1997,3.534976005554199,3.534976005554199,13808,3.604680061340332,3.5847649574279785,2.034294843673706
17-03-1997,3.5648488998413086,3.5648488998413086,193318,3.704257011413574,3.6843419075012207,2.0908021926879883
18-03-1997,3.66442608833313,3.6843419075012207,71553,3.7241721153259277,3.66442608833313,2.079500675201416
19-03-1997,3.6843419075012207,3.6843419075012207,133063,3.7440879344940186,3.7341299057006836,2.1190555095672607
20-03-1997,3.7241721153259277,3.7241721153259277,2511,3.7241721153259277,3.7241721153259277,2.113405227661133
21-03-1997,3.7341299057006836,3.7341299057006836,135574,3.8635799884796143,3.8635799884796143,2.192516803741455
24-03-1997,3.8536219596862793,3.8834950923919678,48957,3.9034109115600586,3.8536219596862793,2.1868667602539062
25-03-1997,3.7938759326934814,3.8536219596862793,28872,3.8536219596862793,3.7938759326934814,2.1529605388641357
26-03-1997,3.813791036605835,3.813791036605835,72808,3.8934528827667236,3.8635799884796143,2.192516803741455
27-03-1997,3.8038339614868164,3.8635799884796143,40170,3.8635799884796143,3.813791036605835,2.1642630100250244
31-03-1997,3.773961067199707,3.7938759326934814,38915,3.82374906539917,3.773961067199707,2.141660213470459
01-04-1997,3.7241721153259277,3.754045009613037,105446,3.764003038406372,3.764003038406372,2.1360080242156982
02-04-1997,3.7440879344940186,3.7440879344940186,11298,3.7440879344940186,3.7440879344940186,2.1247079372406006
03-04-1997,3.6843419075012207,3.7241721153259277,12553,3.7241721153259277,3.6843419075012207,2.0908021926879883
04-04-1997,3.674384117126465,3.6843419075012207,42681,3.704257011413574,3.704257011413574,2.1021034717559814
07-04-1997,3.6843419075012207,3.6843419075012207,64021,3.7440879344940186,3.7440879344940186,2.1247079372406006
08-04-1997,3.704257011413574,3.7241721153259277,23851,3.7241721153259277,3.704257011413574,2.1021034717559814
09-04-1997,3.704257011413574,3.704257011413574,0,3.704257011413574,3.704257011413574,2.1021034717559814
10-04-1997,3.7241721153259277,3.7241721153259277,40170,3.764003038406372,3.764003038406372,2.1360080242156982
11-04-1997,3.704257011413574,3.7440879344940186,20085,3.7440879344940186,3.7241721153259277,2.113405227661133
14-04-1997,3.6245949268341064,3.704257011413574,71553,3.704257011413574,3.6544690132141113,2.0738494396209717
15-04-1997,3.6544690132141113,3.6544690132141113,53978,3.6942989826202393,3.6843419075012207,2.0908021926879883
16-04-1997,3.704257011413574,3.704257011413574,57744,3.7839179039001465,3.7839179039001465,2.147310495376587
17-04-1997,3.8038339614868164,3.8038339614868164,96659,3.8934528827667236,3.8436639308929443,2.181215286254883
18-04-1997,3.8436639308929443,3.8436639308929443,16319,3.8436639308929443,3.8436639308929443,2.181215286254883
21-04-1997,3.82374906539917,3.8436639308929443,8787,3.8436639308929443,3.82374906539917,2.1699135303497314
22-04-1997,3.8038339614868164,3.8038339614868164,40170,3.873537063598633,3.873537063598633,2.1981682777404785
23-04-1997,3.8436639308929443,3.873537063598633,46447,3.8934528827667236,3.8436639308929443,2.181215286254883
24-04-1997,3.873537063598633,3.873537063598633,26362,3.913367986679077,3.913367986679077,2.220771312713623
25-04-1997,3.9432408809661865,3.9432408809661865,32638,4.052775859832764,4.012945175170898,2.277280569076538
28-04-1997,3.9631569385528564,4.022902965545654,43936,4.022902965545654,3.9631569385528564,2.2490246295928955
29-04-1997,3.933284044265747,4.002986907958984,35149,4.012945175170898,3.993030071258545,2.2659780979156494
30-04-1997,4.022902965545654,4.022902965545654,15064,4.022902965545654,4.022902965545654,2.282930374145508
01-05-1997,4.022902965545654,4.052775859832764,21340,4.052775859832764,4.022902965545654,2.282930374145508
02-05-1997,4.042818069458008,4.042818069458008,17574,4.082649230957031,4.082649230957031,2.316836357116699
05-05-1997,4.032859802246094,4.042818069458008,67787,4.102563858032227,4.102563858032227,2.328136682510376
06-05-1997,4.132437229156494,4.14239501953125,25106,4.202140808105469,4.132437229156494,2.345088481903076
07-05-1997,4.072690963745117,4.132437229156494,11298,4.132437229156494,4.072690963745117,2.3111841678619385
08-05-1997,4.062733173370361,4.062733173370361,30128,4.1623101234436035,4.132437229156494,2.345088481903076
09-05-1997,4.092606067657471,4.112522125244141,2511,4.112522125244141,4.092606067657471,2.32248592376709
12-05-1997,4.112522125244141,4.112522125244141,22596,4.14239501953125,4.132437229156494,2.345088481903076
13-05-1997,4.062733173370361,4.132437229156494,36404,4.132437229156494,4.072690963745117,2.3111841678619385
14-05-1997,4.092606067657471,4.092606067657471,1255,4.092606067657471,4.092606067657471,2.32248592376709
15-05-1997,4.102563858032227,4.112522125244141,165701,4.132437229156494,4.112522125244141,2.3337881565093994
16-05-1997,4.022902965545654,4.12247896194458,87872,4.132437229156494,4.062733173370361,2.3055341243743896
19-05-1997,4.062733173370361,4.062733173370361,21340,4.102563858032227,4.102563858032227,2.328136682510376
20-05-1997,4.082649230957031,4.082649230957031,48957,4.102563858032227,4.102563858032227,2.328136682510376
21-05-1997,3.9631569385528564,4.082649230957031,41425,4.082649230957031,3.98307204246521,2.2603259086608887
22-05-1997,3.993030071258545,3.993030071258545,28872,4.062733173370361,4.062733173370361,2.3055341243743896
23-05-1997,4.062733173370361,4.062733173370361,40170,4.102563858032227,4.102563858032227,2.328136682510376
27-05-1997,4.062733173370361,4.082649230957031,10043,4.082649230957031,4.062733173370361,2.3055341243743896
28-05-1997,4.022902965545654,4.042818069458008,23851,4.042818069458008,4.042818069458008,2.29423189163208
29-05-1997,3.993030071258545,4.052775859832764,16319,4.052775859832764,3.993030071258545,2.2659780979156494
30-05-1997,3.9631569385528564,3.98307204246521,8787,3.98307204246521,3.98307204246521,2.2603259086608887
02-06-1997,3.98307204246521,4.002986907958984,6277,4.002986907958984,3.98307204246521,2.2603259086608887
03-06-1997,3.98307204246521,3.98307204246521,2511,3.98307204246521,3.98307204246521,2.2603259086608887
04-06-1997,3.923326015472412,3.973114013671875,15064,3.973114013671875,3.923326015472412,2.2385094165802
05-06-1997,3.923326015472412,3.9432408809661865,7532,3.9631569385528564,3.923326015472412,2.2385094165802
06-06-1997,3.9432408809661865,3.9432408809661865,21340,3.9531989097595215,3.9531989097595215,2.255553722381592
09-06-1997,3.923326015472412,3.9531989097595215,26362,3.9531989097595215,3.923326015472412,2.2385094165802
10-06-1997,3.923326015472412,3.923326015472412,36404,3.9531989097595215,3.9531989097595215,2.255553722381592
11-06-1997,3.973114013671875,3.973114013671875,38915,4.032859802246094,4.032859802246094,2.3010060787200928
12-06-1997,4.012945175170898,4.032859802246094,8787,4.032859802246094,4.012945175170898,2.289644956588745
13-06-1997,3.973114013671875,3.993030071258545,8787,3.993030071258545,3.973114013671875,2.266916513442993
16-06-1997,3.9432408809661865,3.98307204246521,13808,3.98307204246521,3.9432408809661865,2.249873638153076
17-06-1997,3.9034109115600586,3.923326015472412,27617,3.923326015472412,3.9034109115600586,2.227147340774536
18-06-1997,3.8834950923919678,3.8934528827667236,21340,3.9034109115600586,3.9034109115600586,2.227147340774536
19-06-1997,3.8934528827667236,3.8934528827667236,16319,3.923326015472412,3.923326015472412,2.2385094165802
20-06-1997,3.8934528827667236,3.9034109115600586,5021,3.9034109115600586,3.8934528827667236,2.221465587615967
23-06-1997,3.8436639308929443,3.9034109115600586,23851,3.9034109115600586,3.8436639308929443,2.1930580139160156
24-06-1997,3.8038339614868164,3.82374906539917,50213,3.8635799884796143,3.8635799884796143,2.204421043395996
25-06-1997,3.8038339614868164,3.8635799884796143,32638,3.8834950923919678,3.8038339614868164,2.170332193374634
26-06-1997,3.8038339614868164,3.82374906539917,36404,3.8436639308929443,3.82374906539917,2.181694269180298
27-06-1997,3.8436639308929443,3.8436639308929443,17574,3.8635799884796143,3.8635799884796143,2.204421043395996
30-06-1997,3.8436639308929443,3.8436639308929443,11298,3.8635799884796143,3.8436639308929443,2.1930580139160156
01-07-1997,3.82374906539917,3.82374906539917,57744,3.913367986679077,3.873537063598633,2.210103750228882
02-07-1997,3.8934528827667236,3.8934528827667236,31383,3.923326015472412,3.913367986679077,2.2328290939331055
03-07-1997,3.923326015472412,3.923326015472412,17574,3.9531989097595215,3.9531989097595215,2.255553722381592
07-07-1997,3.9531989097595215,3.973114013671875,25106,3.98307204246521,3.9531989097595215,2.255553722381592
08-07-1997,3.9531989097595215,3.9531989097595215,0,3.9531989097595215,3.9531989097595215,2.255553722381592
09-07-1997,3.913367986679077,3.98307204246521,45191,4.022902965545654,3.913367986679077,2.2328290939331055
10-07-1997,3.82374906539917,3.923326015472412,57744,3.923326015472412,3.9034109115600586,2.227147340774536
11-07-1997,3.7839179039001465,3.923326015472412,97914,3.923326015472412,3.82374906539917,2.181694269180298
14-07-1997,3.8436639308929443,3.8436639308929443,43936,3.8635799884796143,3.8635799884796143,2.204421043395996
15-07-1997,3.82374906539917,3.8635799884796143,61510,3.8834950923919678,3.8834950923919678,2.2157843112945557
16-07-1997,3.8536219596862793,3.8834950923919678,8787,3.8834950923919678,3.873537063598633,2.210103750228882
17-07-1997,3.833707094192505,3.9034109115600586,45191,3.9034109115600586,3.8436639308929443,2.1930580139160156
18-07-1997,3.7938759326934814,3.8635799884796143,42681,3.873537063598633,3.8038339614868164,2.170332193374634
21-07-1997,3.7839179039001465,3.7839179039001465,43936,3.82374906539917,3.7839179039001465,2.1589691638946533
22-07-1997,3.7839179039001465,3.8038339614868164,33893,3.8436639308929443,3.8436639308929443,2.1930580139160156
23-07-1997,3.8436639308929443,3.8635799884796143,26362,3.8635799884796143,3.8436639308929443,2.1930580139160156
24-07-1997,3.833707094192505,3.9034109115600586,40170,3.9034109115600586,3.833707094192505,2.1873769760131836
25-07-1997,3.764003038406372,3.82374906539917,85361,3.8834950923919678,3.764003038406372,2.147606134414673
28-07-1997,3.7440879344940186,3.7839179039001465,22596,3.7839179039001465,3.7440879344940186,2.136244297027588
29-07-1997,3.7440879344940186,3.764003038406372,27617,3.7839179039001465,3.7839179039001465,2.1589691638946533
30-07-1997,3.7839179039001465,3.8038339614868164,36404,3.828727960586548,3.8038339614868164,2.170332193374634
31-07-1997,3.759023904800415,3.82374906539917,40170,3.82374906539917,3.759023904800415,2.1447651386260986
01-08-1997,3.7241721153259277,3.764003038406372,99170,3.764003038406372,3.764003038406372,2.147606134414673
04-08-1997,3.7241721153259277,3.7440879344940186,27617,3.764003038406372,3.764003038406372,2.147606134414673
05-08-1997,3.7839179039001465,3.7839179039001465,8787,3.813791036605835,3.8038339614868164,2.170332193374634
06-08-1997,3.7440879344940186,3.7839179039001465,38915,3.7839179039001465,3.7440879344940186,2.136244297027588
07-08-1997,3.749066114425659,3.764003038406372,33893,3.773961067199707,3.764003038406372,2.147606134414673
08-08-1997,3.614638090133667,3.76898193359375,95404,3.76898193359375,3.614638090133667,2.0623838901519775
11-08-1997,3.614638090133667,3.614638090133667,74063,3.704257011413574,3.704257011413574,2.1135175228118896
12-08-1997,3.66442608833313,3.704257011413574,12553,3.704257011413574,3.66442608833313,2.0907914638519287
13-08-1997,3.5847649574279785,3.6245949268341064,56489,3.6445109844207764,3.6445109844207764,2.07942795753479
14-08-1997,3.6245949268341064,3.6445109844207764,12553,3.6445109844207764,3.6245949268341064,2.068063974380493
15-08-1997,3.544934034347534,3.544934034347534,70298,3.5847649574279785,3.5847649574279785,2.045339584350586
18-08-1997,3.5847649574279785,3.5847649574279785,56489,3.6345529556274414,3.6345529556274414,2.0737464427948
19-08-1997,3.6544690132141113,3.6544690132141113,43936,3.669404983520508,3.659446954727173,2.0879502296447754
20-08-1997,3.6445109844207764,3.66442608833313,91638,3.669404983520508,3.66442608833313,2.0907914638519287
21-08-1997,3.66442608833313,3.674384117126465,66532,3.6893200874328613,3.669404983520508,2.0936317443847656
22-08-1997,3.6445109844207764,3.66442608833313,46447,3.6793630123138428,3.6793630123138428,2.0993142127990723
25-08-1997,3.6843419075012207,3.6843419075012207,50213,3.7839179039001465,3.764003038406372,2.147606134414673
26-08-1997,3.764003038406372,3.764003038406372,15064,3.8038339614868164,3.8038339614868164,2.170332193374634
27-08-1997,3.764003038406372,3.8038339614868164,79085,3.813791036605835,3.7839179039001465,2.1589691638946533
28-08-1997,3.7440879344940186,3.764003038406372,12553,3.7839179039001465,3.7839179039001465,2.1589691638946533
29-08-1997,3.704257011413574,3.759023904800415,22596,3.759023904800415,3.7440879344940186,2.1484551429748535
02-09-1997,3.764003038406372,3.764003038406372,46447,3.82374906539917,3.7938759326934814,2.1770262718200684
03-09-1997,3.813791036605835,3.813791036605835,43936,3.8635799884796143,3.8436639308929443,2.2055954933166504
04-09-1997,3.8038339614868164,3.82374906539917,12553,3.82374906539917,3.8038339614868164,2.1827392578125
05-09-1997,3.754045009613037,3.7839179039001465,16319,3.7839179039001465,3.764003038406372,2.159883975982666
08-09-1997,3.7440879344940186,3.764003038406372,5021,3.764003038406372,3.7440879344940186,2.1484551429748535
09-09-1997,3.7241721153259277,3.7241721153259277,355253,3.773961067199707,3.7440879344940186,2.1484551429748535
10-09-1997,3.704257011413574,3.7341299057006836,16319,3.7341299057006836,3.704257011413574,2.1256003379821777
11-09-1997,3.5847649574279785,3.704257011413574,150638,3.704257011413574,3.604680061340332,2.06846022605896
12-09-1997,3.5847649574279785,3.6245949268341064,454423,3.6445109844207764,3.6445109844207764,2.0913169384002686
15-09-1997,3.66442608833313,3.66442608833313,33893,3.714215040206909,3.6992781162261963,2.1227426528930664
16-09-1997,3.709235906600952,3.709235906600952,65276,3.818769931793213,3.818769931793213,2.191310405731201
17-09-1997,3.7440879344940186,3.838685989379883,57744,3.8486430644989014,3.749066114425659,2.151313066482544
18-09-1997,3.764003038406372,3.764003038406372,101680,3.8635799884796143,3.8586010932922363,2.2141659259796143
19-09-1997,3.813791036605835,3.82374906539917,107957,3.82374906539917,3.818769931793213,2.191310405731201
22-09-1997,3.8038339614868164,3.838685989379883,17574,3.838685989379883,3.8038339614868164,2.1827392578125
23-09-1997,3.8038339614868164,3.82374906539917,17574,3.82374906539917,3.813791036605835,2.188453197479248
24-09-1997,3.82374906539917,3.82374906539917,51468,3.9034109115600586,3.833707094192505,2.1998815536499023
25-09-1997,3.7938759326934814,3.82374906539917,17574,3.8635799884796143,3.8635799884796143,2.2170231342315674
26-09-1997,3.8436639308929443,3.8834950923919678,13808,3.8984320163726807,3.8436639308929443,2.2055954933166504
29-09-1997,3.8635799884796143,3.8635799884796143,117999,3.968135118484497,3.9631569385528564,2.274163007736206
30-09-1997,3.8536219596862793,3.9432408809661865,25106,3.9432408809661865,3.8536219596862793,2.2113096714019775
01-10-1997,3.8536219596862793,3.8536219596862793,131808,3.9581780433654785,3.9581780433654785,2.2713069915771484
02-10-1997,3.918346881866455,3.9382619857788086,12553,3.9382619857788086,3.918346881866455,2.248450517654419
03-10-1997,3.923326015472412,3.9631569385528564,33893,3.988050937652588,3.923326015472412,2.251307487487793
06-10-1997,3.923326015472412,3.923326015472412,30128,3.9581780433654785,3.9382619857788086,2.259877920150757
07-10-1997,3.8884739875793457,3.98307204246521,59000,3.98307204246521,3.8984320163726807,2.2370221614837646
08-10-1997,3.8884739875793457,3.8934528827667236,10043,3.8934528827667236,3.8884739875793457,2.2313082218170166
09-10-1997,3.8834950923919678,3.9034109115600586,7532,3.9034109115600586,3.8934528827667236,2.234165906906128
10-10-1997,3.8934528827667236,3.8934528827667236,28872,4.022902965545654,4.022902965545654,2.3084471225738525
13-10-1997,4.002986907958984,4.002986907958984,27617,4.042818069458008,4.042818069458008,2.3198752403259277
14-10-1997,4.047797203063965,4.052775859832764,2511,4.052775859832764,4.047797203063965,2.3227317333221436
15-10-1997,3.98307204246521,4.032859802246094,20085,4.032859802246094,3.98307204246521,2.285590887069702
16-10-1997,3.9432408809661865,3.993030071258545,30128,4.022902965545654,3.9432408809661865,2.262735605239868
17-10-1997,3.8635799884796143,3.9034109115600586,20085,3.9034109115600586,3.8834950923919678,2.2284514904022217
20-10-1997,3.8934528827667236,3.8934528827667236,30128,4.022902965545654,4.022902965545654,2.3084471225738525
21-10-1997,4.002986907958984,4.002986907958984,20085,4.062733173370361,4.062733173370361,2.3313026428222656
22-10-1997,3.9531989097595215,4.042818069458008,28872,4.042818069458008,4.022902965545654,2.3084471225738525
23-10-1997,3.8834950923919678,3.9531989097595215,37659,3.9531989097595215,3.8884739875793457,2.2313082218170166
24-10-1997,3.8834950923919678,3.8884739875793457,81595,3.913367986679077,3.8834950923919678,2.2284514904022217
27-10-1997,3.8834950923919678,3.8834950923919678,0,3.8834950923919678,3.8834950923919678,2.2284514904022217
28-10-1997,3.6942989826202393,3.8635799884796143,85361,3.8635799884796143,3.7839179039001465,2.1713109016418457
29-10-1997,3.8038339614868164,3.8038339614868164,120510,3.82374906539917,3.8038339614868164,2.1827392578125
30-10-1997,3.82374906539917,3.82374906539917,5021,3.8436639308929443,3.833707094192505,2.1998815536499023
31-10-1997,3.7938759326934814,3.833707094192505,10043,3.833707094192505,3.7938759326934814,2.1770262718200684
03-11-1997,3.833707094192505,3.833707094192505,16319,3.8635799884796143,3.8635799884796143,2.2170231342315674
04-11-1997,3.82374906539917,3.8436639308929443,12553,3.8536219596862793,3.8536219596862793,2.2113096714019775
05-11-1997,3.7839179039001465,3.82374906539917,27617,3.82374906539917,3.8038339614868164,2.1827392578125
06-11-1997,3.7938759326934814,3.8038339614868164,16319,3.8038339614868164,3.8038339614868164,2.1827392578125
07-11-1997,3.764003038406372,3.7839179039001465,3766,3.7839179039001465,3.764003038406372,2.159883975982666
10-11-1997,3.764003038406372,3.764003038406372,40170,3.82374906539917,3.82374906539917,2.194167375564575
11-11-1997,3.8436639308929443,3.8436639308929443,2511,3.8536219596862793,3.8536219596862793,2.2113096714019775
12-11-1997,3.813791036605835,3.833707094192505,28872,3.8436639308929443,3.813791036605835,2.188453197479248
13-11-1997,3.82374906539917,3.82374906539917,5021,3.833707094192505,3.82374906539917,2.194167375564575
14-11-1997,3.7839179039001465,3.82374906539917,21340,3.82374906539917,3.82374906539917,2.194167375564575
17-11-1997,3.833707094192505,3.833707094192505,32638,3.913367986679077,3.913367986679077,2.2455930709838867
18-11-1997,3.8635799884796143,3.9034109115600586,30128,3.9034109115600586,3.8635799884796143,2.2170231342315674
19-11-1997,3.8785159587860107,3.8785159587860107,124276,3.913367986679077,3.9034109115600586,2.2398791313171387
20-11-1997,3.913367986679077,3.913367986679077,45191,4.002986907958984,4.002986907958984,2.297018527984619
21-11-1997,3.988050937652588,4.022902965545654,17574,4.032859802246094,3.988050937652588,2.288447618484497
24-11-1997,3.9631569385528564,3.9631569385528564,15064,4.002986907958984,3.98307204246521,2.285590887069702
25-11-1997,3.8436639308929443,3.993030071258545,33893,3.993030071258545,3.8436639308929443,2.2055954933166504
26-11-1997,3.873537063598633,3.9034109115600586,18830,3.9034109115600586,3.8834950923919678,2.2284514904022217
28-11-1997,3.8834950923919678,3.8834950923919678,1255,3.8834950923919678,3.8834950923919678,2.2284514904022217
01-12-1997,3.9034109115600586,3.9034109115600586,25106,3.973114013671875,3.973114013671875,2.279876470565796
02-12-1997,3.973114013671875,4.002986907958984,21340,4.022902965545654,3.973114013671875,2.279876470565796
03-12-1997,3.933284044265747,3.933284044265747,37659,4.062733173370361,4.042818069458008,2.3329720497131348
04-12-1997,4.017923831939697,4.082649230957031,32638,4.082649230957031,4.017923831939697,2.318606376647949
05-12-1997,4.022902965545654,4.022902965545654,90383,4.12247896194458,4.102563858032227,2.3674495220184326
08-12-1997,4.032859802246094,4.072690963745117,8787,4.072690963745117,4.032859802246094,2.3272252082824707
09-12-1997,3.993030071258545,4.042818069458008,37659,4.042818069458008,4.002986907958984,2.3099868297576904
10-12-1997,4.002986907958984,4.002986907958984,15064,4.062733173370361,4.062733173370361,2.344464063644409
11-12-1997,4.002986907958984,4.042818069458008,6277,4.042818069458008,4.007966041564941,2.3128604888916016
12-12-1997,3.9980080127716064,3.9980080127716064,7532,4.002986907958984,4.002986907958984,2.3099868297576904
15-12-1997,4.012945175170898,4.012945175170898,23851,4.062733173370361,4.062733173370361,2.344464063644409
16-12-1997,4.082649230957031,4.082649230957031,10043,4.112522125244141,4.112522125244141,2.3731954097747803
17-12-1997,4.097585201263428,4.102563858032227,17574,4.14239501953125,4.137415885925293,2.3875603675842285
18-12-1997,4.057754993438721,4.102563858032227,23851,4.102563858032227,4.057754993438721,2.341592311859131
19-12-1997,3.933284044265747,4.022902965545654,33893,4.022902965545654,3.973114013671875,2.292748212814331
22-12-1997,3.973114013671875,3.993030071258545,45191,4.062733173370361,4.042818069458008,2.3329720497131348
23-12-1997,4.042818069458008,4.042818069458008,2511,4.042818069458008,4.042818069458008,2.3329720497131348
24-12-1997,4.002986907958984,4.022902965545654,5021,4.022902965545654,4.002986907958984,2.3099868297576904
26-12-1997,4.002986907958984,4.002986907958984,1255,4.002986907958984,4.002986907958984,2.3099868297576904
29-12-1997,3.98307204246521,4.022902965545654,69042,4.082649230957031,4.082649230957031,2.3559582233428955
30-12-1997,4.12247896194458,4.12247896194458,117999,4.202140808105469,4.202140808105469,2.4249134063720703
31-12-1997,4.182226181030273,4.182226181030273,2511,4.202140808105469,4.202140808105469,2.4249134063720703
02-01-1998,4.182226181030273,4.182226181030273,31383,4.222055912017822,4.202140808105469,2.4249134063720703
05-01-1998,4.082649230957031,4.14239501953125,106702,4.14239501953125,4.102563858032227,2.3674495220184326
06-01-1998,4.062733173370361,4.082649230957031,33893,4.112522125244141,4.082649230957031,2.3559582233428955
07-01-1998,4.042818069458008,4.062733173370361,30128,4.062733173370361,4.062733173370361,2.344464063644409
08-01-1998,4.042818069458008,4.062733173370361,23851,4.062733173370361,4.062733173370361,2.344464063644409
09-01-1998,4.022902965545654,4.062733173370361,57744,4.112522125244141,4.022902965545654,2.321479558944702
12-01-1998,3.993030071258545,4.022902965545654,72808,4.147374153137207,4.147374153137207,2.393308162689209
13-01-1998,4.152352809906006,4.167288780212402,16319,4.172267913818359,4.152352809906006,2.396181106567383
14-01-1998,4.022902965545654,4.172267913818359,50213,4.172267913818359,4.12247896194458,2.378941774368286
15-01-1998,4.112522125244141,4.112522125244141,1255,4.112522125244141,4.112522125244141,2.3731954097747803
16-01-1998,4.102563858032227,4.102563858032227,27617,4.182226181030273,4.132437229156494,2.384687900543213
20-01-1998,4.14239501953125,4.152352809906006,53978,4.202140808105469,4.167288780212402,2.4048004150390625
21-01-1998,3.98307204246521,4.182226181030273,33893,4.182226181030273,4.002986907958984,2.3099868297576904
22-01-1998,3.98307204246521,3.98307204246521,42681,4.112522125244141,4.062733173370361,2.344464063644409
23-01-1998,3.98307204246521,4.032859802246094,33893,4.042818069458008,4.002986907958984,2.3099868297576904
26-01-1998,3.98307204246521,3.98307204246521,18830,3.98307204246521,3.98307204246521,2.298494338989258
27-01-1998,4.002986907958984,4.022902965545654,21340,4.032859802246094,4.032859802246094,2.3272252082824707
28-01-1998,3.98307204246521,4.052775859832764,21340,4.052775859832764,3.993030071258545,2.304241180419922
29-01-1998,4.002986907958984,4.042818069458008,38915,4.12247896194458,4.022902965545654,2.321479558944702
30-01-1998,3.9034109115600586,3.98307204246521,79085,3.98307204246521,3.9432408809661865,2.275509834289551
02-02-1998,3.98307204246521,3.98307204246521,47702,4.12247896194458,4.092606067657471,2.361703395843506
03-02-1998,4.022902965545654,4.092606067657471,66532,4.092606067657471,4.032859802246094,2.3272252082824707
04-02-1998,3.9432408809661865,4.002986907958984,50213,4.002986907958984,3.9432408809661865,2.275509834289551
05-02-1998,3.933284044265747,3.9631569385528564,48957,3.968135118484497,3.9531989097595215,2.2812559604644775
06-02-1998,3.9631569385528564,3.9631569385528564,15064,4.002986907958984,4.002986907958984,2.3099868297576904
09-02-1998,4.022902965545654,4.022902965545654,13808,4.057754993438721,4.057754993438721,2.341592311859131
10-02-1998,4.022902965545654,4.042818069458008,20085,4.082649230957031,4.062733173370361,2.344464063644409
11-02-1998,4.072690963745117,4.072690963745117,13808,4.112522125244141,4.112522125244141,2.3731954097747803
12-02-1998,4.062733173370361,4.092606067657471,31383,4.12247896194458,4.12247896194458,2.378941774368286
13-02-1998,4.082649230957031,4.112522125244141,52723,4.112522125244141,4.08762788772583,2.358830451965332
17-02-1998,4.082649230957031,4.14239501953125,94148,4.14239501953125,4.12247896194458,2.378941774368286
18-02-1998,4.082649230957031,4.102563858032227,22596,4.102563858032227,4.082649230957031,2.3559582233428955
19-02-1998,4.062733173370361,4.102563858032227,17574,4.102563858032227,4.062733173370361,2.344464063644409
20-02-1998,4.082649230957031,4.102563858032227,51468,4.14239501953125,4.14239501953125,2.390434980392456
23-02-1998,4.102563858032227,4.102563858032227,50213,4.14239501953125,4.102563858032227,2.3674495220184326
24-02-1998,4.102563858032227,4.12247896194458,6277,4.12247896194458,4.12247896194458,2.378941774368286
25-02-1998,4.14239501953125,4.14239501953125,7532,4.177247047424316,4.1623101234436035,2.4019272327423096
26-02-1998,4.182226181030273,4.182226181030273,11298,4.202140808105469,4.202140808105469,2.4249134063720703
27-02-1998,4.182226181030273,4.182226181030273,3766,4.182226181030273,4.182226181030273,2.413419485092163
02-03-1998,4.172267913818359,4.182226181030273,16319,4.222055912017822,4.172267913818359,2.420583486557007
03-03-1998,4.167288780212402,4.167288780212402,45191,4.222055912017822,4.217076778411865,2.4465792179107666
04-03-1998,4.14239501953125,4.222055912017822,22596,4.222055912017822,4.152352809906006,2.409029245376587
05-03-1998,4.1623101234436035,4.1623101234436035,1255,4.1623101234436035,4.1623101234436035,2.4148056507110596
06-03-1998,4.172267913818359,4.172267913818359,17574,4.261887073516846,4.232014179229736,2.4552462100982666
09-03-1998,4.202140808105469,4.261887073516846,50213,4.261887073516846,4.202140808105469,2.437915086746216
10-03-1998,4.222055912017822,4.241971969604492,27617,4.241971969604492,4.222055912017822,2.4494693279266357
11-03-1998,4.241971969604492,4.241971969604492,3766,4.241971969604492,4.241971969604492,2.46102237701416
12-03-1998,4.241971969604492,4.241971969604492,22596,4.3216328620910645,4.3216328620910645,2.5072391033172607
13-03-1998,4.301718235015869,4.311675071716309,81595,4.341547966003418,4.301718235015869,2.495685338973999
16-03-1998,4.281802177429199,4.281802177429199,30128,4.361464023590088,4.3216328620910645,2.5072391033172607
17-03-1998,4.261887073516846,4.301718235015869,35149,4.3216328620910645,4.3216328620910645,2.5072391033172607
18-03-1998,4.301718235015869,4.301718235015869,15064,4.3216328620910645,4.306696891784668,2.4985735416412354
19-03-1998,4.281802177429199,4.301718235015869,15064,4.301718235015869,4.281802177429199,2.484131336212158
20-03-1998,4.301718235015869,4.301718235015869,43936,4.341547966003418,4.341547966003418,2.5187931060791016
23-03-1998,4.3266119956970215,4.341547966003418,21340,4.381379127502441,4.361464023590088,2.530346632003784
24-03-1998,4.3315911293029785,4.376399993896484,52723,4.376399993896484,4.3315911293029785,2.5130155086517334
25-03-1998,4.301718235015869,4.346527099609375,31383,4.381379127502441,4.301718235015869,2.495685338973999
26-03-1998,4.271844863891602,4.306696891784668,27617,4.306696891784668,4.271844863891602,2.47835373878479
27-03-1998,4.217076778411865,4.271844863891602,18830,4.271844863891602,4.217076778411865,2.4465792179107666
30-03-1998,4.172267913818359,4.19716215133667,106702,4.19716215133667,4.172267913818359,2.420583486557007
31-03-1998,4.14239501953125,4.1623101234436035,286211,4.246950149536133,4.14239501953125,2.4032516479492188
01-04-1998,4.152352809906006,4.152352809906006,106702,4.261887073516846,4.261887073516846,2.472576379776001
02-04-1998,4.261887073516846,4.261887073516846,40170,4.361464023590088,4.356484889984131,2.527456521987915
03-04-1998,4.371420860290527,4.376399993896484,26362,4.396316051483154,4.371420860290527,2.5361225605010986
06-04-1998,4.3216328620910645,4.351506233215332,32638,4.401294231414795,4.3216328620910645,2.5072391033172607
07-04-1998,4.236992835998535,4.291759967803955,7532,4.291759967803955,4.236992835998535,2.4581332206726074
08-04-1998,4.172267913818359,4.256907939910889,17574,4.256907939910889,4.172267913818359,2.420583486557007
09-04-1998,4.172267913818359,4.172267913818359,53978,4.241971969604492,4.222055912017822,2.4494693279266357
13-04-1998,4.172267913818359,4.202140808105469,6277,4.202140808105469,4.177247047424316,2.423470973968506
14-04-1998,4.202140808105469,4.202140808105469,105446,4.281802177429199,4.281802177429199,2.484131336212158
15-04-1998,4.261887073516846,4.261887073516846,31383,4.356484889984131,4.356484889984131,2.527456521987915
16-04-1998,4.341547966003418,4.341547966003418,6277,4.341547966003418,4.341547966003418,2.5187931060791016
17-04-1998,4.3315911293029785,4.341547966003418,87872,4.381379127502441,4.381379127502441,2.5419015884399414
20-04-1998,4.341547966003418,4.381379127502441,38915,4.381379127502441,4.341547966003418,2.5187931060791016
21-04-1998,4.3216328620910645,4.351506233215332,8787,4.351506233215332,4.3216328620910645,2.5072391033172607
22-04-1998,4.301718235015869,4.301718235015869,12553,4.3315911293029785,4.3315911293029785,2.5130155086517334
23-04-1998,4.3315911293029785,4.351506233215332,6277,4.351506233215332,4.3315911293029785,2.5130155086517334
24-04-1998,4.276823997497559,4.301718235015869,10043,4.301718235015869,4.276823997497559,2.4812419414520264
27-04-1998,4.182226181030273,4.251928806304932,22596,4.251928806304932,4.182226181030273,2.4263603687286377
28-04-1998,4.127458095550537,4.1623101234436035,35149,4.1623101234436035,4.127458095550537,2.3945863246917725
29-04-1998,4.052775859832764,4.132437229156494,165701,4.14239501953125,4.112522125244141,2.385920286178589
30-04-1998,4.112522125244141,4.112522125244141,30128,4.187203884124756,4.187203884124756,2.429248094558716
01-05-1998,4.182226181030273,4.202140808105469,59000,4.202140808105469,4.182226181030273,2.4263603687286377
04-05-1998,4.182226181030273,4.202140808105469,26362,4.202140808105469,4.202140808105469,2.437915086746216
05-05-1998,4.132437229156494,4.222055912017822,244786,4.227035045623779,4.227035045623779,2.452357530593872
06-05-1998,4.227035045623779,4.227035045623779,3766,4.227035045623779,4.227035045623779,2.452357530593872
07-05-1998,4.14239501953125,4.232014179229736,47702,4.232014179229736,4.14239501953125,2.4032516479492188
08-05-1998,4.152352809906006,4.152352809906006,25106,4.241971969604492,4.241971969604492,2.46102237701416
11-05-1998,4.232014179229736,4.232014179229736,13808,4.266866207122803,4.266866207122803,2.475466012954712
12-05-1998,4.256907939910889,4.286780834197998,32638,4.286780834197998,4.266866207122803,2.475466012954712
13-05-1998,4.251928806304932,4.276823997497559,130553,4.281802177429199,4.261887073516846,2.472576379776001
14-05-1998,4.266866207122803,4.271844863891602,8787,4.271844863891602,4.271844863891602,2.47835373878479
15-05-1998,4.241971969604492,4.261887073516846,31383,4.261887073516846,4.241971969604492,2.46102237701416
18-05-1998,4.1623101234436035,4.222055912017822,8787,4.222055912017822,4.1623101234436035,2.4148056507110596
19-05-1998,4.14239501953125,4.14239501953125,2511,4.14239501953125,4.14239501953125,2.4032516479492188
20-05-1998,4.1623101234436035,4.1623101234436035,80340,4.192183017730713,4.1623101234436035,2.4148056507110596
21-05-1998,4.152352809906006,4.152352809906006,33893,4.1623101234436035,4.1623101234436035,2.4148056507110596
22-05-1998,4.14239501953125,4.14239501953125,50213,4.14239501953125,4.14239501953125,2.4032516479492188
26-05-1998,4.14239501953125,4.1623101234436035,163191,4.192183017730713,4.172267913818359,2.420583486557007
27-05-1998,4.177247047424316,4.192183017730713,55234,4.222055912017822,4.222055912017822,2.4494693279266357
28-05-1998,4.241971969604492,4.241971969604492,17574,4.246950149536133,4.246950149536133,2.4639103412628174
29-05-1998,4.222055912017822,4.271844863891602,99170,4.301718235015869,4.261887073516846,2.472576379776001
01-06-1998,4.271844863891602,4.271844863891602,81595,4.44112491607666,4.44112491607666,2.5765628814697266
02-06-1998,4.421209812164307,4.46104097366333,16319,4.46104097366333,4.421209812164307,2.5650086402893066
03-06-1998,4.381379127502441,4.421209812164307,13808,4.446104049682617,4.381379127502441,2.5419015884399414
04-06-1998,4.341547966003418,4.361464023590088,10043,4.361464023590088,4.341547966003418,2.5187931060791016
05-06-1998,4.341547966003418,4.341547966003418,25106,4.44112491607666,4.44112491607666,2.5765628814697266
08-06-1998,4.431168079376221,4.480956077575684,116744,4.485935211181641,4.44112491607666,2.5765628814697266
09-06-1998,4.381379127502441,4.381379127502441,5021,4.381379127502441,4.381379127502441,2.554732322692871
10-06-1998,4.336569786071777,4.341547966003418,123021,4.426188945770264,4.381379127502441,2.554732322692871
11-06-1998,4.361464023590088,4.381379127502441,3766,4.381379127502441,4.361464023590088,2.543119430541992
12-06-1998,4.381379127502441,4.381379127502441,42681,4.44112491607666,4.44112491607666,2.589569091796875
15-06-1998,4.436145782470703,4.436145782470703,37659,4.500871181488037,4.475976943969727,2.6098906993865967
16-06-1998,4.406272888183594,4.456061840057373,82851,4.456061840057373,4.426188945770264,2.5808606147766113
17-06-1998,4.446104049682617,4.446104049682617,357764,4.560616970062256,4.540701866149902,2.6476309299468994
18-06-1998,4.500871181488037,4.540701866149902,6277,4.540701866149902,4.500871181488037,2.624405860900879
19-06-1998,4.46104097366333,4.500871181488037,13808,4.500871181488037,4.46104097366333,2.6011812686920166
22-06-1998,4.431168079376221,4.44112491607666,109212,4.451083183288574,4.431168079376221,2.583763837814331
23-06-1998,4.44112491607666,4.44112491607666,102936,4.480956077575684,4.466019153594971,2.604083776473999
24-06-1998,4.4709978103637695,4.485935211181641,26362,4.49589204788208,4.49589204788208,2.6215028762817383
25-06-1998,4.46104097366333,4.480956077575684,144361,4.49589204788208,4.4909138679504395,2.618600368499756
26-06-1998,4.4909138679504395,4.4909138679504395,188297,4.540701866149902,4.540701866149902,2.6476309299468994
29-06-1998,4.540701866149902,4.540701866149902,120510,4.600448131561279,4.580533027648926,2.670855760574341
30-06-1998,4.590489864349365,4.590489864349365,141850,4.6402788162231445,4.6402788162231445,2.705693244934082
01-07-1998,4.620363235473633,4.6402788162231445,59000,4.6402788162231445,4.6402788162231445,2.705693244934082
02-07-1998,4.520786762237549,4.6402788162231445,163191,4.6402788162231445,4.5307440757751465,2.6418232917785645
06-07-1998,4.480956077575684,4.480956077575684,402955,4.560616970062256,4.560616970062256,2.659243106842041
07-07-1998,4.510828971862793,4.550660133361816,45191,4.550660133361816,4.510828971862793,2.6302127838134766
08-07-1998,4.485935211181641,4.51580810546875,406721,4.51580810546875,4.510828971862793,2.6302127838134766
09-07-1998,4.475976943969727,4.480956077575684,75319,4.500871181488037,4.500871181488037,2.624405860900879
10-07-1998,4.4709978103637695,4.4909138679504395,183276,4.500871181488037,4.500871181488037,2.624405860900879
13-07-1998,4.391336917877197,4.480956077575684,114233,4.480956077575684,4.401294231414795,2.566343307495117
14-07-1998,4.376399993896484,4.381379127502441,159425,4.44112491607666,4.44112491607666,2.589569091796875
15-07-1998,4.341547966003418,4.381379127502441,144361,4.391336917877197,4.341547966003418,2.5315065383911133
16-07-1998,4.306696891784668,4.3266119956970215,335168,4.361464023590088,4.361464023590088,2.543119430541992
17-07-1998,4.341547966003418,4.361464023590088,183276,4.371420860290527,4.346527099609375,2.534409761428833
20-07-1998,4.291759967803955,4.3315911293029785,87872,4.3315911293029785,4.296739101409912,2.5053787231445312
21-07-1998,4.222055912017822,4.261887073516846,101680,4.261887073516846,4.236992835998535,2.470541477203369
22-07-1998,4.241971969604492,4.241971969604492,131808,4.361464023590088,4.361464023590088,2.543119430541992
23-07-1998,4.376399993896484,4.381379127502441,512168,4.421209812164307,4.401294231414795,2.566343307495117
24-07-1998,4.391336917877197,4.401294231414795,59000,4.411252021789551,4.411252021789551,2.572150707244873
27-07-1998,4.406272888183594,4.406272888183594,112978,4.540701866149902,4.540701866149902,2.6476309299468994
28-07-1998,4.44112491607666,4.520786762237549,305041,4.520786762237549,4.451083183288574,2.595374584197998
29-07-1998,4.431168079376221,4.451083183288574,38915,4.451083183288574,4.431168079376221,2.583763837814331
30-07-1998,4.46104097366333,4.46104097366333,18830,4.485935211181641,4.485935211181641,2.6156973838806152
31-07-1998,4.466019153594971,4.500871181488037,66532,4.500871181488037,4.466019153594971,2.604083776473999
03-08-1998,4.451083183288574,4.466019153594971,146872,4.4709978103637695,4.451083183288574,2.595374584197998
04-08-1998,4.466019153594971,4.466019153594971,91638,4.5357232093811035,4.5257649421691895,2.6389219760894775
05-08-1998,4.475976943969727,4.520786762237549,51468,4.520786762237549,4.51580810546875,2.6331164836883545
06-08-1998,4.510828971862793,4.510828971862793,355253,4.565596103668213,4.565596103668213,2.6621463298797607
07-08-1998,4.555638790130615,4.555638790130615,47702,4.580533027648926,4.565596103668213,2.6621463298797607
10-08-1998,4.560616970062256,4.560616970062256,37659,4.560616970062256,4.560616970062256,2.659243106842041
11-08-1998,4.5357232093811035,4.545680999755859,12553,4.545680999755859,4.5357232093811035,2.6447269916534424
12-08-1998,4.550660133361816,4.550660133361816,52723,4.605426788330078,4.605426788330078,2.6853713989257812
13-08-1998,4.615385055541992,4.625341892242432,104191,4.680109977722168,4.615385055541992,2.6911776065826416
14-08-1998,4.595468997955322,4.605426788330078,15064,4.605426788330078,4.595468997955322,2.6795637607574463
17-08-1998,4.575553894042969,4.575553894042969,23851,4.620363235473633,4.620363235473633,2.6940805912017822
18-08-1998,4.6402788162231445,4.6402788162231445,8787,4.7000250816345215,4.7000250816345215,2.7405312061309814
19-08-1998,4.660193920135498,4.680109977722168,7532,4.680109977722168,4.660193920135498,2.717306613922119
20-08-1998,4.685088157653809,4.685088157653809,5021,4.7000250816345215,4.7000250816345215,2.7405312061309814
21-08-1998,4.620363235473633,4.680109977722168,13808,4.680109977722168,4.6402788162231445,2.705693244934082
24-08-1998,4.6402788162231445,4.6402788162231445,48957,4.8643269538879395,4.859347820281982,2.833430528640747
25-08-1998,4.819517135620117,4.879262924194336,96659,4.939009189605713,4.819517135620117,2.8102049827575684
26-08-1998,4.819517135620117,4.829474925994873,3766,4.829474925994873,4.819517135620117,2.8102049827575684
27-08-1998,4.75977087020874,4.779685974121094,74063,4.829474925994873,4.779685974121094,2.7869794368743896
28-08-1998,4.680109977722168,4.739855766296387,22596,4.739855766296387,4.680109977722168,2.7289175987243652
31-08-1998,4.480956077575684,4.6402788162231445,66532,4.680109977722168,4.480956077575684,2.625305652618408
01-09-1998,4.401294231414795,4.500871181488037,143106,4.660193920135498,4.6402788162231445,2.7186501026153564
02-09-1998,4.49589204788208,4.6402788162231445,76574,4.6402788162231445,4.49589204788208,2.634056568145752
03-09-1998,4.431168079376221,4.480956077575684,87872,4.480956077575684,4.436145782470703,2.599052667617798
04-09-1998,4.421209812164307,4.46104097366333,50213,4.46104097366333,4.421209812164307,2.5903024673461914
08-09-1998,4.421209812164307,4.426188945770264,36404,4.620363235473633,4.620363235473633,2.706982135772705
09-09-1998,4.480956077575684,4.620363235473633,22596,4.620363235473633,4.500871181488037,2.6369736194610596
10-09-1998,4.391336917877197,4.480956077575684,40170,4.480956077575684,4.391336917877197,2.572800636291504
11-09-1998,4.361464023590088,4.361464023590088,46447,4.46104097366333,4.46104097366333,2.613637685775757
14-09-1998,4.4909138679504395,4.500871181488037,7532,4.520786762237549,4.520786762237549,2.648641347885132
15-09-1998,4.46104097366333,4.480956077575684,99170,4.510828971862793,4.46104097366333,2.613637685775757
16-09-1998,4.466019153594971,4.4709978103637695,33893,4.540701866149902,4.466019153594971,2.616553783416748
17-09-1998,4.44112491607666,4.451083183288574,43936,4.4709978103637695,4.446104049682617,2.604886293411255
18-09-1998,4.46104097366333,4.46104097366333,15064,4.480956077575684,4.480956077575684,2.625305652618408
21-09-1998,4.46104097366333,4.46104097366333,25106,4.540701866149902,4.520786762237549,2.648641347885132
22-09-1998,4.540701866149902,4.540701866149902,10043,4.580533027648926,4.57057523727417,2.677812337875366
23-09-1998,4.560616970062256,4.590489864349365,56489,4.630321025848389,4.620363235473633,2.706982135772705
24-09-1998,4.46104097366333,4.6402788162231445,71553,4.6402788162231445,4.46104097366333,2.613637685775757
25-09-1998,4.44112491607666,4.44112491607666,20085,4.4709978103637695,4.4709978103637695,2.619472026824951
28-09-1998,4.480956077575684,4.540701866149902,6277,4.540701866149902,4.480956077575684,2.625305652618408
29-09-1998,4.500871181488037,4.500871181488037,23851,4.560616970062256,4.560616970062256,2.6719772815704346
30-09-1998,4.480956077575684,4.580533027648926,55234,4.600448131561279,4.480956077575684,2.625305652618408
01-10-1998,4.381379127502441,4.46104097366333,95404,4.520786762237549,4.381379127502441,2.5669662952423096
02-10-1998,4.391336917877197,4.391336917877197,15064,4.44112491607666,4.44112491607666,2.601969003677368
05-10-1998,4.421209812164307,4.46104097366333,41425,4.49589204788208,4.451083183288574,2.607804536819458
06-10-1998,4.44112491607666,4.46104097366333,64021,4.520786762237549,4.500871181488037,2.6369736194610596
07-10-1998,4.520786762237549,4.520786762237549,21340,4.620363235473633,4.580533027648926,2.6836469173431396
08-10-1998,4.44112491607666,4.560616970062256,35149,4.560616970062256,4.466019153594971,2.616553783416748
09-10-1998,4.500871181488037,4.500871181488037,20085,4.719940185546875,4.719940185546875,2.7653214931488037
12-10-1998,4.739855766296387,4.75977087020874,47702,4.819517135620117,4.739855766296387,2.7769901752471924
13-10-1998,4.620363235473633,4.719940185546875,79085,4.719940185546875,4.6950459480285645,2.7507359981536865
14-10-1998,4.719940185546875,4.719940185546875,27617,4.8394317626953125,4.769729137420654,2.794492483139038
15-10-1998,4.749813079833984,4.749813079833984,60255,4.998754978179932,4.978839874267578,2.917005777359009
16-10-1998,4.958924770355225,4.998754978179932,36404,5.018671035766602,4.983819007873535,2.9199228286743164
19-10-1998,4.998754978179932,4.998754978179932,2511,4.998754978179932,4.998754978179932,2.92867374420166
20-10-1998,4.958924770355225,5.0087127685546875,43936,5.088374137878418,4.958924770355225,2.9053385257720947
21-10-1998,4.958924770355225,4.958924770355225,26362,5.088374137878418,5.088374137878418,2.981180191040039
22-10-1998,5.018671035766602,5.0734381675720215,48957,5.123226165771484,5.113268852233887,2.995765209197998
23-10-1998,5.028627872467041,5.093352794647217,18830,5.093352794647217,5.043564796447754,2.954928398132324
26-10-1998,5.0684590339660645,5.0684590339660645,16319,5.158078193664551,5.098331928253174,2.987015724182129
27-10-1998,5.118247032165527,5.118247032165527,45191,5.1779937744140625,5.123226165771484,3.0015995502471924
28-10-1998,4.978839874267578,5.098331928253174,30128,5.098331928253174,4.978839874267578,2.917005777359009
29-10-1998,4.958924770355225,4.958924770355225,13808,5.018671035766602,5.018671035766602,2.940342426300049
30-10-1998,4.988798141479492,5.0087127685546875,120510,5.018671035766602,4.988798141479492,2.9228415489196777
02-11-1998,4.993775844573975,5.0087127685546875,112978,5.098331928253174,5.098331928253174,2.987015724182129
03-11-1998,5.098331928253174,5.118247032165527,30128,5.138163089752197,5.118247032165527,2.9986820220947266
04-11-1998,5.138163089752197,5.138163089752197,40170,5.18795108795166,5.148119926452637,3.016185998916626
05-11-1998,5.138163089752197,5.138163089752197,18830,5.317400932312012,5.317400932312012,3.115363836288452
06-11-1998,5.297485828399658,5.337316036224365,87872,5.416977882385254,5.332337856292725,3.1241137981414795
09-11-1998,5.2377400398254395,5.312421798706055,45191,5.312421798706055,5.24271821975708,3.0716071128845215
10-11-1998,5.257655143737793,5.257655143737793,30128,5.357232093811035,5.332337856292725,3.1241137981414795
11-11-1998,5.2377400398254395,5.317400932312012,15064,5.317400932312012,5.24271821975708,3.0716071128845215
12-11-1998,5.257655143737793,5.257655143737793,53978,5.416977882385254,5.416977882385254,3.1737022399902344
13-11-1998,5.397061824798584,5.456809043884277,75319,5.556385040283203,5.397061824798584,3.162033796310425
16-11-1998,5.416977882385254,5.416977882385254,38915,5.526512145996094,5.496638774871826,3.220374345779419
17-11-1998,5.45182991027832,5.476724147796631,10043,5.476724147796631,5.45182991027832,3.1941206455230713
18-11-1998,5.45182991027832,5.45182991027832,22596,5.456809043884277,5.45182991027832,3.1941206455230713
19-11-1998,5.436892986297607,5.476724147796631,10043,5.476724147796631,5.436892986297607,3.185370445251465
20-11-1998,5.436892986297607,5.436892986297607,0,5.436892986297607,5.436892986297607,3.185370445251465
23-11-1998,5.436892986297607,5.436892986297607,0,5.436892986297607,5.436892986297607,3.185370445251465
24-11-1998,5.436892986297607,5.436892986297607,0,5.436892986297607,5.436892986297607,3.185370445251465
25-11-1998,5.471745014190674,5.471745014190674,8787,5.496638774871826,5.496638774871826,3.220374345779419
27-11-1998,5.476724147796631,5.476724147796631,2511,5.476724147796631,5.476724147796631,3.208707571029663
30-11-1998,5.377147197723389,5.456809043884277,59000,5.456809043884277,5.377147197723389,3.150367021560669
01-12-1998,5.347273826599121,5.3871049880981445,32638,5.3871049880981445,5.3821258544921875,3.1532819271087646
02-12-1998,5.24271821975708,5.342295169830322,31383,5.342295169830322,5.2725911140441895,3.1026558876037598
03-12-1998,5.2725911140441895,5.287528038024902,33893,5.317400932312012,5.2725911140441895,3.1026558876037598
04-12-1998,5.277569770812988,5.277569770812988,42681,5.327359199523926,5.327359199523926,3.1348867416381836
07-12-1998,5.297485828399658,5.297485828399658,18830,5.397061824798584,5.397061824798584,3.1759002208709717
08-12-1998,5.257655143737793,5.3821258544921875,23851,5.3821258544921875,5.297485828399658,3.117307662963867
09-12-1998,5.327359199523926,5.327359199523926,13808,5.416977882385254,5.416977882385254,3.1876206398010254
10-12-1998,5.307443141937256,5.377147197723389,13808,5.377147197723389,5.312421798706055,3.1260955333709717
11-12-1998,5.2377400398254395,5.332337856292725,21340,5.332337856292725,5.257655143737793,3.0938684940338135
14-12-1998,5.2178239822387695,5.2178239822387695,12553,5.257655143737793,5.2377400398254395,3.0821492671966553
15-12-1998,5.257655143737793,5.257655143737793,32638,5.297485828399658,5.277569770812988,3.105586051940918
16-12-1998,5.2377400398254395,5.277569770812988,8787,5.277569770812988,5.2377400398254395,3.0821492671966553
17-12-1998,5.257655143737793,5.257655143737793,3766,5.277569770812988,5.277569770812988,3.105586051940918
18-12-1998,5.257655143737793,5.277569770812988,51468,5.297485828399658,5.297485828399658,3.117307662963867
21-12-1998,5.287528038024902,5.287528038024902,2511,5.287528038024902,5.287528038024902,3.1114470958709717
22-12-1998,5.267612934112549,5.267612934112549,1255,5.267612934112549,5.267612934112549,3.0997276306152344
23-12-1998,5.247696876525879,5.247696876525879,26362,5.347273826599121,5.347273826599121,3.1466023921966553
24-12-1998,5.377147197723389,5.377147197723389,8787,5.436892986297607,5.436892986297607,3.1993393898010254
28-12-1998,5.446850776672363,5.456809043884277,166957,5.456809043884277,5.446850776672363,3.2051990032196045
29-12-1998,5.486681938171387,5.486681938171387,2511,5.486681938171387,5.486681938171387,3.2286386489868164
30-12-1998,5.466765880584717,5.466765880584717,38915,5.596216201782227,5.566342830657959,3.2755143642425537
31-12-1998,5.53646993637085,5.546428203582764,35149,5.556385040283203,5.556385040283203,3.26965594291687
04-01-1999,5.496638774871826,5.496638774871826,87872,5.636046886444092,5.496638774871826,3.234497308731079
05-01-1999,5.516554832458496,5.516554832458496,64021,5.616130828857422,5.616130828857422,3.3048112392425537
06-01-1999,5.576301097869873,5.596216201782227,25106,5.655961990356445,5.655961990356445,3.328252077102661
07-01-1999,5.496638774871826,5.636046886444092,20085,5.636046886444092,5.546428203582764,3.263796091079712
08-01-1999,5.476724147796631,5.526512145996094,60255,5.556385040283203,5.516554832458496,3.2462165355682373
11-01-1999,5.377147197723389,5.526512145996094,27617,5.546428203582764,5.397061824798584,3.1759002208709717
12-01-1999,5.357232093811035,5.416977882385254,55234,5.496638774871826,5.357232093811035,3.1524641513824463
13-01-1999,5.337316036224365,5.337316036224365,10043,5.377147197723389,5.357232093811035,3.1524641513824463
14-01-1999,5.257655143737793,5.337316036224365,31383,5.337316036224365,5.257655143737793,3.0938684940338135
15-01-1999,5.257655143737793,5.277569770812988,57744,5.411999225616455,5.411999225616455,3.1846909523010254
19-01-1999,5.257655143737793,5.397061824798584,37659,5.397061824798584,5.317400932312012,3.1290266513824463
20-01-1999,5.277569770812988,5.337316036224365,31383,5.337316036224365,5.297485828399658,3.117307662963867
21-01-1999,5.197908878326416,5.277569770812988,12553,5.277569770812988,5.197908878326416,3.0587093830108643
22-01-1999,5.18795108795166,5.20786714553833,8787,5.20786714553833,5.202888011932373,3.061638593673706
25-01-1999,5.197908878326416,5.2178239822387695,22596,5.227781772613525,5.2178239822387695,3.070429563522339
26-01-1999,5.197908878326416,5.197908878326416,2511,5.197908878326416,5.197908878326416,3.0587093830108643
27-01-1999,5.18795108795166,5.202888011932373,33893,5.257655143737793,5.257655143737793,3.0938684940338135
28-01-1999,5.2377400398254395,5.267612934112549,56489,5.317400932312012,5.317400932312012,3.1290266513824463
29-01-1999,5.277569770812988,5.297485828399658,13808,5.307443141937256,5.277569770812988,3.105586051940918
01-02-1999,5.257655143737793,5.297485828399658,3766,5.297485828399658,5.257655143737793,3.0938684940338135
02-02-1999,5.0684590339660645,5.2377400398254395,37659,5.2377400398254395,5.138163089752197,3.0235533714294434
03-02-1999,5.05850076675415,5.118247032165527,8787,5.118247032165527,5.098331928253174,3.000114679336548
04-02-1999,5.018671035766602,5.07841682434082,11298,5.07841682434082,5.038586139678955,2.964956283569336
05-02-1999,4.8991780281066895,5.048543930053711,31383,5.048543930053711,4.8991780281066895,2.8829221725463867
08-02-1999,4.86930513381958,4.914114952087402,18830,4.914114952087402,4.874283790588379,2.8682734966278076
09-02-1999,4.894199848175049,4.894199848175049,22596,5.038586139678955,4.939009189605713,2.906360149383545
10-02-1999,4.879262924194336,4.919094085693359,18830,4.919094085693359,4.8991780281066895,2.8829221725463867
11-02-1999,4.88922119140625,4.894199848175049,21340,4.894199848175049,4.894199848175049,2.8799920082092285
12-02-1999,4.799602031707764,4.919094085693359,21340,4.939009189605713,4.819517135620117,2.836045265197754
16-02-1999,4.799602031707764,4.829474925994873,25106,4.879262924194336,4.8394317626953125,2.847764253616333
17-02-1999,4.75977087020874,4.8394317626953125,36404,4.849390029907227,4.75977087020874,2.800887107849121
18-02-1999,4.739855766296387,4.75977087020874,62766,4.8394317626953125,4.829474925994873,2.8419041633605957
19-02-1999,4.799602031707764,4.799602031707764,11298,4.804581165313721,4.804581165313721,2.827256917953491
22-02-1999,4.824495792388916,4.824495792388916,47702,5.0136919021606445,4.978839874267578,2.929798126220703
23-02-1999,4.88922119140625,4.998754978179932,40170,4.998754978179932,4.88922119140625,2.8770618438720703
24-02-1999,4.779685974121094,4.879262924194336,71553,4.879262924194336,4.784665107727051,2.8155360221862793
25-02-1999,4.724918842315674,4.774706840515137,37659,4.78964376449585,4.779685974121094,2.8126060962677
26-02-1999,4.769729137420654,4.769729137420654,16319,4.849390029907227,4.849390029907227,2.853623867034912
01-03-1999,4.739855766296387,4.799602031707764,45191,4.8394317626953125,4.819517135620117,2.836045265197754
02-03-1999,4.779685974121094,4.8394317626953125,43936,4.86930513381958,4.779685974121094,2.8126060962677
03-03-1999,4.580533027648926,4.75977087020874,41425,4.75977087020874,4.600448131561279,2.7071332931518555
04-03-1999,4.575553894042969,4.575553894042969,17574,4.6402788162231445,4.6402788162231445,2.7305727005004883
05-03-1999,4.625341892242432,4.625341892242432,35149,4.719940185546875,4.719940185546875,2.7915866374969482
08-03-1999,4.680109977722168,4.7000250816345215,67787,4.719940185546875,4.719940185546875,2.7915866374969482
09-03-1999,4.7050042152404785,4.7050042152404785,22596,4.75977087020874,4.75977087020874,2.815143585205078
10-03-1999,4.650236129760742,4.739855766296387,69042,4.739855766296387,4.650236129760742,2.7503609657287598
11-03-1999,4.660193920135498,4.660193920135498,61510,4.75977087020874,4.680109977722168,2.76802921295166
12-03-1999,4.6402788162231445,4.7000250816345215,33893,4.719940185546875,4.719940185546875,2.7915866374969482
15-03-1999,4.680109977722168,4.719940185546875,22596,4.739855766296387,4.680109977722168,2.76802921295166
16-03-1999,4.620363235473633,4.680109977722168,52723,4.680109977722168,4.650236129760742,2.7503609657287598
17-03-1999,4.540701866149902,4.620363235473633,11298,4.620363235473633,4.560616970062256,2.697355270385742
18-03-1999,4.500871181488037,4.540701866149902,53978,4.590489864349365,4.560616970062256,2.697355270385742
19-03-1999,4.480956077575684,4.560616970062256,144361,4.560616970062256,4.500871181488037,2.6620192527770996
22-03-1999,4.396316051483154,4.46104097366333,56489,4.46104097366333,4.431168079376221,2.620793581008911
23-03-1999,4.341547966003418,4.406272888183594,57744,4.451083183288574,4.351506233215332,2.5736777782440186
24-03-1999,4.3216328620910645,4.361464023590088,41425,4.396316051483154,4.3315911293029785,2.5618999004364014
25-03-1999,4.281802177429199,4.3315911293029785,17574,4.341547966003418,4.281802177429199,2.5324528217315674
26-03-1999,4.167288780212402,4.301718235015869,111723,4.301718235015869,4.217076778411865,2.494170904159546
29-03-1999,4.212099075317383,4.227035045623779,67787,4.281802177429199,4.251928806304932,2.5147831439971924
30-03-1999,4.192183017730713,4.232014179229736,101680,4.251928806304932,4.241971969604492,2.508894443511963
31-03-1999,4.222055912017822,4.222055912017822,87872,4.3315911293029785,4.301718235015869,2.5442309379577637
01-04-1999,4.301718235015869,4.301718235015869,150638,4.376399993896484,4.376399993896484,2.588402271270752
05-04-1999,4.381379127502441,4.401294231414795,11298,4.44112491607666,4.44112491607666,2.6266825199127197
06-04-1999,4.401294231414795,4.46104097366333,60255,4.4909138679504395,4.421209812164307,2.6149041652679443
07-04-1999,4.436145782470703,4.436145782470703,41425,4.51580810546875,4.51580810546875,2.6708531379699707
08-04-1999,4.5307440757751465,4.5307440757751465,30128,4.7000250816345215,4.7000250816345215,2.7798075675964355
09-04-1999,4.6402788162231445,4.7000250816345215,20085,4.7000250816345215,4.6402788162231445,2.744471311569214
12-04-1999,4.675130844116211,4.675130844116211,51468,4.958924770355225,4.919094085693359,2.9093754291534424
13-04-1999,4.739855766296387,4.8991780281066895,53978,4.909135818481445,4.739855766296387,2.803366184234619
14-04-1999,4.75977087020874,4.75977087020874,40170,4.819517135620117,4.779685974121094,2.82692289352417
15-04-1999,4.819517135620117,4.819517135620117,36404,5.018671035766602,5.018671035766602,2.968268871307373
16-04-1999,5.05850076675415,5.098331928253174,25106,5.098331928253174,5.05850076675415,2.9918277263641357
19-04-1999,5.07841682434082,5.07841682434082,23851,5.16305685043335,5.098331928253174,3.0153846740722656
20-04-1999,5.05850076675415,5.07841682434082,50213,5.148119926452637,5.138163089752197,3.0389435291290283
21-04-1999,5.138163089752197,5.138163089752197,45191,5.247696876525879,5.20786714553833,3.080169200897217
22-04-1999,5.1779937744140625,5.2178239822387695,26362,5.2178239822387695,5.197908878326416,3.0742785930633545
23-04-1999,5.2178239822387695,5.2178239822387695,7532,5.257655143737793,5.257655143737793,3.1096158027648926
26-04-1999,5.257655143737793,5.277569770812988,79085,5.3871049880981445,5.367188930511475,3.174400568008423
27-04-1999,5.307443141937256,5.347273826599121,17574,5.347273826599121,5.322380065917969,3.147897958755493
28-04-1999,5.342295169830322,5.342295169830322,16319,5.3871049880981445,5.3871049880981445,3.1861791610717773
29-04-1999,5.337316036224365,5.407020092010498,31383,5.407020092010498,5.337316036224365,3.156731128692627
30-04-1999,5.337316036224365,5.337316036224365,91638,5.3871049880981445,5.367188930511475,3.174400568008423
03-05-1999,5.357232093811035,5.367188930511475,28872,5.496638774871826,5.496638774871826,3.2509615421295166
04-05-1999,5.252676010131836,5.456809043884277,52723,5.456809043884277,5.252676010131836,3.1066715717315674
05-05-1999,5.138163089752197,5.24271821975708,70298,5.24271821975708,5.138163089752197,3.0389435291290283
06-05-1999,5.138163089752197,5.138163089752197,37659,5.168035984039307,5.168035984039307,3.056610584259033
07-05-1999,5.118247032165527,5.1779937744140625,89127,5.2178239822387695,5.138163089752197,3.0389435291290283
10-05-1999,5.043564796447754,5.118247032165527,40170,5.118247032165527,5.043564796447754,2.98299241065979
11-05-1999,4.939009189605713,5.018671035766602,72808,5.018671035766602,4.998754978179932,2.9564900398254395
12-05-1999,4.978839874267578,4.978839874267578,6277,4.978839874267578,4.978839874267578,2.944711208343506
13-05-1999,4.939009189605713,4.958924770355225,37659,4.998754978179932,4.998754978179932,2.9564900398254395
14-05-1999,4.919094085693359,4.978839874267578,13808,4.978839874267578,4.929051876068115,2.915264368057251
17-05-1999,4.948966979980469,4.948966979980469,32638,4.988798141479492,4.978839874267578,2.944711208343506
18-05-1999,4.86930513381958,4.958924770355225,40170,4.998754978179932,4.86930513381958,2.8799285888671875
19-05-1999,4.8394317626953125,4.919094085693359,66532,4.919094085693359,4.859347820281982,2.8740386962890625
20-05-1999,4.86930513381958,4.86930513381958,7532,4.909135818481445,4.909135818481445,2.903484344482422
21-05-1999,4.854369163513184,4.919094085693359,31383,4.919094085693359,4.854369163513184,2.871093988418579
24-05-1999,4.8394317626953125,4.854369163513184,13808,4.859347820281982,4.8394317626953125,2.862257957458496
25-05-1999,4.8394317626953125,4.8394317626953125,42681,4.919094085693359,4.859347820281982,2.8740386962890625
26-05-1999,4.690066814422607,4.8394317626953125,27617,4.8394317626953125,4.690066814422607,2.773918628692627
27-05-1999,4.620363235473633,4.719940185546875,52723,4.719940185546875,4.630321025848389,2.7385809421539307
28-05-1999,4.650236129760742,4.650236129760742,87872,4.859347820281982,4.859347820281982,2.8740386962890625
01-06-1999,4.78964376449585,4.8991780281066895,138084,4.958924770355225,4.8991780281066895,2.8975961208343506
02-06-1999,4.919094085693359,4.919094085693359,12553,4.968882083892822,4.958924770355225,2.9329328536987305
03-06-1999,4.859347820281982,4.953946113586426,80340,4.953946113586426,4.859347820281982,2.887722969055176
04-06-1999,4.859347820281982,4.879262924194336,8787,4.8991780281066895,4.8991780281066895,2.9113929271698
07-06-1999,4.919094085693359,4.919094085693359,30128,4.978839874267578,4.963902950286865,2.9498560428619385
08-06-1999,4.8991780281066895,4.978839874267578,15064,4.978839874267578,4.8991780281066895,2.9113929271698
09-06-1999,4.8991780281066895,4.919094085693359,40170,4.998754978179932,4.998754978179932,2.970567226409912
10-06-1999,4.919094085693359,5.018671035766602,57744,5.038586139678955,4.919094085693359,2.923227548599243
11-06-1999,4.769729137420654,4.8991780281066895,26362,4.8991780281066895,4.769729137420654,2.8344671726226807
14-06-1999,4.774706840515137,4.774706840515137,23851,4.819517135620117,4.799602031707764,2.852219343185425
15-06-1999,4.799602031707764,4.799602031707764,6277,4.819517135620117,4.799602031707764,2.852219343185425
16-06-1999,4.75977087020874,4.779685974121094,8787,4.779685974121094,4.75977087020874,2.8285491466522217
17-06-1999,4.75977087020874,4.75977087020874,48957,4.78964376449585,4.78964376449585,2.846301317214966
18-06-1999,4.779685974121094,4.78964376449585,56489,4.78964376449585,4.779685974121094,2.840383291244507
21-06-1999,4.660193920135498,4.75977087020874,121765,4.75977087020874,4.660193920135498,2.769374132156372
22-06-1999,4.650236129760742,4.650236129760742,91638,4.7000250816345215,4.7000250816345215,2.7930428981781006
23-06-1999,4.680109977722168,4.7000250816345215,31383,4.734877109527588,4.680109977722168,2.781208038330078
24-06-1999,4.580533027648926,4.660193920135498,85361,4.680109977722168,4.600448131561279,2.7338693141937256
25-06-1999,4.620363235473633,4.620363235473633,38915,4.719940185546875,4.7000250816345215,2.7930428981781006
28-06-1999,4.680109977722168,4.7000250816345215,11298,4.7000250816345215,4.680109977722168,2.781208038330078
29-06-1999,4.670152187347412,4.670152187347412,22596,4.7000250816345215,4.7000250816345215,2.7930428981781006
30-06-1999,4.670152187347412,4.7000250816345215,106702,4.749813079833984,4.749813079833984,2.8226318359375
01-07-1999,4.75977087020874,4.764750003814697,92893,4.86930513381958,4.86930513381958,2.893641233444214
02-07-1999,4.859347820281982,4.859347820281982,56489,4.879262924194336,4.879262924194336,2.8995590209960938
06-07-1999,4.719940185546875,4.8991780281066895,120510,4.8991780281066895,4.784665107727051,2.843341588973999
07-07-1999,4.784665107727051,4.784665107727051,36404,4.874283790588379,4.874283790588379,2.8966000080108643
08-07-1999,4.75977087020874,4.859347820281982,22596,4.859347820281982,4.75977087020874,2.8285491466522217
09-07-1999,4.680109977722168,4.739855766296387,23851,4.739855766296387,4.709982872009277,2.7989630699157715
12-07-1999,4.600448131561279,4.690066814422607,20085,4.690066814422607,4.610405921936035,2.739786148071289
13-07-1999,4.480956077575684,4.580533027648926,61510,4.600448131561279,4.480956077575684,2.6628599166870117
14-07-1999,4.44112491607666,4.480956077575684,38915,4.500871181488037,4.46104097366333,2.6510238647460938
15-07-1999,4.44112491607666,4.44112491607666,36404,4.540701866149902,4.540701866149902,2.6983659267425537
16-07-1999,4.5307440757751465,4.5307440757751465,31383,4.590489864349365,4.590489864349365,2.7279510498046875
19-07-1999,4.57057523727417,4.580533027648926,21340,4.610405921936035,4.590489864349365,2.7279510498046875
20-07-1999,4.550660133361816,4.57057523727417,3766,4.57057523727417,4.550660133361816,2.704282283782959
21-07-1999,4.5307440757751465,4.5307440757751465,26362,4.605426788330078,4.605426788330078,2.736827850341797
22-07-1999,4.560616970062256,4.625341892242432,22596,4.655214786529541,4.580533027648926,2.7220351696014404
23-07-1999,4.57057523727417,4.580533027648926,90383,4.620363235473633,4.57057523727417,2.716118097305298
26-07-1999,4.560616970062256,4.580533027648926,74063,4.620363235473633,4.560616970062256,2.7101993560791016
27-07-1999,4.560616970062256,4.560616970062256,30128,4.6402788162231445,4.6402788162231445,2.7575387954711914
28-07-1999,4.5307440757751465,4.620363235473633,18830,4.620363235473633,4.5307440757751465,2.692445993423462
29-07-1999,4.401294231414795,4.500871181488037,51468,4.500871181488037,4.46104097366333,2.6510238647460938
30-07-1999,4.480956077575684,4.480956077575684,50213,4.550660133361816,4.5307440757751465,2.692445993423462
02-08-1999,4.500871181488037,4.5307440757751465,75319,4.5307440757751465,4.510828971862793,2.680612564086914
03-08-1999,4.46104097366333,4.510828971862793,20085,4.510828971862793,4.480956077575684,2.6628599166870117
04-08-1999,4.421209812164307,4.46104097366333,27617,4.46104097366333,4.421209812164307,2.627354860305786
05-08-1999,4.361464023590088,4.431168079376221,8787,4.431168079376221,4.381379127502441,2.603685140609741
06-08-1999,4.3216328620910645,4.361464023590088,12553,4.361464023590088,4.341547966003418,2.5800139904022217
09-08-1999,4.341547966003418,4.361464023590088,32638,4.401294231414795,4.341547966003418,2.5800139904022217
10-08-1999,4.301718235015869,4.361464023590088,18830,4.361464023590088,4.301718235015869,2.5563461780548096
11-08-1999,4.301718235015869,4.311675071716309,16319,4.3266119956970215,4.3266119956970215,2.571138858795166
12-08-1999,4.281802177429199,4.3266119956970215,18830,4.3266119956970215,4.281802177429199,2.544511318206787
13-08-1999,4.301718235015869,4.301718235015869,47702,4.336569786071777,4.336569786071777,2.577057123184204
16-08-1999,4.291759967803955,4.3216328620910645,154403,4.341547966003418,4.341547966003418,2.5800139904022217
17-08-1999,4.361464023590088,4.391336917877197,136829,4.391336917877197,4.366443157196045,2.5948095321655273
18-08-1999,4.222055912017822,4.361464023590088,42681,4.361464023590088,4.222055912017822,2.509005308151245
19-08-1999,4.14239501953125,4.222055912017822,64021,4.222055912017822,4.1573309898376465,2.4705419540405273
20-08-1999,4.1573309898376465,4.1573309898376465,51468,4.351506233215332,4.351506233215332,2.585932493209839
23-08-1999,4.371420860290527,4.371420860290527,86617,4.401294231414795,4.391336917877197,2.6096038818359375
24-08-1999,4.361464023590088,4.391336917877197,69042,4.391336917877197,4.371420860290527,2.5977673530578613
25-08-1999,4.376399993896484,4.376399993896484,97914,4.46104097366333,4.44112491607666,2.6391892433166504
26-08-1999,4.401294231414795,4.431168079376221,38915,4.44112491607666,4.401294231414795,2.6155197620391846
27-08-1999,4.371420860290527,4.421209812164307,16319,4.421209812164307,4.371420860290527,2.5977673530578613
30-08-1999,4.341547966003418,4.381379127502441,20085,4.381379127502441,4.341547966003418,2.5800139904022217
31-08-1999,4.361464023590088,4.361464023590088,197084,4.421209812164307,4.411252021789551,2.6214375495910645
01-09-1999,4.411252021789551,4.421209812164307,52723,4.44112491607666,4.426188945770264,2.6303138732910156
02-09-1999,4.381379127502441,4.391336917877197,51468,4.391336917877197,4.38635778427124,2.6205575466156006
03-09-1999,4.396316051483154,4.396316051483154,40170,4.475976943969727,4.475976943969727,2.6740994453430176
07-09-1999,4.44112491607666,4.44112491607666,2511,4.451083183288574,4.451083183288574,2.6592257022857666
08-09-1999,4.46104097366333,4.46104097366333,1255,4.46104097366333,4.46104097366333,2.665174961090088
09-09-1999,4.421209812164307,4.44112491607666,21340,4.500871181488037,4.500871181488037,2.688971519470215
10-09-1999,4.540701866149902,4.540701866149902,21340,4.575553894042969,4.575553894042969,2.7335894107818604
13-09-1999,4.500871181488037,4.550660133361816,16319,4.550660133361816,4.500871181488037,2.688971519470215
14-09-1999,4.46104097366333,4.480956077575684,15064,4.480956077575684,4.46104097366333,2.665174961090088
15-09-1999,4.480956077575684,4.480956077575684,26362,4.5307440757751465,4.520786762237549,2.700868844985962
16-09-1999,4.261887073516846,4.510828971862793,75319,4.510828971862793,4.341547966003418,2.5937857627868652
17-09-1999,4.361464023590088,4.361464023590088,45191,4.719940185546875,4.719940185546875,2.8198511600494385
20-09-1999,4.680109977722168,4.680109977722168,2511,4.680109977722168,4.680109977722168,2.796053409576416
21-09-1999,4.600448131561279,4.660193920135498,13808,4.660193920135498,4.600448131561279,2.7484612464904785
22-09-1999,4.540701866149902,4.590489864349365,26362,4.600448131561279,4.600448131561279,2.7484612464904785
23-09-1999,4.560616970062256,4.57057523727417,5021,4.57057523727417,4.560616970062256,2.7246649265289307
24-09-1999,4.520786762237549,4.520786762237549,15064,4.550660133361816,4.5307440757751465,2.7068183422088623
27-09-1999,4.550660133361816,4.550660133361816,1255,4.550660133361816,4.550660133361816,2.718716859817505
28-09-1999,4.510828971862793,4.5307440757751465,7532,4.540701866149902,4.540701866149902,2.7127685546875
29-09-1999,4.550660133361816,4.550660133361816,20085,4.600448131561279,4.590489864349365,2.7425122261047363
30-09-1999,4.605426788330078,4.605426788330078,31383,4.650236129760742,4.6402788162231445,2.7722582817077637
01-10-1999,4.645257949829102,4.645257949829102,25106,4.685088157653809,4.680109977722168,2.796053409576416
04-10-1999,4.6950459480285645,4.7000250816345215,3766,4.7000250816345215,4.6950459480285645,2.8049778938293457
05-10-1999,4.660193920135498,4.660193920135498,16319,4.665173053741455,4.665173053741455,2.7871313095092773
06-10-1999,4.620363235473633,4.6402788162231445,15064,4.6402788162231445,4.620363235473633,2.760359764099121
07-10-1999,4.6402788162231445,4.650236129760742,13808,4.675130844116211,4.6402788162231445,2.7722582817077637
08-10-1999,4.620363235473633,4.620363235473633,10043,4.670152187347412,4.670152187347412,2.7901041507720947
11-10-1999,4.620363235473633,4.650236129760742,7532,4.650236129760742,4.620363235473633,2.760359764099121
12-10-1999,4.610405921936035,4.610405921936035,2511,4.610405921936035,4.610405921936035,2.754410743713379
13-10-1999,4.610405921936035,4.610405921936035,0,4.610405921936035,4.610405921936035,2.754410743713379
14-10-1999,4.615385055541992,4.615385055541992,13808,4.6402788162231445,4.6402788162231445,2.7722582817077637
15-10-1999,4.610405921936035,4.620363235473633,13808,4.620363235473633,4.610405921936035,2.754410743713379
18-10-1999,4.560616970062256,4.560616970062256,3766,4.580533027648926,4.57057523727417,2.73061466217041
19-10-1999,4.480956077575684,4.550660133361816,57744,4.550660133361816,4.500871181488037,2.688971519470215
20-10-1999,4.480956077575684,4.505849838256836,242275,4.600448131561279,4.500871181488037,2.688971519470215
21-10-1999,4.480956077575684,4.500871181488037,94148,4.600448131561279,4.590489864349365,2.7425122261047363
22-10-1999,4.590489864349365,4.590489864349365,60255,4.719940185546875,4.714961051940918,2.8168766498565674
25-10-1999,4.675130844116211,4.7050042152404785,38915,4.7050042152404785,4.675130844116211,2.793079137802124
26-10-1999,4.600448131561279,4.675130844116211,48957,4.685088157653809,4.600448131561279,2.7484612464904785
27-10-1999,4.610405921936035,4.610405921936035,69042,4.680109977722168,4.680109977722168,2.796053409576416
28-10-1999,4.690066814422607,4.690066814422607,80340,4.929051876068115,4.909135818481445,2.932882308959961
29-10-1999,4.958924770355225,4.958924770355225,61510,5.048543930053711,5.028627872467041,3.004270315170288
01-11-1999,4.948966979980469,5.033607006072998,74063,5.038586139678955,5.038586139678955,3.010220527648926
02-11-1999,4.998754978179932,5.018671035766602,21340,5.038586139678955,5.0136919021606445,2.9953484535217285
03-11-1999,4.939009189605713,4.998754978179932,20085,4.998754978179932,4.939009189605713,2.9507293701171875
04-11-1999,4.958924770355225,4.958924770355225,31383,5.038586139678955,5.038586139678955,3.010220527648926
05-11-1999,5.018671035766602,5.018671035766602,47702,5.083395957946777,5.018671035766602,2.998322010040283
08-11-1999,5.018671035766602,5.038586139678955,46447,5.108290195465088,5.098331928253174,3.0459139347076416
09-11-1999,5.0684590339660645,5.07841682434082,7532,5.098331928253174,5.0684590339660645,3.0280673503875732
10-11-1999,5.048543930053711,5.048543930053711,20085,5.083395957946777,5.07841682434082,3.034015655517578
11-11-1999,5.05850076675415,5.0684590339660645,3766,5.0684590339660645,5.05850076675415,3.0221171379089355
12-11-1999,4.988798141479492,5.05850076675415,13808,5.05850076675415,4.988798141479492,2.9804766178131104
15-11-1999,4.924073219299316,4.968882083892822,27617,4.988798141479492,4.924073219299316,2.941807985305786
16-11-1999,4.8991780281066895,4.8991780281066895,22596,4.939009189605713,4.929051876068115,2.9447810649871826
17-11-1999,4.939009189605713,4.939009189605713,10043,4.953946113586426,4.939009189605713,2.9507293701171875
18-11-1999,4.8643269538879395,4.919094085693359,10043,4.919094085693359,4.8643269538879395,2.906111478805542
19-11-1999,4.75977087020874,4.86930513381958,21340,4.86930513381958,4.75977087020874,2.843646764755249
22-11-1999,4.739855766296387,4.739855766296387,30128,4.774706840515137,4.739855766296387,2.831749200820923
23-11-1999,4.560616970062256,4.719940185546875,21340,4.719940185546875,4.560616970062256,2.7246649265289307
24-11-1999,4.560616970062256,4.580533027648926,60255,4.680109977722168,4.680109977722168,2.796053409576416
26-11-1999,4.660193920135498,4.660193920135498,1255,4.660193920135498,4.660193920135498,2.78415584564209
29-11-1999,4.540701866149902,4.620363235473633,89127,4.620363235473633,4.590489864349365,2.7425122261047363
30-11-1999,4.610405921936035,4.610405921936035,37659,4.675130844116211,4.635300159454346,2.7692832946777344
01-12-1999,4.580533027648926,4.620363235473633,26362,4.620363235473633,4.580533027648926,2.751221179962158
02-12-1999,4.520786762237549,4.560616970062256,16319,4.560616970062256,4.520786762237549,2.7153353691101074
03-12-1999,4.560616970062256,4.560616970062256,43936,4.6950459480285645,4.6402788162231445,2.7871057987213135
06-12-1999,4.580533027648926,4.660193920135498,90383,4.660193920135498,4.590489864349365,2.757201910018921
07-12-1999,4.500871181488037,4.57057523727417,123021,4.590489864349365,4.560616970062256,2.7392587661743164
08-12-1999,4.555638790130615,4.555638790130615,62766,4.610405921936035,4.560616970062256,2.7392587661743164
09-12-1999,4.500871181488037,4.555638790130615,8787,4.555638790130615,4.500871181488037,2.703373670578003
10-12-1999,4.500871181488037,4.520786762237549,148127,4.57057523727417,4.520786762237549,2.7153353691101074
13-12-1999,4.480956077575684,4.540701866149902,35149,4.575553894042969,4.480956077575684,2.6914117336273193
14-12-1999,4.46104097366333,4.480956077575684,92893,4.550660133361816,4.5357232093811035,2.7243072986602783
15-12-1999,4.431168079376221,4.480956077575684,46447,4.480956077575684,4.431168079376221,2.6615078449249268
16-12-1999,4.311675071716309,4.416231155395508,57744,4.416231155395508,4.336569786071777,2.6046881675720215
17-12-1999,4.3216328620910645,4.341547966003418,61510,4.351506233215332,4.341547966003418,2.6076784133911133
20-12-1999,4.301718235015869,4.3315911293029785,25106,4.3315911293029785,4.301718235015869,2.5837557315826416
21-12-1999,4.266866207122803,4.306696891784668,37659,4.306696891784668,4.266866207122803,2.5628228187561035
22-12-1999,4.251928806304932,4.266866207122803,16319,4.266866207122803,4.251928806304932,2.5538511276245117
23-12-1999,4.236992835998535,4.251928806304932,20085,4.251928806304932,4.236992835998535,2.544879674911499
27-12-1999,4.182226181030273,4.222055912017822,128042,4.241971969604492,4.187203884124756,2.514975070953369
28-12-1999,4.137415885925293,4.172267913818359,31383,4.182226181030273,4.172267913818359,2.5060038566589355
29-12-1999,4.12247896194458,4.172267913818359,53978,4.172267913818359,4.152352809906006,2.4940414428710938
30-12-1999,4.057754993438721,4.1175007820129395,326381,4.202140808105469,4.202140808105469,2.523946762084961
31-12-1999,4.212099075317383,4.222055912017822,135574,4.301718235015869,4.296739101409912,2.5807642936706543
03-01-2000,4.261887073516846,4.281802177429199,69042,4.301718235015869,4.261887073516846,2.559831142425537
04-01-2000,4.187203884124756,4.241971969604492,114233,4.301718235015869,4.222055912017822,2.5359086990356445
05-01-2000,4.232014179229736,4.232014179229736,102936,4.341547966003418,4.3315911293029785,2.6016979217529297
06-01-2000,4.281802177429199,4.311675071716309,70298,4.341547966003418,4.301718235015869,2.5837557315826416
07-01-2000,4.301718235015869,4.3216328620910645,47702,4.351506233215332,4.351506233215332,2.6136600971221924
10-01-2000,4.152352809906006,4.3315911293029785,210893,4.3315911293029785,4.202140808105469,2.523946762084961
11-01-2000,4.202140808105469,4.217076778411865,336424,4.281802177429199,4.212099075317383,2.5299267768859863
12-01-2000,4.097585201263428,4.202140808105469,70298,4.202140808105469,4.14239501953125,2.488060474395752
13-01-2000,4.1623101234436035,4.1623101234436035,33893,4.261887073516846,4.261887073516846,2.559831142425537
14-01-2000,4.1623101234436035,4.222055912017822,89127,4.222055912017822,4.172267913818359,2.5060038566589355
18-01-2000,4.082649230957031,4.172267913818359,318849,4.222055912017822,4.1623101234436035,2.500023126602173
19-01-2000,4.14239501953125,4.1623101234436035,277424,4.232014179229736,4.14239501953125,2.488060474395752
20-01-2000,4.152352809906006,4.1623101234436035,195829,4.251928806304932,4.222055912017822,2.5359086990356445
21-01-2000,4.241971969604492,4.261887073516846,92893,4.3216328620910645,4.251928806304932,2.5538511276245117
24-01-2000,4.222055912017822,4.261887073516846,35149,4.3216328620910645,4.222055912017822,2.5359086990356445
25-01-2000,4.14239501953125,4.202140808105469,104191,4.202140808105469,4.14239501953125,2.488060474395752
26-01-2000,4.06771183013916,4.14239501953125,30128,4.14239501953125,4.12247896194458,2.4760982990264893
27-01-2000,4.042818069458008,4.102563858032227,15064,4.102563858032227,4.042818069458008,2.4282515048980713
28-01-2000,4.022902965545654,4.022902965545654,55234,4.042818069458008,4.027882099151611,2.419280767440796
31-01-2000,4.027882099151611,4.027882099151611,204616,4.082649230957031,4.062733173370361,2.4402148723602295
01-02-2000,4.022902965545654,4.082649230957031,31383,4.082649230957031,4.062733173370361,2.4402148723602295
02-02-2000,4.08762788772583,4.08762788772583,15064,4.14239501953125,4.12247896194458,2.4760982990264893
03-02-2000,4.132437229156494,4.1623101234436035,37659,4.202140808105469,4.202140808105469,2.523946762084961
04-02-2000,4.042818069458008,4.182226181030273,282445,4.182226181030273,4.182226181030273,2.5119845867156982
07-02-2000,4.052775859832764,4.222055912017822,366551,4.222055912017822,4.082649230957031,2.4521751403808594
08-02-2000,3.988050937652588,4.06771183013916,242275,4.06771183013916,3.988050937652588,2.3953566551208496
09-02-2000,3.9531989097595215,3.988050937652588,131808,3.988050937652588,3.9631569385528564,2.380403995513916
10-02-2000,3.9432408809661865,3.9432408809661865,43936,3.993030071258545,3.9631569385528564,2.380403995513916
11-02-2000,3.923326015472412,3.98307204246521,252318,4.002986907958984,3.923326015472412,2.356480360031128
14-02-2000,3.8934528827667236,3.9034109115600586,15064,3.908389091491699,3.8934528827667236,2.3385391235351562
15-02-2000,3.873537063598633,3.873537063598633,50213,3.98307204246521,3.98307204246521,2.392366886138916
16-02-2000,3.913367986679077,3.9631569385528564,59000,3.9631569385528564,3.913367986679077,2.3504996299743652
17-02-2000,3.764003038406372,3.9034109115600586,64021,3.9034109115600586,3.764003038406372,2.260786294937134
18-02-2000,3.764003038406372,3.76898193359375,23851,3.82374906539917,3.7988550662994385,2.281719207763672
22-02-2000,3.7839179039001465,3.818769931793213,46447,3.82374906539917,3.813791036605835,2.2906904220581055
23-02-2000,3.8038339614868164,3.833707094192505,104191,3.833707094192505,3.8088130950927734,2.2877001762390137
24-02-2000,3.6843419075012207,3.7988550662994385,244786,3.7988550662994385,3.6893200874328613,2.2159295082092285
25-02-2000,3.66442608833313,3.6893200874328613,48957,3.6893200874328613,3.6793630123138428,2.2099478244781494
28-02-2000,3.604680061340332,3.66442608833313,57744,3.66442608833313,3.6245949268341064,2.1770524978637695
29-02-2000,3.5847649574279785,3.6445109844207764,81595,3.6445109844207764,3.619616985321045,2.174062728881836
01-03-2000,3.5847649574279785,3.619616985321045,224701,3.6544690132141113,3.6245949268341064,2.1770524978637695
02-03-2000,3.5748069286346436,3.6544690132141113,254828,3.6544690132141113,3.594722032546997,2.1591110229492188
03-03-2000,3.5250189304351807,3.5748069286346436,165701,3.5748069286346436,3.554892063140869,2.1351871490478516
06-03-2000,3.5200400352478027,3.554892063140869,144361,3.554892063140869,3.5250189304351807,2.1172444820404053
07-03-2000,3.3656959533691406,3.534976005554199,124276,3.534976005554199,3.445357084274292,2.069397211074829
08-03-2000,3.3557379245758057,3.400547981262207,190808,3.4154839515686035,3.405527114868164,2.0602402687072754
09-03-2000,3.3706750869750977,3.385611057281494,65276,3.5250189304351807,3.5250189304351807,2.13252854347229
10-03-2000,3.3656959533691406,3.50510311126709,128042,3.50510311126709,3.4254419803619385,2.0722877979278564
13-03-2000,3.3059499263763428,3.405527114868164,42681,3.405527114868164,3.3457798957824707,2.024094581604004
14-03-2000,3.3059499263763428,3.3457798957824707,31383,3.4354000091552734,3.4354000091552734,2.0783119201660156
15-03-2000,3.405527114868164,3.4254419803619385,380360,3.50510311126709,3.4851880073547363,2.1084330081939697
16-03-2000,3.4851880073547363,3.5250189304351807,148127,3.7440879344940186,3.704257011413574,2.240962266921997
17-03-2000,3.6942989826202393,3.6942989826202393,28872,3.8038339614868164,3.764003038406372,2.2771072387695312
20-03-2000,3.66442608833313,3.773961067199707,27617,3.773961067199707,3.66442608833313,2.2168660163879395
21-03-2000,3.674384117126465,3.674384117126465,38915,3.704257011413574,3.6843419075012207,2.228914737701416
22-03-2000,3.6245949268341064,3.66442608833313,47702,3.66442608833313,3.66442608833313,2.2168660163879395
23-03-2000,3.6245949268341064,3.6843419075012207,38915,3.7839179039001465,3.7839179039001465,2.2891547679901123
24-03-2000,3.764003038406372,3.82374906539917,33893,3.82374906539917,3.7839179039001465,2.2891547679901123
27-03-2000,3.7839179039001465,3.8038339614868164,72808,3.82374906539917,3.82374906539917,2.313251256942749
28-03-2000,3.8635799884796143,3.8635799884796143,17574,3.923326015472412,3.923326015472412,2.373492479324341
29-03-2000,3.9034109115600586,3.9034109115600586,26362,3.923326015472412,3.923326015472412,2.373492479324341
30-03-2000,3.9432408809661865,3.9432408809661865,76574,4.082649230957031,4.042818069458008,2.4457831382751465
31-03-2000,4.022902965545654,4.022902965545654,33893,4.14239501953125,4.12247896194458,2.493974208831787
03-04-2000,4.12247896194458,4.12247896194458,121765,4.381379127502441,4.361464023590088,2.638552665710449
04-04-2000,4.361464023590088,4.421209812164307,135574,4.480956077575684,4.46104097366333,2.698793888092041
05-04-2000,4.500871181488037,4.500871181488037,16319,4.550660133361816,4.510828971862793,2.728914499282837
06-04-2000,4.480956077575684,4.510828971862793,17574,4.51580810546875,4.480956077575684,2.7108421325683594
07-04-2000,4.3216328620910645,4.46104097366333,130553,4.46104097366333,4.411252021789551,2.668673276901245
10-04-2000,4.391336917877197,4.401294231414795,16319,4.401294231414795,4.391336917877197,2.656625747680664
11-04-2000,4.401294231414795,4.421209812164307,16319,4.44112491607666,4.401294231414795,2.662648916244507
12-04-2000,4.401294231414795,4.421209812164307,87872,4.540701866149902,4.540701866149902,2.7469866275787354
13-04-2000,4.44112491607666,4.480956077575684,41425,4.500871181488037,4.46104097366333,2.698793888092041
14-04-2000,4.341547966003418,4.44112491607666,69042,4.44112491607666,4.351506233215332,2.632528305053711
17-04-2000,4.182226181030273,4.301718235015869,42681,4.301718235015869,4.251928806304932,2.5722880363464355
18-04-2000,4.222055912017822,4.222055912017822,20085,4.241971969604492,4.232014179229736,2.5602402687072754
19-04-2000,4.12247896194458,4.222055912017822,92893,4.222055912017822,4.1623101234436035,2.5180716514587402
20-04-2000,4.182226181030273,4.182226181030273,169467,4.3216328620910645,4.3216328620910645,2.614455223083496
24-04-2000,4.341547966003418,4.341547966003418,106702,4.500871181488037,4.44112491607666,2.6867470741271973
25-04-2000,4.336569786071777,4.421209812164307,42681,4.421209812164307,4.351506233215332,2.632528305053711
26-04-2000,4.3216328620910645,4.341547966003418,36404,4.341547966003418,4.3216328620910645,2.614455223083496
27-04-2000,4.281802177429199,4.3216328620910645,59000,4.3216328620910645,4.301718235015869,2.6024091243743896
28-04-2000,4.222055912017822,4.281802177429199,150638,4.281802177429199,4.222055912017822,2.554215908050537
01-05-2000,4.212099075317383,4.222055912017822,377849,4.236992835998535,4.236992835998535,2.5632519721984863
02-05-2000,4.202140808105469,4.227035045623779,50213,4.227035045623779,4.212099075317383,2.548191785812378
03-05-2000,4.192183017730713,4.212099075317383,59000,4.261887073516846,4.251928806304932,2.5722880363464355
04-05-2000,4.192183017730713,4.232014179229736,74063,4.311675071716309,4.301718235015869,2.6024091243743896
05-05-2000,4.227035045623779,4.291759967803955,59000,4.291759967803955,4.236992835998535,2.5632519721984863
08-05-2000,4.236992835998535,4.236992835998535,38915,4.341547966003418,4.341547966003418,2.626504898071289
09-05-2000,4.341547966003418,4.341547966003418,140595,4.46104097366333,4.46104097366333,2.698793888092041
10-05-2000,4.480956077575684,4.480956077575684,8787,4.500871181488037,4.500871181488037,2.7228899002075195
11-05-2000,4.44112491607666,4.500871181488037,71553,4.520786762237549,4.4909138679504395,2.716866970062256
12-05-2000,4.381379127502441,4.46104097366333,13808,4.46104097366333,4.401294231414795,2.662648916244507
15-05-2000,4.381379127502441,4.381379127502441,17574,4.431168079376221,4.431168079376221,2.680722236633301
16-05-2000,4.381379127502441,4.401294231414795,11298,4.411252021789551,4.411252021789551,2.668673276901245
17-05-2000,4.296739101409912,4.401294231414795,135574,4.401294231414795,4.306696891784668,2.6054208278656006
18-05-2000,4.341547966003418,4.341547966003418,66532,4.351506233215332,4.341547966003418,2.626504898071289
19-05-2000,4.3216328620910645,4.3216328620910645,17574,4.3216328620910645,4.3216328620910645,2.614455223083496
22-05-2000,4.341547966003418,4.361464023590088,7532,4.361464023590088,4.361464023590088,2.638552665710449
23-05-2000,4.366443157196045,4.381379127502441,36404,4.421209812164307,4.421209812164307,2.6746973991394043
24-05-2000,4.421209812164307,4.421209812164307,120510,4.580533027648926,4.500871181488037,2.7228899002075195
25-05-2000,4.401294231414795,4.46104097366333,28872,4.46104097366333,4.421209812164307,2.6746973991394043
26-05-2000,4.44112491607666,4.44112491607666,48957,4.520786762237549,4.510828971862793,2.728914499282837
30-05-2000,4.401294231414795,4.51580810546875,86617,4.51580810546875,4.44112491607666,2.6867470741271973
31-05-2000,4.421209812164307,4.421209812164307,69042,4.480956077575684,4.480956077575684,2.7108421325683594
01-06-2000,4.431168079376221,4.480956077575684,20085,4.480956077575684,4.431168079376221,2.680722236633301
02-06-2000,4.381379127502441,4.421209812164307,65276,4.44112491607666,4.381379127502441,2.6506011486053467
05-06-2000,4.281802177429199,4.341547966003418,56489,4.341547966003418,4.286780834197998,2.5933713912963867
06-06-2000,4.281802177429199,4.281802177429199,7532,4.306696891784668,4.306696891784668,2.6054208278656006
07-06-2000,4.291759967803955,4.291759967803955,22596,4.371420860290527,4.371420860290527,2.6598291397094727
08-06-2000,4.261887073516846,4.341547966003418,116744,4.341547966003418,4.296739101409912,2.614386558532715
09-06-2000,4.281802177429199,4.3216328620910645,8787,4.3216328620910645,4.281802177429199,2.6053004264831543
12-06-2000,4.281802177429199,4.301718235015869,30128,4.3216328620910645,4.3216328620910645,2.6295340061187744
13-06-2000,4.341547966003418,4.341547966003418,15064,4.381379127502441,4.381379127502441,2.6658871173858643
14-06-2000,4.401294231414795,4.401294231414795,192063,4.401294231414795,4.401294231414795,2.678004264831543
15-06-2000,4.401294231414795,4.401294231414795,28872,4.401294231414795,4.401294231414795,2.678004264831543
16-06-2000,4.371420860290527,4.401294231414795,26362,4.401294231414795,4.381379127502441,2.6658871173858643
19-06-2000,4.401294231414795,4.401294231414795,187042,4.44112491607666,4.44112491607666,2.702240467071533
20-06-2000,4.3315911293029785,4.44112491607666,92893,4.44112491607666,4.3315911293029785,2.6355926990509033
21-06-2000,4.261887073516846,4.301718235015869,84106,4.301718235015869,4.261887073516846,2.593181848526001
22-06-2000,4.261887073516846,4.261887073516846,621380,4.3216328620910645,4.301718235015869,2.6174168586730957
23-06-2000,4.301718235015869,4.301718235015869,0,4.301718235015869,4.301718235015869,2.6174168586730957
26-06-2000,4.341547966003418,4.341547966003418,25106,4.381379127502441,4.341547966003418,2.6416525840759277
27-06-2000,4.3216328620910645,4.3216328620910645,21340,4.341547966003418,4.3216328620910645,2.6295340061187744
28-06-2000,4.301718235015869,4.301718235015869,33893,4.301718235015869,4.301718235015869,2.6174168586730957
29-06-2000,4.261887073516846,4.311675071716309,66532,4.311675071716309,4.261887073516846,2.593181848526001
30-06-2000,4.202140808105469,4.222055912017822,28872,4.222055912017822,4.202140808105469,2.5568289756774902
03-07-2000,4.212099075317383,4.212099075317383,37659,4.241971969604492,4.241971969604492,2.5810649394989014
05-07-2000,4.241971969604492,4.241971969604492,3766,4.261887073516846,4.261887073516846,2.593181848526001
06-07-2000,4.222055912017822,4.281802177429199,13808,4.281802177429199,4.222055912017822,2.56894588470459
07-07-2000,4.241971969604492,4.241971969604492,27617,4.281802177429199,4.281802177429199,2.6053004264831543
10-07-2000,4.222055912017822,4.281802177429199,135574,4.281802177429199,4.227035045623779,2.5719757080078125
11-07-2000,4.202140808105469,4.222055912017822,246041,4.232014179229736,4.202140808105469,2.5568289756774902
12-07-2000,4.1623101234436035,4.222055912017822,82851,4.222055912017822,4.187203884124756,2.5477404594421387
13-07-2000,3.98307204246521,4.1623101234436035,384126,4.1623101234436035,4.012945175170898,2.441711187362671
14-07-2000,3.973114013671875,3.993030071258545,119255,3.993030071258545,3.98307204246521,2.4235339164733887
17-07-2000,3.973114013671875,3.973114013671875,35149,3.973114013671875,3.973114013671875,2.4174749851226807
18-07-2000,3.9631569385528564,3.9631569385528564,40170,3.973114013671875,3.973114013671875,2.4174749851226807
19-07-2000,3.973114013671875,3.973114013671875,21340,4.002986907958984,4.002986907958984,2.4356513023376465
20-07-2000,3.993030071258545,4.002986907958984,16319,4.002986907958984,3.993030071258545,2.429593324661255
21-07-2000,3.98307204246521,3.993030071258545,37659,3.993030071258545,3.98307204246521,2.4235339164733887
24-07-2000,3.9034109115600586,3.98307204246521,228467,3.98307204246521,3.923326015472412,2.387180805206299
25-07-2000,3.9432408809661865,3.9432408809661865,26362,4.002986907958984,3.9631569385528564,2.41141676902771
26-07-2000,3.913367986679077,3.9432408809661865,31383,3.9432408809661865,3.913367986679077,2.381122589111328
27-07-2000,3.92830491065979,3.98307204246521,74063,3.98307204246521,3.9581780433654785,2.408388137817383
28-07-2000,3.9631569385528564,3.978092908859253,10043,3.978092908859253,3.9631569385528564,2.41141676902771
31-07-2000,3.98307204246521,3.9980080127716064,13808,4.022902965545654,4.022902965545654,2.4477696418762207
01-08-2000,4.022902965545654,4.062733173370361,61510,4.06771183013916,4.022902965545654,2.4477696418762207
02-08-2000,4.002986907958984,4.002986907958984,32638,4.022902965545654,4.022902965545654,2.4477696418762207
03-08-2000,4.012945175170898,4.042818069458008,7532,4.042818069458008,4.017923831939697,2.444739818572998
04-08-2000,3.98307204246521,4.002986907958984,28872,4.002986907958984,4.002986907958984,2.4356513023376465
07-08-2000,3.9631569385528564,4.002986907958984,101680,4.002986907958984,3.988050937652588,2.426563024520874
08-08-2000,3.98307204246521,4.002986907958984,17574,4.002986907958984,3.993030071258545,2.429593324661255
09-08-2000,4.022902965545654,4.022902965545654,31383,4.022902965545654,4.022902965545654,2.4477696418762207
10-08-2000,4.027882099151611,4.052775859832764,27617,4.062733173370361,4.027882099151611,2.4508004188537598
11-08-2000,4.012945175170898,4.012945175170898,31383,4.12247896194458,4.12247896194458,2.5083580017089844
14-08-2000,4.1175007820129395,4.12247896194458,145616,4.202140808105469,4.1623101234436035,2.5325934886932373
15-08-2000,4.102563858032227,4.167288780212402,16319,4.167288780212402,4.102563858032227,2.4962403774261475
16-08-2000,4.062733173370361,4.082649230957031,52723,4.082649230957031,4.082649230957031,2.4841232299804688
17-08-2000,4.082649230957031,4.082649230957031,213403,4.14239501953125,4.12247896194458,2.5083580017089844
18-08-2000,4.082649230957031,4.102563858032227,61510,4.1175007820129395,4.082649230957031,2.4841232299804688
21-08-2000,4.102563858032227,4.102563858032227,90383,4.132437229156494,4.12247896194458,2.5083580017089844
22-08-2000,4.08762788772583,4.12247896194458,38915,4.12247896194458,4.08762788772583,2.487152099609375
23-08-2000,4.062733173370361,4.072690963745117,10043,4.072690963745117,4.072690963745117,2.4780635833740234
24-08-2000,4.042818069458008,4.092606067657471,12553,4.092606067657471,4.042818069458008,2.4598875045776367
25-08-2000,4.022902965545654,4.062733173370361,169467,4.082649230957031,4.032859802246094,2.4538278579711914
28-08-2000,4.052775859832764,4.052775859832764,120510,4.077670097351074,4.052775859832764,2.4659461975097656
29-08-2000,4.042818069458008,4.042818069458008,35149,4.092606067657471,4.072690963745117,2.4780635833740234
30-08-2000,4.072690963745117,4.072690963745117,106702,4.112522125244141,4.097585201263428,2.493210792541504
31-08-2000,4.107542991638184,4.107542991638184,46447,4.202140808105469,4.202140808105469,2.5568289756774902
01-09-2000,4.102563858032227,4.172267913818359,79085,4.172267913818359,4.1175007820129395,2.5201382637023926
05-09-2000,4.132437229156494,4.132437229156494,56489,4.172267913818359,4.1573309898376465,2.544518232345581
06-09-2000,4.1623101234436035,4.1623101234436035,11298,4.202140808105469,4.202140808105469,2.571944236755371
07-09-2000,4.222055912017822,4.222055912017822,37659,4.261887073516846,4.246950149536133,2.5993690490722656
08-09-2000,4.251928806304932,4.261887073516846,8787,4.271844863891602,4.251928806304932,2.6024169921875
11-09-2000,4.251928806304932,4.251928806304932,203361,4.311675071716309,4.291759967803955,2.6267943382263184
12-09-2000,4.311675071716309,4.3216328620910645,156914,4.381379127502441,4.3266119956970215,2.6481270790100098
13-09-2000,4.301718235015869,4.301718235015869,67787,4.371420860290527,4.341547966003418,2.6572678089141846
14-09-2000,4.241971969604492,4.341547966003418,99170,4.341547966003418,4.281802177429199,2.620701313018799
15-09-2000,4.261887073516846,4.291759967803955,72808,4.296739101409912,4.261887073516846,2.608511447906494
18-09-2000,4.251928806304932,4.261887073516846,199595,4.291759967803955,4.261887073516846,2.608511447906494
19-09-2000,4.271844863891602,4.271844863891602,30128,4.336569786071777,4.311675071716309,2.6389851570129395
20-09-2000,4.301718235015869,4.301718235015869,25106,4.3216328620910645,4.301718235015869,2.6328909397125244
21-09-2000,4.281802177429199,4.311675071716309,3766,4.311675071716309,4.281802177429199,2.620701313018799
22-09-2000,4.301718235015869,4.301718235015869,20085,4.361464023590088,4.3315911293029785,2.6511738300323486
25-09-2000,4.241971969604492,4.3315911293029785,90383,4.3315911293029785,4.281802177429199,2.620701313018799
26-09-2000,4.271844863891602,4.301718235015869,21340,4.301718235015869,4.271844863891602,2.6146059036254883
27-09-2000,4.281802177429199,4.281802177429199,56489,4.3216328620910645,4.3216328620910645,2.645078182220459
28-09-2000,4.301718235015869,4.311675071716309,66532,4.341547966003418,4.311675071716309,2.6389851570129395
29-09-2000,4.276823997497559,4.281802177429199,64021,4.296739101409912,4.296739101409912,2.62984037399292
02-10-2000,4.222055912017822,4.281802177429199,52723,4.281802177429199,4.251928806304932,2.6024169921875
03-10-2000,4.222055912017822,4.222055912017822,80340,4.3315911293029785,4.3315911293029785,2.6511738300323486
04-10-2000,4.296739101409912,4.311675071716309,27617,4.311675071716309,4.296739101409912,2.62984037399292
05-10-2000,4.316654205322266,4.316654205322266,64021,4.451083183288574,4.431168079376221,2.7121222019195557
06-10-2000,4.421209812164307,4.421209812164307,50213,4.426188945770264,4.426188945770264,2.709073305130005
09-10-2000,4.456061840057373,4.456061840057373,55234,4.565596103668213,4.565596103668213,2.794398069381714
10-10-2000,4.580533027648926,4.585512161254883,62766,4.590489864349365,4.580533027648926,2.8035411834716797
11-10-2000,4.520786762237549,4.580533027648926,84106,4.580533027648926,4.520786762237549,2.766972303390503
12-10-2000,4.520786762237549,4.520786762237549,55234,4.739855766296387,4.6402788162231445,2.8401072025299072
13-10-2000,4.660193920135498,4.660193920135498,76574,4.7000250816345215,4.7000250816345215,2.8766767978668213
16-10-2000,4.774706840515137,4.774706840515137,2511,4.774706840515137,4.774706840515137,2.922386646270752
17-10-2000,4.734877109527588,4.774706840515137,22596,4.774706840515137,4.734877109527588,2.89800763130188
18-10-2000,4.625341892242432,4.680109977722168,51468,4.719940185546875,4.709982872009277,2.882770538330078
19-10-2000,4.605426788330078,4.714961051940918,74063,4.714961051940918,4.6402788162231445,2.8401072025299072
20-10-2000,4.44112491607666,4.620363235473633,164446,4.620363235473633,4.51580810546875,2.763925075531006
23-10-2000,4.46104097366333,4.520786762237549,21340,4.520786762237549,4.466019153594971,2.7334513664245605
24-10-2000,4.416231155395508,4.475976943969727,76574,4.475976943969727,4.46104097366333,2.7304039001464844
25-10-2000,4.480956077575684,4.480956077575684,61510,4.57057523727417,4.550660133361816,2.7852556705474854
26-10-2000,4.57057523727417,4.57057523727417,86617,4.7050042152404785,4.7050042152404785,2.8797240257263184
27-10-2000,4.630321025848389,4.680109977722168,42681,4.680109977722168,4.675130844116211,2.8614392280578613
30-10-2000,4.7000250816345215,4.7000250816345215,115489,4.8394317626953125,4.809558868408203,2.9437172412872314
31-10-2000,4.78964376449585,4.81453800201416,11298,4.819517135620117,4.809558868408203,2.9437172412872314
01-11-2000,4.739855766296387,4.859347820281982,104191,4.859347820281982,4.75977087020874,2.9132442474365234
02-11-2000,4.729897975921631,4.729897975921631,66532,4.809558868408203,4.799602031707764,2.937622308731079
03-11-2000,4.784665107727051,4.784665107727051,17574,4.78964376449585,4.78964376449585,2.931527614593506
06-11-2000,4.78964376449585,4.799602031707764,6277,4.809558868408203,4.78964376449585,2.931527614593506
07-11-2000,4.7000250816345215,4.78964376449585,16319,4.78964376449585,4.7000250816345215,2.8766767978668213
08-11-2000,4.7000250816345215,4.719940185546875,62766,4.81453800201416,4.809558868408203,2.9437172412872314
09-11-2000,4.809558868408203,4.809558868408203,112978,4.879262924194336,4.879262924194336,2.986379623413086
10-11-2000,4.88922119140625,4.88922119140625,16319,4.988798141479492,4.988798141479492,3.053421974182129
13-11-2000,4.983819007873535,4.983819007873535,30128,4.988798141479492,4.988798141479492,3.053421974182129
14-11-2000,4.988798141479492,5.0087127685546875,37659,5.038586139678955,5.038586139678955,3.0838940143585205
15-11-2000,4.998754978179932,4.998754978179932,43936,5.038586139678955,5.033607006072998,3.0808470249176025
16-11-2000,5.0087127685546875,5.023649215698242,96659,5.0684590339660645,5.063479900360107,3.0991315841674805
17-11-2000,5.07841682434082,5.083395957946777,51468,5.098331928253174,5.07841682434082,3.1082730293273926
20-11-2000,5.038586139678955,5.07841682434082,115489,5.128204822540283,5.118247032165527,3.1326515674591064
21-11-2000,5.088374137878418,5.098331928253174,35149,5.20786714553833,5.20786714553833,3.187505006790161
22-11-2000,5.138163089752197,5.2178239822387695,13808,5.2178239822387695,5.143142223358154,3.1478888988494873
24-11-2000,5.088374137878418,5.128204822540283,21340,5.128204822540283,5.088374137878418,3.1143686771392822
27-11-2000,5.0087127685546875,5.0684590339660645,64021,5.0684590339660645,5.038586139678955,3.0838940143585205
28-11-2000,5.048543930053711,5.048543930053711,21340,5.07841682434082,5.063479900360107,3.0991315841674805
29-11-2000,5.0734381675720215,5.0734381675720215,27617,5.128204822540283,5.128204822540283,3.138744354248047
30-11-2000,5.13318395614624,5.158078193664551,6277,5.168035984039307,5.13318395614624,3.1417946815490723
01-12-2000,5.143142223358154,5.143142223358154,2511,5.158078193664551,5.158078193664551,3.157029151916504
04-12-2000,5.143142223358154,5.143142223358154,82851,5.257655143737793,5.257655143737793,3.2344610691070557
05-12-2000,5.247696876525879,5.247696876525879,74063,5.357232093811035,5.277569770812988,3.2467124462127686
06-12-2000,5.287528038024902,5.297485828399658,100425,5.397061824798584,5.302464962005615,3.262028217315674
07-12-2000,5.302464962005615,5.302464962005615,85361,5.476724147796631,5.416977882385254,3.3324759006500244
08-12-2000,5.362211227416992,5.426936149597168,21340,5.426936149597168,5.3871049880981445,3.314096689224243
11-12-2000,5.367188930511475,5.3871049880981445,123021,5.446850776672363,5.367188930511475,3.3018438816070557
12-12-2000,5.317400932312012,5.347273826599121,55234,5.347273826599121,5.317400932312012,3.2712156772613525
13-12-2000,5.252676010131836,5.257655143737793,104191,5.267612934112549,5.267612934112549,3.2405879497528076
14-12-2000,5.277569770812988,5.277569770812988,56489,5.297485828399658,5.297485828399658,3.258965492248535
15-12-2000,5.317400932312012,5.317400932312012,12553,5.357232093811035,5.357232093811035,3.2957205772399902
18-12-2000,5.267612934112549,5.342295169830322,291233,5.357232093811035,5.292507171630859,3.2559010982513428
19-12-2000,5.307443141937256,5.307443141937256,120510,5.3871049880981445,5.3821258544921875,3.3110337257385254
20-12-2000,5.307443141937256,5.362211227416992,131808,5.436892986297607,5.312421798706055,3.268153667449951
21-12-2000,5.267612934112549,5.327359199523926,36404,5.327359199523926,5.287528038024902,3.2528388500213623
22-12-2000,5.232760906219482,5.277569770812988,30128,5.277569770812988,5.247696876525879,3.2283332347869873
26-12-2000,5.247696876525879,5.252676010131836,35149,5.297485828399658,5.297485828399658,3.258965492248535
27-12-2000,5.297485828399658,5.297485828399658,23851,5.416977882385254,5.416977882385254,3.3324759006500244
28-12-2000,5.407020092010498,5.436892986297607,50213,5.436892986297607,5.426936149597168,3.338602066040039
29-12-2000,5.317400932312012,5.407020092010498,37659,5.436892986297607,5.317400932312012,3.2712156772613525
02-01-2001,5.257655143737793,5.317400932312012,126787,5.322380065917969,5.257655143737793,3.2344610691070557
03-01-2001,5.098331928253174,5.2377400398254395,119255,5.2377400398254395,5.118247032165527,3.1486988067626953
04-01-2001,4.8444108963012695,5.103311061859131,56489,5.103311061859131,4.8444108963012695,2.9802374839782715
05-01-2001,4.78964376449585,4.8394317626953125,66532,4.8394317626953125,4.809558868408203,2.958796739578247
08-01-2001,4.799602031707764,4.809558868408203,171978,4.859347820281982,4.799602031707764,2.9526710510253906
09-01-2001,4.774706840515137,4.779685974121094,53978,4.779685974121094,4.779685974121094,2.940418243408203
10-01-2001,4.75977087020874,4.779685974121094,22596,4.804581165313721,4.75977087020874,2.9281675815582275
11-01-2001,4.779685974121094,4.779685974121094,35149,4.819517135620117,4.784665107727051,2.943481683731079
12-01-2001,4.749813079833984,4.769729137420654,21340,4.794622898101807,4.794622898101807,2.9496078491210938
16-01-2001,4.799602031707764,4.799602031707764,55234,4.934030055999756,4.934030055999756,3.035369873046875
17-01-2001,4.829474925994873,4.934030055999756,153148,4.934030055999756,4.829474925994873,2.971048593521118
18-01-2001,4.829474925994873,4.859347820281982,37659,4.859347820281982,4.8444108963012695,2.9802374839782715
19-01-2001,4.819517135620117,4.829474925994873,59000,4.8394317626953125,4.8394317626953125,2.977173089981079
22-01-2001,4.859347820281982,4.859347820281982,42681,4.948966979980469,4.943987846374512,3.0414955615997314
23-01-2001,4.958924770355225,4.958924770355225,25106,4.988798141479492,4.978839874267578,3.0629351139068604
24-01-2001,4.929051876068115,4.958924770355225,31383,4.968882083892822,4.929051876068115,3.032306432723999
25-01-2001,4.943987846374512,4.943987846374512,153148,5.098331928253174,5.048543930053711,3.1058173179626465
26-01-2001,5.018671035766602,5.038586139678955,57744,5.098331928253174,5.0734381675720215,3.121131420135498
29-01-2001,5.066467761993408,5.066467761993408,70298,5.181976795196533,5.1532979011535645,3.1702613830566406
30-01-2001,5.098331928253174,5.150112152099609,87872,5.193925857543945,5.189942836761475,3.192805528640747
31-01-2001,5.15409517288208,5.1779937744140625,38915,5.2377400398254395,5.2377400398254395,3.2222092151641846
01-02-2001,5.233757019042969,5.245706081390381,81595,5.3054518699646,5.273587226867676,3.2442636489868164
02-02-2001,5.25446891784668,5.2935028076171875,23851,5.2935028076171875,5.273587226867676,3.2442636489868164
05-02-2001,5.3054518699646,5.337316036224365,10043,5.337316036224365,5.3309431076049805,3.279548406600952
06-02-2001,5.337316036224365,5.337316036224365,51468,5.377147197723389,5.377147197723389,3.307971477508545
07-02-2001,5.397061824798584,5.41458797454834,62766,5.496638774871826,5.397061824798584,3.320223093032837
08-02-2001,5.377147197723389,5.416977882385254,43936,5.416977882385254,5.405028820037842,3.325122594833374
09-02-2001,5.416977882385254,5.436892986297607,36404,5.456809043884277,5.456809043884277,3.356978416442871
12-02-2001,5.45282506942749,5.45282506942749,40170,5.522928237915039,5.492656230926514,3.379032611846924
13-02-2001,5.476724147796631,5.516554832458496,65276,5.53646993637085,5.53646993637085,3.405984401702881
14-02-2001,5.53646993637085,5.655961990356445,42681,5.655961990356445,5.53646993637085,3.405984401702881
15-02-2001,5.257655143737793,5.500621795654297,75319,5.500621795654297,5.316604137420654,3.2707271575927734
16-02-2001,5.316604137420654,5.316604137420654,5021,5.335722923278809,5.335722923278809,3.2824881076812744
20-02-2001,5.3564348220825195,5.3564348220825195,20085,5.406621932983398,5.388299942016602,3.314832925796509
21-02-2001,5.277569770812988,5.358027935028076,40170,5.358027935028076,5.2935028076171875,3.256513833999634
22-02-2001,5.118247032165527,5.257655143737793,31383,5.268807888031006,5.134180068969727,3.1585001945495605
23-02-2001,4.968483924865723,5.0999250411987305,53978,5.0999250411987305,5.07841682434082,3.124194860458374
26-02-2001,5.038586139678955,5.05850076675415,31383,5.098331928253174,5.07841682434082,3.124194860458374
27-02-2001,5.018671035766602,5.05850076675415,23851,5.05850076675415,5.05850076675415,3.111942768096924
28-02-2001,4.939009189605713,5.038586139678955,43936,5.07841682434082,5.018671035766602,3.0874404907226562
01-03-2001,4.958924770355225,4.958924770355225,85361,5.05850076675415,5.019466876983643,3.087930917739868
02-03-2001,4.998754978179932,5.05850076675415,23851,5.059298038482666,5.018671035766602,3.0874404907226562
05-03-2001,4.978839874267578,5.034603118896484,10043,5.034603118896484,4.978839874267578,3.0629351139068604
06-03-2001,4.859347820281982,4.939009189605713,18830,4.939009189605713,4.8991780281066895,3.0299270153045654
07-03-2001,4.859347820281982,4.859347820281982,18830,4.939009189605713,4.859347820281982,3.0052943229675293
08-03-2001,4.879262924194336,4.879262924194336,31383,4.939009189605713,4.939009189605713,3.054560422897339
09-03-2001,4.939009189605713,4.939009189605713,26362,4.978839874267578,4.939009189605713,3.054560422897339
12-03-2001,4.8991780281066895,4.8991780281066895,22596,4.982822895050049,4.939009189605713,3.054560422897339
13-03-2001,4.8394317626953125,4.927060127258301,114233,4.927060127258301,4.855364799499512,3.002830982208252
14-03-2001,4.75977087020874,4.8394317626953125,192063,4.8394317626953125,4.799602031707764,2.96834397315979
15-03-2001,4.739855766296387,4.779685974121094,36404,4.819517135620117,4.819517135620117,2.980661392211914
16-03-2001,4.827483177185059,4.827483177185059,25106,4.827483177185059,4.827483177185059,2.9855871200561523
19-03-2001,4.819517135620117,4.823500156402588,25106,4.823500156402588,4.819517135620117,2.980661392211914
20-03-2001,4.7000250816345215,4.799602031707764,125531,4.799602031707764,4.75977087020874,2.9437103271484375
21-03-2001,4.719940185546875,4.739855766296387,23851,4.779685974121094,4.763753890991211,2.946174144744873
22-03-2001,4.620363235473633,4.747821807861328,67787,4.748618125915527,4.680109977722168,2.8944427967071533
23-03-2001,4.660193920135498,4.680109977722168,91638,4.799602031707764,4.739855766296387,2.9313924312591553
26-03-2001,4.715957164764404,4.739855766296387,12553,4.771719932556152,4.739855766296387,2.9313924312591553
27-03-2001,4.7000250816345215,4.75977087020874,81595,4.779685974121094,4.75977087020874,2.9437103271484375
28-03-2001,4.79402494430542,4.79402494430542,25106,4.879262924194336,4.879262924194336,3.017610549926758
29-03-2001,4.779685974121094,4.878467082977295,87872,4.878467082977295,4.819517135620117,2.980661392211914
30-03-2001,4.8394317626953125,4.8394317626953125,23851,4.978839874267578,4.978839874267578,3.079193115234375
02-04-2001,4.958924770355225,4.958924770355225,85361,5.114264011383057,5.0393829345703125,3.1166372299194336
03-04-2001,4.939009189605713,5.018671035766602,47702,5.018671035766602,4.939009189605713,3.054560422897339
04-04-2001,4.915111064910889,4.915111064910889,20085,4.970873832702637,4.970873832702637,3.074267625808716
05-04-2001,4.939009189605713,4.978839874267578,16319,4.978839874267578,4.950957775115967,3.0619497299194336
06-04-2001,4.950957775115967,4.950957775115967,27617,4.99078893661499,4.958924770355225,3.066877603530884
09-04-2001,4.799602031707764,4.93980598449707,53978,4.93980598449707,4.8394317626953125,2.992975950241089
10-04-2001,4.859347820281982,4.859347820281982,10043,4.919094085693359,4.919094085693359,3.0422441959381104
11-04-2001,4.660193920135498,4.879262924194336,82851,4.879262924194336,4.720736980438232,2.9195690155029297
12-04-2001,4.7000250816345215,4.720736980438232,30128,4.739855766296387,4.720736980438232,2.9195690155029297
16-04-2001,4.739855766296387,4.739855766296387,38915,4.836246013641357,4.836246013641357,2.991007089614868
17-04-2001,4.799602031707764,4.836246013641357,23851,4.859347820281982,4.8473992347717285,2.9979043006896973
18-04-2001,4.779685974121094,4.779685974121094,12553,4.819517135620117,4.819517135620117,2.980661392211914
19-04-2001,4.799602031707764,4.799602031707764,48957,4.8991780281066895,4.851381778717041,3.0003669261932373
20-04-2001,4.851381778717041,4.851381778717041,17574,4.936618804931641,4.859347820281982,3.0052943229675293
23-04-2001,4.779685974121094,4.855364799499512,72808,4.8991780281066895,4.827483177185059,2.9855871200561523
24-04-2001,4.827483177185059,4.827483177185059,8787,4.879262924194336,4.879262924194336,3.017610549926758
25-04-2001,4.8681111335754395,4.879262924194336,13808,4.879262924194336,4.8681111335754395,3.0107126235961914
26-04-2001,4.859347820281982,4.875279903411865,42681,4.875279903411865,4.859347820281982,3.0052943229675293
27-04-2001,4.8394317626953125,4.8394317626953125,2511,4.8394317626953125,4.8394317626953125,2.992975950241089
30-04-2001,4.823500156402588,4.831466197967529,107957,4.891211986541748,4.879262924194336,3.017610549926758
01-05-2001,4.879262924194336,4.883245944976807,46447,4.907145023345947,4.8991780281066895,3.0299270153045654
02-05-2001,4.887228965759277,4.891211986541748,8787,4.8991780281066895,4.887228965759277,3.0225369930267334
03-05-2001,4.875279903411865,4.875279903411865,13808,4.8991780281066895,4.8991780281066895,3.0299270153045654
04-05-2001,4.919094085693359,4.919094085693359,41425,4.966890811920166,4.966890811920166,3.071805477142334
07-05-2001,4.946975231170654,4.946975231170654,12553,5.05850076675415,5.05850076675415,3.1284611225128174
08-05-2001,4.998754978179932,5.038586139678955,25106,5.051331996917725,5.051331996917725,3.124027729034424
09-05-2001,5.018671035766602,5.042569160461426,18830,5.042569160461426,5.018671035766602,3.1038284301757812
10-05-2001,5.038586139678955,5.050535202026367,5021,5.050535202026367,5.038586139678955,3.1161446571350098
11-05-2001,5.07841682434082,5.07841682434082,48957,5.118247032165527,5.094348907470703,3.1506330966949463
14-05-2001,5.090365886688232,5.118247032165527,33893,5.158078193664551,5.158078193664551,3.190044641494751
15-05-2001,5.130197048187256,5.1620612144470215,20085,5.1620612144470215,5.158078193664551,3.190044641494751
16-05-2001,5.152502059936523,5.158078193664551,99170,5.277569770812988,5.277569770812988,3.263946056365967
17-05-2001,5.28553581237793,5.28553581237793,3766,5.28553581237793,5.28553581237793,3.2688708305358887
18-05-2001,5.2377400398254395,5.265621185302734,18830,5.265621185302734,5.257655143737793,3.2516300678253174
21-05-2001,5.2377400398254395,5.257655143737793,5021,5.257655143737793,5.2377400398254395,3.2393124103546143
22-05-2001,5.142146110534668,5.2178239822387695,15064,5.2178239822387695,5.178790092468262,3.2028536796569824
23-05-2001,5.138163089752197,5.178790092468262,26362,5.178790092468262,5.1779937744140625,3.202362537384033
24-05-2001,5.158078193664551,5.158078193664551,16319,5.197908878326416,5.1779937744140625,3.202362537384033
25-05-2001,5.098331928253174,5.138163089752197,27617,5.1556878089904785,5.142146110534668,3.180192470550537
29-05-2001,5.158078193664551,5.158078193664551,53978,5.235350131988525,5.22180700302124,3.229459285736084
30-05-2001,5.2178239822387695,5.24172306060791,23851,5.25845193862915,5.2178239822387695,3.2269949913024902
31-05-2001,5.2377400398254395,5.2377400398254395,6277,5.257655143737793,5.257655143737793,3.2516300678253174
01-06-2001,5.249689102172852,5.253672122955322,53978,5.257655143737793,5.25446891784668,3.2496588230133057
04-06-2001,5.25845193862915,5.25845193862915,15064,5.291112899780273,5.278367042541504,3.2644400596618652
05-06-2001,5.2385358810424805,5.25845193862915,23851,5.297485828399658,5.290316104888916,3.2882041931152344
06-06-2001,5.299078941345215,5.30943489074707,32638,5.3333330154418945,5.3333330154418945,3.3149423599243164
07-06-2001,5.25845193862915,5.297485828399658,32638,5.317400932312012,5.314215183258057,3.3030600547790527
08-06-2001,5.310232162475586,5.310232162475586,1255,5.310232162475586,5.310232162475586,3.300584316253662
11-06-2001,5.1556878089904785,5.277569770812988,82851,5.277569770812988,5.210655212402344,3.238691568374634
12-06-2001,5.175603866577148,5.2377400398254395,40170,5.2377400398254395,5.22180700302124,3.24562406539917
13-06-2001,5.1779937744140625,5.210655212402344,87872,5.225790023803711,5.182773113250732,3.221362829208374
14-06-2001,5.162858009338379,5.162858009338379,20085,5.2178239822387695,5.213840961456299,3.2406718730926514
15-06-2001,5.197908878326416,5.197908878326416,31383,5.257655143737793,5.229773044586182,3.2505760192871094
18-06-2001,5.209857940673828,5.257655143737793,8787,5.257655143737793,5.2377400398254395,3.255526304244995
19-06-2001,5.2377400398254395,5.2377400398254395,2511,5.2377400398254395,5.2377400398254395,3.255526304244995
20-06-2001,5.257655143737793,5.257655143737793,61510,5.324571132659912,5.3030619621276855,3.2961275577545166
21-06-2001,5.277569770812988,5.317400932312012,70298,5.357232093811035,5.338112831115723,3.317913055419922
22-06-2001,5.317400932312012,5.317400932312012,15064,5.357232093811035,5.3532490730285645,3.3273212909698486
25-06-2001,5.337316036224365,5.337316036224365,17574,5.381130218505859,5.337316036224365,3.317418336868286
26-06-2001,5.317400932312012,5.3333330154418945,25106,5.341299057006836,5.341299057006836,3.3198935985565186
27-06-2001,5.3261637687683105,5.349266052246094,20085,5.3532490730285645,5.337316036224365,3.317418336868286
28-06-2001,5.357232093811035,5.357232093811035,27617,5.381927013397217,5.381927013397217,3.3451452255249023
29-06-2001,5.22180700302124,5.401045799255371,106702,5.415384769439697,5.22180700302124,3.24562406539917
02-07-2001,5.236942768096924,5.2377400398254395,85361,5.337316036224365,5.337316036224365,3.317418336868286
03-07-2001,5.2377400398254395,5.3325371742248535,126787,5.337316036224365,5.273587226867676,3.2778074741363525
05-07-2001,5.297485828399658,5.329349994659424,36404,5.357232093811035,5.297485828399658,3.292663097381592
06-07-2001,5.2472991943359375,5.317400932312012,23851,5.317400932312012,5.2472991943359375,3.2614684104919434
09-07-2001,5.2377400398254395,5.257655143737793,7532,5.257655143737793,5.257655143737793,3.267904758453369
10-07-2001,5.2377400398254395,5.27597713470459,10043,5.289519786834717,5.239333152770996,3.256516456604004
11-07-2001,5.277569770812988,5.277569770812988,55234,5.357232093811035,5.357232093811035,3.3297951221466064
12-07-2001,5.318198204040527,5.337316036224365,31383,5.357232093811035,5.357232093811035,3.3297951221466064
13-07-2001,5.377147197723389,5.377147197723389,38915,5.436892986297607,5.416977882385254,3.3669323921203613
16-07-2001,5.357232093811035,5.42175817489624,43936,5.424943923950195,5.365198135375977,3.3347506523132324
17-07-2001,5.397061824798584,5.397061824798584,12553,5.456809043884277,5.443265914916992,3.383270502090454
18-07-2001,5.416977882385254,5.456809043884277,55234,5.496638774871826,5.456809043884277,3.3916890621185303
19-07-2001,5.476724147796631,5.476724147796631,35149,5.512571811676025,5.476724147796631,3.4040675163269043
20-07-2001,5.377943992614746,5.456809043884277,22596,5.456809043884277,5.397061824798584,3.354553699493408
23-07-2001,5.416977882385254,5.436892986297607,50213,5.496638774871826,5.416977882385254,3.3669323921203613
24-07-2001,5.357232093811035,5.397061824798584,16319,5.397061824798584,5.357232093811035,3.3297951221466064
25-07-2001,5.416977882385254,5.416977882385254,57744,5.53646993637085,5.53646993637085,3.441201686859131
26-07-2001,5.317400932312012,5.467960834503174,114233,5.467960834503174,5.377943992614746,3.3426709175109863
27-07-2001,5.345283031463623,5.377147197723389,74063,5.377147197723389,5.357232093811035,3.3297951221466064
30-07-2001,5.317400932312012,5.337316036224365,33893,5.337316036224365,5.337316036224365,3.317418336868286
31-07-2001,5.357232093811035,5.357232093811035,38915,5.456809043884277,5.456809043884277,3.3916890621185303
01-08-2001,5.397061824798584,5.456809043884277,26362,5.456809043884277,5.416977882385254,3.3669323921203613
02-08-2001,5.428926944732666,5.436892986297607,18830,5.436892986297607,5.429724216461182,3.37485408782959
03-08-2001,5.385112762451172,5.416977882385254,43936,5.416977882385254,5.385112762451172,3.347126007080078
06-08-2001,5.337316036224365,5.377147197723389,16319,5.377147197723389,5.342893123626709,3.320885181427002
07-08-2001,5.257655143737793,5.317400932312012,20085,5.317400932312012,5.276773929595947,3.2797884941101074
08-08-2001,5.257655143737793,5.265621185302734,18830,5.289519786834717,5.289519786834717,3.287710189819336
09-08-2001,5.273587226867676,5.273587226867676,12553,5.312621116638184,5.312621116638184,3.3020687103271484
10-08-2001,5.299078941345215,5.299078941345215,27617,5.377147197723389,5.366790771484375,3.335738182067871
13-08-2001,5.297485828399658,5.377147197723389,42681,5.377147197723389,5.338112831115723,3.317913055419922
14-08-2001,5.257655143737793,5.317400932312012,25106,5.317400932312012,5.269604206085205,3.27533221244812
15-08-2001,5.269604206085205,5.297485828399658,12553,5.297485828399658,5.277569770812988,3.280282497406006
16-08-2001,5.25845193862915,5.25845193862915,12553,5.317400932312012,5.317400932312012,3.305039882659912
17-08-2001,5.297485828399658,5.297485828399658,7532,5.317400932312012,5.297485828399658,3.292663097381592
20-08-2001,5.317400932312012,5.317400932312012,17574,5.397061824798584,5.397061824798584,3.354553699493408
21-08-2001,5.416977882385254,5.416977882385254,8787,5.440876007080078,5.440876007080078,3.381786346435547
22-08-2001,5.397061824798584,5.432909965515137,17574,5.432909965515137,5.416977882385254,3.3669323921203613
23-08-2001,5.337316036224365,5.420960903167725,81595,5.420960903167725,5.375554084777832,3.3411853313446045
24-08-2001,5.3556389808654785,5.3556389808654785,69042,5.464775085449219,5.464775085449219,3.3966400623321533
27-08-2001,5.397061824798584,5.4488420486450195,35149,5.4488420486450195,5.397061824798584,3.354553699493408
28-08-2001,5.349266052246094,5.377147197723389,48957,5.377147197723389,5.377147197723389,3.3421761989593506
29-08-2001,5.319790840148926,5.345283031463623,16319,5.345283031463623,5.319790840148926,3.3227698802948
30-08-2001,5.303859233856201,5.3054518699646,79085,5.365198135375977,5.303859233856201,3.312819480895996
31-08-2001,5.197908878326416,5.28553581237793,87872,5.286333084106445,5.2178239822387695,3.259079694747925
04-09-2001,5.225790023803711,5.225790023803711,36404,5.322181224822998,5.317400932312012,3.321276903152466
05-09-2001,5.269604206085205,5.277569770812988,15064,5.295891761779785,5.289519786834717,3.3038628101348877
06-09-2001,5.257655143737793,5.30943489074707,27617,5.30943489074707,5.257655143737793,3.283958673477173
07-09-2001,5.1620612144470215,5.2377400398254395,66532,5.2385358810424805,5.2178239822387695,3.259079694747925
10-09-2001,5.197908878326416,5.197908878326416,25106,5.25845193862915,5.2385358810424805,3.2720179557800293
17-09-2001,5.018671035766602,5.197908878326416,90383,5.197908878326416,5.093552112579346,3.181459903717041
18-09-2001,5.05850076675415,5.05850076675415,2511,5.05850076675415,5.05850076675415,3.1595675945281982
19-09-2001,4.879262924194336,5.038586139678955,35149,5.038586139678955,4.919094085693359,3.0724925994873047
20-09-2001,4.819517135620117,4.8991780281066895,81595,4.939009189605713,4.939009189605713,3.084930658340454
21-09-2001,4.859347820281982,4.939009189605713,82851,4.958924770355225,4.919094085693359,3.0724925994873047
24-09-2001,4.919094085693359,4.939009189605713,42681,4.9549407958984375,4.93980598449707,3.0854296684265137
25-09-2001,4.958924770355225,4.958924770355225,22596,5.006721019744873,5.006721019744873,3.127225637435913
26-09-2001,4.978839874267578,4.978839874267578,32638,5.018671035766602,5.018671035766602,3.1346895694732666
27-09-2001,4.998754978179932,5.038586139678955,16319,5.05850076675415,5.018671035766602,3.1346895694732666
28-09-2001,5.07841682434082,5.07841682434082,133063,5.136569976806641,5.098331928253174,3.1844446659088135
01-10-2001,5.05850076675415,5.07841682434082,38915,5.106297969818115,5.07443380355835,3.1695199012756348
02-10-2001,5.05850076675415,5.098331928253174,59000,5.1230268478393555,5.098331928253174,3.1844446659088135
03-10-2001,5.098331928253174,5.098331928253174,67787,5.134180068969727,5.126214027404785,3.201860189437866
04-10-2001,5.0170769691467285,5.106297969818115,50213,5.106297969818115,5.0170769691467285,3.133692741394043
05-10-2001,5.018671035766602,5.038586139678955,26362,5.07841682434082,5.07443380355835,3.1695199012756348
08-10-2001,4.958924770355225,5.038586139678955,77829,5.038586139678955,4.998754978179932,3.122248888015747
09-10-2001,4.8991780281066895,4.958924770355225,57744,4.998754978179932,4.9868059158325195,3.114786386489868
10-10-2001,4.958924770355225,4.978839874267578,99170,5.038586139678955,4.998754978179932,3.122248888015747
11-10-2001,4.879262924194336,4.978839874267578,43936,4.978839874267578,4.919094085693359,3.0724925994873047
12-10-2001,4.799602031707764,4.8991780281066895,233488,4.939009189605713,4.939009189605713,3.084930658340454
15-10-2001,4.8991780281066895,4.919094085693359,64021,4.978839874267578,4.962110996246338,3.0993614196777344
16-10-2001,4.8991780281066895,4.939009189605713,40170,4.939009189605713,4.939009189605713,3.084930658340454
17-10-2001,4.8991780281066895,4.939009189605713,41425,4.950957775115967,4.950957775115967,3.0923948287963867
18-10-2001,4.939009189605713,4.939009189605713,18830,5.038586139678955,5.014688014984131,3.13219952583313
19-10-2001,5.01070499420166,5.01070499420166,1255,5.01070499420166,5.01070499420166,3.1297125816345215
22-10-2001,4.9198899269104,4.978839874267578,46447,4.978839874267578,4.939009189605713,3.084930658340454
23-10-2001,4.950957775115967,4.958127975463867,76574,4.978839874267578,4.970873832702637,3.10483455657959
24-10-2001,4.859347820281982,4.970077037811279,48957,4.970077037811279,4.898382186889648,3.0595545768737793
25-10-2001,4.8394317626953125,4.879262924194336,18830,4.919094085693359,4.915111064910889,3.070005416870117
26-10-2001,4.939009189605713,4.939009189605713,27617,5.002737998962402,5.002737998962402,3.124737024307251
29-10-2001,4.978839874267578,5.002737998962402,125531,5.035399913787842,5.026637077331543,3.139664649963379
30-10-2001,4.879262924194336,5.01070499420166,134318,5.01070499420166,4.879262924194336,3.0476136207580566
31-10-2001,4.799602031707764,4.859347820281982,48957,4.859347820281982,4.831466197967529,3.017761468887329
01-11-2001,4.798805236816406,4.799602031707764,69042,4.939009189605713,4.939009189605713,3.084930658340454
02-11-2001,4.879262924194336,4.939009189605713,64021,4.95733118057251,4.941399097442627,3.086425542831421
05-11-2001,4.942992210388184,4.958924770355225,61510,4.998754978179932,4.99078893661499,3.1172733306884766
06-11-2001,4.959721088409424,5.05850076675415,74063,5.05850076675415,4.994771957397461,3.119760513305664
07-11-2001,4.958924770355225,4.995569229125977,89127,4.997959136962891,4.962907791137695,3.0998594760894775
08-11-2001,4.927856922149658,4.962907791137695,66532,4.978839874267578,4.978839874267578,3.1098108291625977
09-11-2001,4.958924770355225,4.958924770355225,18830,4.978839874267578,4.978839874267578,3.1098108291625977
12-11-2001,4.879262924194336,4.998754978179932,64021,4.998754978179932,4.919094085693359,3.0724925994873047
13-11-2001,4.899974822998047,4.899974822998047,38915,4.998754978179932,4.959721088409424,3.0978691577911377
14-11-2001,4.958924770355225,4.978043079376221,67787,5.017873764038086,4.970873832702637,3.10483455657959
15-11-2001,4.998754978179932,4.998754978179932,41425,5.077620029449463,5.0393829345703125,3.1476259231567383
16-11-2001,4.926262855529785,5.018671035766602,50213,5.019466876983643,4.926262855529785,3.0769715309143066
19-11-2001,4.859347820281982,4.946178913116455,75319,4.946178913116455,4.879262924194336,3.0476136207580566
20-11-2001,4.879262924194336,4.8991780281066895,67787,4.8991780281066895,4.884839057922363,3.0510973930358887
21-11-2001,4.859347820281982,4.859347820281982,26362,4.878467082977295,4.878467082977295,3.04711651802063
23-11-2001,4.878467082977295,4.878467082977295,20085,4.939009189605713,4.9358229637146,3.0829408168792725
26-11-2001,4.9549407958984375,4.9549407958984375,5021,4.9549407958984375,4.9549407958984375,3.094881772994995
27-11-2001,4.857755184173584,4.950957775115967,302530,4.950957775115967,4.860144138336182,3.0356714725494385
28-11-2001,4.879262924194336,4.879262924194336,23851,4.919094085693359,4.915111064910889,3.070005416870117
29-11-2001,4.919094085693359,4.919094085693359,16319,4.958924770355225,4.958924770355225,3.0973713397979736
30-11-2001,4.939009189605713,4.978839874267578,47702,4.9868059158325195,4.950957775115967,3.0923948287963867
03-12-2001,4.859347820281982,4.919094085693359,220935,4.919094085693359,4.9007720947265625,3.078383684158325
04-12-2001,4.859347820281982,4.879262924194336,75319,4.887228965759277,4.887228965759277,3.0698790550231934
05-12-2001,4.899974822998047,4.903162002563477,37659,4.978839874267578,4.978839874267578,3.1274220943450928
06-12-2001,4.919094085693359,4.958924770355225,64021,4.992382049560547,4.978839874267578,3.1274220943450928
07-12-2001,4.919094085693359,4.998754978179932,76574,4.998754978179932,4.95255184173584,3.1109092235565186
10-12-2001,4.880856037139893,4.95255184173584,60255,4.95255184173584,4.911128044128418,3.084890604019165
11-12-2001,4.863330841064453,4.891211986541748,200850,4.919094085693359,4.8991780281066895,3.077385902404785
12-12-2001,4.819517135620117,4.879262924194336,246041,4.8991780281066895,4.8991780281066895,3.077385902404785
13-12-2001,4.857755184173584,4.879262924194336,74063,4.920687198638916,4.899974822998047,3.077883720397949
14-12-2001,4.859347820281982,4.879262924194336,141850,4.958924770355225,4.919094085693359,3.089892864227295
17-12-2001,4.867313861846924,4.8991780281066895,46447,4.938212871551514,4.907145023345947,3.082388401031494
18-12-2001,4.890416145324707,4.890416145324707,86617,4.944585800170898,4.942992210388184,3.104905605316162
19-12-2001,4.939009189605713,4.946975231170654,74063,5.0377888679504395,5.018671035766602,3.152442216873169
20-12-2001,5.018671035766602,5.038586139678955,87872,5.1023149490356445,5.1015191078186035,3.204483985900879
21-12-2001,5.098331928253174,5.098331928253174,129297,5.257655143737793,5.225790023803711,3.2825417518615723
24-12-2001,5.107094764709473,5.197908878326416,69042,5.197908878326416,5.107891082763672,3.208486318588257
26-12-2001,5.118247032165527,5.118247032165527,23851,5.158078193664551,5.130197048187256,3.2224974632263184
27-12-2001,5.05850076675415,5.150112152099609,106702,5.150112152099609,5.138163089752197,3.2275004386901855
28-12-2001,5.07841682434082,5.158078193664551,60255,5.158078193664551,5.07841682434082,3.1899707317352295
31-12-2001,5.07841682434082,5.096738815307617,51468,5.118247032165527,5.094348907470703,3.1999783515930176
02-01-2002,5.01070499420166,5.098331928253174,242275,5.098331928253174,5.07841682434082,3.1899707317352295
03-01-2002,5.07841682434082,5.097535133361816,92893,5.138163089752197,5.138163089752197,3.2275004386901855
04-01-2002,5.118247032165527,5.118247032165527,144361,5.158078193664551,5.158078193664551,3.240009307861328
07-01-2002,5.166044235229492,5.166044235229492,40170,5.260045051574707,5.260045051574707,3.304060220718384
08-01-2002,5.2178239822387695,5.245706081390381,30128,5.277569770812988,5.233757019042969,3.2875452041625977
09-01-2002,5.2377400398254395,5.257655143737793,22596,5.257655143737793,5.24172306060791,3.292550563812256
10-01-2002,5.2377400398254395,5.249689102172852,7532,5.249689102172852,5.2377400398254395,3.2900490760803223
11-01-2002,5.229773044586182,5.231367111206055,16319,5.261638164520264,5.24172306060791,3.292550563812256
14-01-2002,5.257655143737793,5.257655143737793,20085,5.357232093811035,5.338910102844238,3.353599786758423
15-01-2002,5.317400932312012,5.329349994659424,16319,5.337316036224365,5.322977066040039,3.34359073638916
16-01-2002,5.257655143737793,5.337316036224365,96659,5.337316036224365,5.257655143737793,3.302557945251465
17-01-2002,5.261638164520264,5.261638164520264,11298,5.277569770812988,5.275179862976074,3.313565731048584
18-01-2002,5.275179862976074,5.275179862976074,75319,5.337316036224365,5.301468849182129,3.3300797939300537
22-01-2002,5.297485828399658,5.298282146453857,25106,5.317400932312012,5.303859233856201,3.3315799236297607
23-01-2002,5.297485828399658,5.297485828399658,26362,5.369181156158447,5.337316036224365,3.3525984287261963
24-01-2002,5.253672122955322,5.337316036224365,25106,5.337316036224365,5.253672122955322,3.3000547885894775
25-01-2002,5.257655143737793,5.257655143737793,16319,5.2799601554870605,5.278367042541504,3.315568685531616
28-01-2002,5.1779937744140625,5.281552791595459,66532,5.281552791595459,5.209857940673828,3.272535800933838
29-01-2002,5.117451190948486,5.193925857543945,140595,5.209857940673828,5.1222310066223145,3.217491626739502
30-01-2002,5.1222310066223145,5.1222310066223145,192063,5.240128993988037,5.240128993988037,3.2915494441986084
31-01-2002,5.24172306060791,5.24172306060791,13808,5.277569770812988,5.277569770812988,3.3150675296783447
01-02-2002,5.277569770812988,5.277569770812988,42681,5.317400932312012,5.277569770812988,3.3150675296783447
04-02-2002,5.297485828399658,5.297485828399658,10043,5.3309431076049805,5.3309431076049805,3.3485937118530273
05-02-2002,5.3532490730285645,5.3532490730285645,27617,5.385112762451172,5.371571063995361,3.3741142749786377
06-02-2002,5.325366973876953,5.377147197723389,36404,5.377147197723389,5.3532490730285645,3.362604856491089
07-02-2002,5.377147197723389,5.377147197723389,53978,5.461587905883789,5.405028820037842,3.395129442214966
08-02-2002,5.269604206085205,5.385112762451172,107957,5.3954691886901855,5.27597713470459,3.31406831741333
11-02-2002,5.2178239822387695,5.297485828399658,46447,5.317400932312012,5.24172306060791,3.292550563812256
12-02-2002,5.2178239822387695,5.25446891784668,35149,5.297485828399658,5.281552791595459,3.3175697326660156
13-02-2002,5.297485828399658,5.297485828399658,21340,5.317400932312012,5.308638095855713,3.3345813751220703
14-02-2002,5.310232162475586,5.310232162475586,22596,5.352451801300049,5.350061893463135,3.3606016635894775
15-02-2002,5.357232093811035,5.357232093811035,43936,5.436892986297607,5.428926944732666,3.4101407527923584
19-02-2002,5.357232093811035,5.416977882385254,35149,5.428926944732666,5.357232093811035,3.365105628967285
20-02-2002,5.295095920562744,5.317400932312012,23851,5.337316036224365,5.337316036224365,3.3525984287261963
21-02-2002,5.357232093811035,5.357232093811035,30128,5.416977882385254,5.401045799255371,3.3926279544830322
22-02-2002,5.416977882385254,5.416977882385254,82851,5.596216201782227,5.556385040283203,3.490204334259033
25-02-2002,5.476724147796631,5.5547919273376465,26362,5.5547919273376465,5.492656230926514,3.4501724243164062
26-02-2002,5.357232093811035,5.416977882385254,125531,5.432909965515137,5.430520057678223,3.4111413955688477
27-02-2002,5.393078804016113,5.436892986297607,38915,5.436892986297607,5.424943923950195,3.4076387882232666
28-02-2002,5.427333831787109,5.427333831787109,26362,5.47274112701416,5.47274112701416,3.4376635551452637
01-03-2002,5.436892986297607,5.456809043884277,20085,5.500621795654297,5.500621795654297,3.472870111465454
04-03-2002,5.504604816436768,5.507791996002197,21340,5.5316901206970215,5.530097007751465,3.491478443145752
05-03-2002,5.476724147796631,5.528503894805908,52723,5.568335056304932,5.50221586227417,3.473874568939209
06-03-2002,5.496638774871826,5.496638774871826,105446,5.576301097869873,5.572318077087402,3.518136501312256
07-03-2002,5.516554832458496,5.552402019500732,23851,5.552402019500732,5.516554832458496,3.482928991317749
08-03-2002,5.516554832458496,5.516554832458496,26362,5.556385040283203,5.528503894805908,3.490473985671997
11-03-2002,5.496638774871826,5.516554832458496,10043,5.516554832458496,5.516554832458496,3.482928991317749
12-03-2002,5.497436046600342,5.497436046600342,2511,5.516554832458496,5.516554832458496,3.482928991317749
13-03-2002,5.461587905883789,5.52372407913208,10043,5.52372407913208,5.461587905883789,3.448223352432251
14-03-2002,5.476724147796631,5.476724147796631,16319,5.53646993637085,5.5245208740234375,3.4879586696624756
15-03-2002,5.53646993637085,5.53646993637085,59000,5.616130828857422,5.616130828857422,3.545797109603882
18-03-2002,5.632063865661621,5.636046886444092,47702,5.659945011138916,5.636046886444092,3.5583724975585938
19-03-2002,5.644012928009033,5.644012928009033,50213,5.683046817779541,5.673488140106201,3.582009792327881
20-03-2002,5.576301097869873,5.675878047943115,96659,5.675878047943115,5.616130828857422,3.545797109603882
21-03-2002,5.616130828857422,5.616130828857422,2511,5.616130828857422,5.616130828857422,3.545797109603882
22-03-2002,5.595418930053711,5.616130828857422,37659,5.675878047943115,5.647995948791504,3.565915584564209
25-03-2002,5.675878047943115,5.675878047943115,11298,5.7555389404296875,5.7555389404296875,3.6338140964508057
26-03-2002,5.747572898864746,5.747572898864746,33893,5.810504913330078,5.807319164276123,3.6665053367614746
27-03-2002,5.795370101928711,5.795370101928711,42681,5.882997035980225,5.852725982666016,3.695173740386963
28-03-2002,5.796165943145752,5.83519983291626,42681,5.85511589050293,5.799353122711182,3.6614770889282227
01-04-2002,5.751555919647217,5.799353122711182,50213,5.799353122711182,5.775454044342041,3.646388053894043
02-04-2002,5.7627081871032715,5.775454044342041,13808,5.783420085906982,5.777048110961914,3.6473934650421143
03-04-2002,5.675878047943115,5.773064136505127,42681,5.773064136505127,5.691810131072998,3.593578338623047
04-04-2002,5.708539009094238,5.711725234985352,94148,5.875030994415283,5.863081932067871,3.7017126083374023
05-04-2002,5.851132869720459,5.85511589050293,28872,5.875030994415283,5.8590989112854,3.6991968154907227
08-04-2002,5.875030994415283,5.875030994415283,41425,5.948319911956787,5.937963962554932,3.7489891052246094
09-04-2002,5.8152852058410645,5.950708866119385,166957,5.950708866119385,5.85511589050293,3.696683406829834
10-04-2002,5.85511589050293,5.85511589050293,268637,6.014439105987549,6.006472110748291,3.792243480682373
11-04-2002,5.954692840576172,6.006472110748291,70298,6.030371189117432,5.970624923706055,3.76961088180542
12-04-2002,5.974607944488525,5.974607944488525,33893,5.994523048400879,5.974607944488525,3.7721264362335205
15-04-2002,5.894946098327637,5.954692840576172,75319,5.974607944488525,5.919641971588135,3.7374212741851807
16-04-2002,5.9029130935668945,5.926811218261719,45191,5.98098087310791,5.98098087310791,3.7761478424072266
17-04-2002,5.934776782989502,5.974607944488525,32638,5.974607944488525,5.966641902923584,3.7670955657958984
18-04-2002,5.969031810760498,5.969031810760498,33893,6.054268836975098,6.0168280601501465,3.7987823486328125
19-04-2002,6.02240514755249,6.02240514755249,27617,6.08613395690918,6.066218852996826,3.829965353012085
22-04-2002,6.08613395690918,6.08613395690918,41425,6.189693927764893,6.15384578704834,3.8852875232696533
23-04-2002,6.1020660400390625,6.151455879211426,42681,6.151455879211426,6.10286283493042,3.8530988693237305
24-04-2002,6.094099998474121,6.114015102386475,37659,6.145880222320557,6.113218784332275,3.85963773727417
25-04-2002,6.113218784332275,6.113218784332275,3766,6.1339311599731445,6.1339311599731445,3.8727149963378906
26-04-2002,6.114015102386475,6.114015102386475,8787,6.1339311599731445,6.114015102386475,3.8601417541503906
29-04-2002,6.094099998474121,6.094099998474121,12553,6.1339311599731445,6.117999076843262,3.8626561164855957
30-04-2002,6.1339311599731445,6.1339311599731445,43936,6.2494401931762695,6.245457172393799,3.9431283473968506
01-05-2002,6.213592052459717,6.25342321395874,123021,6.412745952606201,6.412745952606201,4.048747539520264
02-05-2002,6.3330841064453125,6.400796890258789,50213,6.410356044769287,6.353796005249023,4.011530876159668
03-05-2002,6.31715202331543,6.34105110168457,37659,6.34105110168457,6.329101085662842,3.9959375858306885
06-05-2002,6.34105110168457,6.34105110168457,13808,6.357779026031494,6.349017143249512,4.008510589599609
07-05-2002,6.3211350440979,6.345034122467041,47702,6.380880832672119,6.3346781730651855,3.9994587898254395
08-05-2002,6.245457172393799,6.317948818206787,36404,6.317948818206787,6.288474082946777,3.9702882766723633
09-05-2002,6.265371799468994,6.277320861816406,18830,6.290067195892334,6.2733378410339355,3.9607319831848145
10-05-2002,6.2175750732421875,6.25342321395874,52723,6.275728225708008,6.255813121795654,3.9496679306030273
13-05-2002,6.237491130828857,6.262186050415039,40170,6.275728225708008,6.25342321395874,3.9481558799743652
14-05-2002,6.25342321395874,6.25342321395874,62766,6.282101154327393,6.258203029632568,3.951174259185791
15-05-2002,6.265371799468994,6.265371799468994,51468,6.2956438064575195,6.2956438064575195,3.9748144149780273
16-05-2002,6.305202960968018,6.305202960968018,36404,6.356983184814453,6.35060977935791,4.009517192840576
17-05-2002,6.3211350440979,6.34105110168457,27617,6.345034122467041,6.345034122467041,4.005997657775879
20-05-2002,6.2733378410339355,6.325118064880371,26362,6.325118064880371,6.281303882598877,3.965759754180908
21-05-2002,6.241474151611328,6.276525020599365,11298,6.276525020599365,6.25342321395874,3.9481558799743652
22-05-2002,6.2104058265686035,6.238286972045898,38915,6.261388778686523,6.258998870849609,3.9516773223876953
23-05-2002,6.1339311599731445,6.241474151611328,35149,6.241474151611328,6.156236171722412,3.886796712875366
24-05-2002,6.14109992980957,6.169777870178223,21340,6.169777870178223,6.14109992980957,3.8772406578063965
28-05-2002,6.03196382522583,6.125965118408203,31383,6.125965118408203,6.057456016540527,3.8244316577911377
29-05-2002,6.059049129486084,6.059845924377441,26362,6.145880222320557,6.1339311599731445,3.8727149963378906
30-05-2002,6.140304088592529,6.140304088592529,33893,6.233508110046387,6.213592052459717,3.9230098724365234
31-05-2002,6.233508110046387,6.233508110046387,27617,6.325118064880371,6.310779094696045,3.984369993209839
03-06-2002,6.244659900665283,6.325118064880371,53978,6.325118064880371,6.25342321395874,3.9481558799743652
04-06-2002,6.193676948547363,6.205626010894775,13808,6.225541114807129,6.209609031677246,3.9380557537078857
05-06-2002,6.229525089263916,6.229525089263916,18830,6.2494401931762695,6.241474151611328,3.9582624435424805
06-06-2002,6.215185165405273,6.233508110046387,74063,6.329101085662842,6.227135181427002,3.9491686820983887
07-06-2002,6.245457172393799,6.245457172393799,28872,6.285287857055664,6.277320861816406,3.980994939804077
10-06-2002,6.289270877838135,6.289270877838135,40170,6.360966205596924,6.3330841064453125,4.016359806060791
11-06-2002,6.245457172393799,6.329897880554199,79085,6.3330841064453125,6.245457172393799,3.960787534713745
12-06-2002,6.265371799468994,6.265371799468994,30128,6.325118064880371,6.289270877838135,3.9885730743408203
13-06-2002,6.193676948547363,6.2733378410339355,43936,6.2733378410339355,6.25342321395874,3.9658408164978027
14-06-2002,6.113218784332275,6.233508110046387,41425,6.233508110046387,6.129948139190674,3.88753342628479
17-06-2002,6.1339311599731445,6.149862766265869,60255,6.194472789764404,6.194472789764404,3.928455352783203
18-06-2002,6.149862766265869,6.17376184463501,22596,6.181727886199951,6.169777870178223,3.912792682647705
19-06-2002,5.937963962554932,6.149862766265869,55234,6.149862766265869,5.944336891174316,3.769822120666504
20-06-2002,5.958675861358643,5.962658882141113,18830,5.9865570068359375,5.9865570068359375,3.796597480773926
21-06-2002,5.868658065795898,5.970624923706055,80340,5.970624923706055,5.894946098327637,3.7384989261627197
24-06-2002,5.756336212158203,5.914862155914307,80340,5.914862155914307,5.783420085906982,3.6677699089050293
25-06-2002,5.636843204498291,5.783420085906982,72808,5.783420085906982,5.636843204498291,3.5748114585876465
26-06-2002,5.5842671394348145,5.632063865661621,84106,5.683844089508057,5.656758785247803,3.5874416828155518
27-06-2002,5.675878047943115,5.675878047943115,74063,5.797760009765625,5.79138708114624,3.672823429107666
28-06-2002,5.5842671394348145,5.775454044342041,53978,5.775454044342041,5.5842671394348145,3.5414693355560303
01-07-2002,5.610555171966553,5.610555171966553,85361,5.675878047943115,5.636046886444092,3.574307918548584
02-07-2002,5.5842671394348145,5.655961990356445,74063,5.674283981323242,5.604979038238525,3.5546047687530518
03-07-2002,5.440876007080078,5.576301097869873,48957,5.576301097869873,5.456011772155762,3.4601314067840576
05-07-2002,5.3978590965271,5.473536968231201,32638,5.496638774871826,5.480707168579102,3.4757919311523438
08-07-2002,5.436892986297607,5.484690189361572,53978,5.494248867034912,5.456809043884277,3.460636615753174
09-07-2002,5.3564348220825195,5.476724147796631,45191,5.496638774871826,5.3564348220825195,3.3969807624816895
10-07-2002,5.265621185302734,5.345283031463623,77829,5.4090118408203125,5.267213821411133,3.3403985500335693
11-07-2002,5.2377400398254395,5.257655143737793,53978,5.301468849182129,5.257655143737793,3.3343377113342285
12-07-2002,5.2178239822387695,5.24172306060791,60255,5.297485828399658,5.218620777130127,3.3095815181732178
15-07-2002,5.036196231842041,5.233757019042969,146872,5.233757019042969,5.146129131317139,3.2636098861694336
16-07-2002,4.998754978179932,5.138163089752197,130553,5.138163089752197,4.998754978179932,3.1701464653015137
17-07-2002,4.99078893661499,4.99078893661499,106702,5.138163089752197,5.07841682434082,3.2206664085388184
18-07-2002,5.05850076675415,5.098331928253174,22596,5.138163089752197,5.07841682434082,3.2206664085388184
19-07-2002,4.819517135620117,5.0792131423950195,128042,5.098331928253174,4.8991780281066895,3.106994390487671
22-07-2002,4.739855766296387,4.8394317626953125,176999,5.07841682434082,4.8394317626953125,3.069105386734009
23-07-2002,4.7000250816345215,4.859347820281982,246041,4.9310431480407715,4.804380893707275,3.046875476837158
24-07-2002,4.620363235473633,4.819517135620117,296254,4.8991780281066895,4.8991780281066895,3.106994390487671
25-07-2002,4.8991780281066895,4.8991780281066895,193318,5.0927557945251465,5.038586139678955,3.195406436920166
26-07-2002,5.05850076675415,5.05850076675415,154403,5.2178239822387695,5.2178239822387695,3.309075355529785
29-07-2002,5.2178239822387695,5.2178239822387695,61510,5.396265983581543,5.316604137420654,3.3717222213745117
30-07-2002,5.2178239822387695,5.3333330154418945,40170,5.3333330154418945,5.229773044586182,3.3166556358337402
31-07-2002,5.245706081390381,5.257655143737793,30128,5.357232093811035,5.357232093811035,3.3974859714508057
01-08-2002,5.297485828399658,5.377147197723389,40170,5.416977882385254,5.377147197723389,3.4101178646087646
02-08-2002,5.337316036224365,5.357232093811035,30128,5.385112762451172,5.3564348220825195,3.3969807624816895
05-08-2002,5.337316036224365,5.377147197723389,38915,5.436892986297607,5.337316036224365,3.3848564624786377
06-08-2002,5.357232093811035,5.357232093811035,72808,5.451231956481934,5.416977882385254,3.4353768825531006
07-08-2002,5.405028820037842,5.436892986297607,32638,5.496638774871826,5.496638774871826,3.485896587371826
08-08-2002,5.496638774871826,5.516554832458496,52723,5.59462308883667,5.59462308883667,3.548037052154541
09-08-2002,5.556385040283203,5.588250160217285,40170,5.616130828857422,5.6073689460754395,3.5561208724975586
12-08-2002,5.53646993637085,5.592233180999756,41425,5.636046886444092,5.636046886444092,3.574307918548584
13-08-2002,5.598606109619141,5.616130828857422,38915,5.715707778930664,5.671894073486328,3.597040891647339
14-08-2002,5.655961990356445,5.695793151855469,91638,5.826437950134277,5.826437950134277,3.6950504779815674
15-08-2002,5.7555389404296875,5.816082000732422,112978,5.894946098327637,5.83519983291626,3.700608253479004
16-08-2002,5.715707778930664,5.834403991699219,110468,5.834403991699219,5.776250839233398,3.6632213592529297
19-08-2002,5.763504981994629,5.783420085906982,66532,5.85511589050293,5.8152852058410645,3.6879777908325195
20-08-2002,5.6997761726379395,5.79138708114624,136829,5.85511589050293,5.776250839233398,3.6632213592529297
21-08-2002,5.715707778930664,5.795370101928711,143106,5.83519983291626,5.83519983291626,3.700608253479004
22-08-2002,5.735623836517334,5.8152852058410645,52723,5.8152852058410645,5.795370101928711,3.675348997116089
23-08-2002,5.7555389404296875,5.783420085906982,43936,5.795370101928711,5.778641223907471,3.6647391319274902
26-08-2002,5.759521961212158,5.7674880027771,27617,5.823250770568848,5.823250770568848,3.6930298805236816
27-08-2002,5.799353122711182,5.803336143493652,84106,5.847149848937988,5.811302185058594,3.6854519844055176
28-08-2002,5.691810131072998,5.792182922363281,28872,5.792182922363281,5.691810131072998,3.609670877456665
29-08-2002,5.636046886444092,5.707742214202881,123021,5.71331787109375,5.676673889160156,3.6000728607177734
30-08-2002,5.667911052703857,5.667911052703857,20085,5.719690799713135,5.695793151855469,3.6300268173217773
03-09-2002,5.54045295715332,5.711725234985352,45191,5.711725234985352,5.575503826141357,3.5533652305603027
04-09-2002,5.53646993637085,5.596216201782227,48957,5.6081647872924805,5.6081647872924805,3.5741820335388184
05-09-2002,5.53646993637085,5.588250160217285,67787,5.647995948791504,5.556385040283203,3.5411784648895264
06-09-2002,5.538859844207764,5.576301097869873,46447,5.636046886444092,5.636046886444092,3.591949701309204
09-09-2002,5.655961990356445,5.655961990356445,18830,5.730844020843506,5.711725234985352,3.640183210372925
10-09-2002,5.616130828857422,5.69658899307251,32638,5.697385787963867,5.694995880126953,3.6295180320739746
11-09-2002,5.679861068725586,5.710132122039795,7532,5.710132122039795,5.679861068725586,3.6198740005493164
12-09-2002,5.5866570472717285,5.677471160888672,36404,5.677471160888672,5.588250160217285,3.561488628387451
13-09-2002,5.576301097869873,5.600199222564697,38915,5.636046886444092,5.576301097869873,3.553873300552368
16-09-2002,5.53646993637085,5.577096939086914,22596,5.596216201782227,5.596216201782227,3.56656551361084
17-09-2002,5.467164993286133,5.616130828857422,57744,5.655961990356445,5.487876892089844,3.4975192546844482
18-09-2002,5.436892986297607,5.456809043884277,59000,5.53646993637085,5.495046138763428,3.5020875930786133
19-09-2002,5.2385358810424805,5.436892986297607,149382,5.437689781188965,5.301468849182129,3.378718137741089
20-09-2002,5.297485828399658,5.321383953094482,70298,5.436097145080566,5.410604953765869,3.4482717514038086
23-09-2002,5.330146789550781,5.397061824798584,13808,5.397061824798584,5.334927082061768,3.400041103363037
24-09-2002,5.245706081390381,5.317400932312012,36404,5.317400932312012,5.266417980194092,3.3563778400421143
25-09-2002,5.266417980194092,5.266417980194092,84106,5.416977882385254,5.405028820037842,3.4447181224823
26-09-2002,5.337316036224365,5.416977882385254,50213,5.460792064666748,5.460792064666748,3.4802565574645996
27-09-2002,5.412994861602783,5.476724147796631,65276,5.493453025817871,5.456809043884277,3.477717876434326
30-09-2002,5.338910102844238,5.436892986297607,100425,5.456809043884277,5.428926944732666,3.459949493408203
01-10-2002,5.444859027862549,5.444859027862549,80340,5.596216201782227,5.596216201782227,3.56656551361084
02-10-2002,5.496638774871826,5.616130828857422,55234,5.636046886444092,5.595418930053711,3.5660574436187744
03-10-2002,5.5842671394348145,5.5842671394348145,70298,5.679861068725586,5.6400299072265625,3.5944881439208984
04-10-2002,5.455214977264404,5.655961990356445,69042,5.659945011138916,5.496638774871826,3.5031023025512695
07-10-2002,5.516554832458496,5.516554832458496,99170,5.62409782409668,5.552402019500732,3.5386428833007812
08-10-2002,5.476724147796631,5.552402019500732,97914,5.564352035522461,5.556385040283203,3.5411784648895264
09-10-2002,5.436892986297607,5.54045295715332,50213,5.556385040283203,5.476724147796631,3.4904110431671143
10-10-2002,5.456809043884277,5.456809043884277,136829,5.580284118652344,5.560368061065674,3.5437185764312744
11-10-2002,5.53646993637085,5.53646993637085,27617,5.616130828857422,5.576301097869873,3.553873300552368
14-10-2002,5.576301097869873,5.596216201782227,50213,5.795370101928711,5.795370101928711,3.693488359451294
15-10-2002,5.715707778930664,5.7555389404296875,76574,5.875030994415283,5.85511589050293,3.7315664291381836
16-10-2002,5.775454044342041,5.83519983291626,31383,5.894946098327637,5.783420085906982,3.6858749389648438
17-10-2002,5.803336143493652,5.803336143493652,21340,5.922030925750732,5.922030925750732,3.77421236038208
18-10-2002,5.90609884262085,5.90609884262085,37659,5.974607944488525,5.974607944488525,3.8077218532562256
21-10-2002,5.8152852058410645,5.8152852058410645,357764,6.014439105987549,5.994523048400879,3.8204123973846436
22-10-2002,5.894946098327637,5.974607944488525,50213,5.974607944488525,5.974607944488525,3.8077218532562256
23-10-2002,5.894946098327637,5.954692840576172,51468,5.974607944488525,5.974607944488525,3.8077218532562256
24-10-2002,5.914862155914307,5.954692840576172,12553,5.974607944488525,5.942742824554443,3.7874135971069336
25-10-2002,5.914862155914307,5.942742824554443,28872,5.994523048400879,5.994523048400879,3.8204123973846436
28-10-2002,5.875030994415283,6.014439105987549,45191,6.014439105987549,5.973811149597168,3.8072152137756348
29-10-2002,5.83519983291626,5.936369895935059,25106,5.936369895935059,5.894946098327637,3.756953001022339
30-10-2002,5.85511589050293,5.85511589050293,26362,5.882997035980225,5.863081932067871,3.7366445064544678
31-10-2002,5.8152852058410645,5.8152852058410645,95404,5.85511589050293,5.85511589050293,3.7315664291381836
01-11-2002,5.735623836517334,5.855912208557129,158169,5.894946098327637,5.886980056762695,3.7518727779388428
04-11-2002,5.735623836517334,5.934776782989502,52723,5.934776782989502,5.7555389404296875,3.6681056022644043
05-11-2002,5.775454044342041,5.775454044342041,8787,5.803336143493652,5.800148963928223,3.6965348720550537
06-11-2002,5.691810131072998,5.800946235656738,33893,5.800946235656738,5.7555389404296875,3.6681056022644043
07-11-2002,5.731640815734863,5.7555389404296875,13808,5.7555389404296875,5.747572898864746,3.66302752494812
08-11-2002,5.727656841278076,5.760319232940674,17574,5.775454044342041,5.727656841278076,3.650336980819702
11-11-2002,5.695793151855469,5.735623836517334,38915,5.795370101928711,5.695793151855469,3.6300268173217773
12-11-2002,5.487876892089844,5.695793151855469,64021,5.7236738204956055,5.487876892089844,3.4975192546844482
13-11-2002,5.520537853240967,5.520537853240967,59000,5.655961990356445,5.655961990356445,3.6046409606933594
14-11-2002,5.683844089508057,5.683844089508057,22596,5.804131984710693,5.758725166320801,3.6701345443725586
15-11-2002,5.7555389404296875,5.783420085906982,32638,5.820860862731934,5.820065021514893,3.7092294692993164
18-11-2002,5.616130828857422,5.800148963928223,38915,5.823250770568848,5.616130828857422,3.5792579650878906
19-11-2002,5.655961990356445,5.655961990356445,20085,5.735623836517334,5.735623836517334,3.6554126739501953
20-11-2002,5.695793151855469,5.736420154571533,42681,5.79138708114624,5.759521961212158,3.6706416606903076
21-11-2002,5.695793151855469,5.695793151855469,84106,5.751555919647217,5.7021660804748535,3.6340889930725098
22-11-2002,5.576301097869873,5.7029619216918945,126787,5.7029619216918945,5.636046886444092,3.591949701309204
25-11-2002,5.461587905883789,5.636843204498291,185786,5.636843204498291,5.484690189361572,3.495487928390503
26-11-2002,5.329349994659424,5.484690189361572,301275,5.484690189361572,5.397061824798584,3.439640760421753
27-11-2002,5.397061824798584,5.4074177742004395,134318,5.496638774871826,5.397061824798584,3.439640760421753
29-11-2002,5.379537105560303,5.397061824798584,20085,5.416977882385254,5.379537105560303,3.4284725189208984
02-12-2002,5.257655143737793,5.399452209472656,121765,5.399452209472656,5.265621185302734,3.3558707237243652
03-12-2002,5.2377400398254395,5.265621185302734,129297,5.298282146453857,5.256062030792236,3.3497796058654785
04-12-2002,5.257655143737793,5.257655143737793,17574,5.28553581237793,5.273587226867676,3.3801581859588623
05-12-2002,5.158078193664551,5.257655143737793,62766,5.257655143737793,5.197908878326416,3.3316540718078613
06-12-2002,5.098331928253174,5.1779937744140625,110468,5.325366973876953,5.313417911529541,3.4056899547576904
09-12-2002,5.1779937744140625,5.2935028076171875,130553,5.294299125671387,5.1779937744140625,3.3188862800598145
10-12-2002,5.138163089752197,5.193925857543945,59000,5.232162952423096,5.185959815979004,3.3239939212799072
11-12-2002,5.136569976806641,5.1851630210876465,139340,5.213840961456299,5.1779937744140625,3.3188862800598145
12-12-2002,5.138163089752197,5.138163089752197,48957,5.209857940673828,5.1779937744140625,3.3188862800598145
13-12-2002,5.118247032165527,5.1620612144470215,91638,5.204281806945801,5.179586887359619,3.319908857345581
16-12-2002,5.197908878326416,5.197908878326416,59000,5.297485828399658,5.233757019042969,3.354628801345825
17-12-2002,5.205874919891357,5.229773044586182,22596,5.230569839477539,5.2082648277282715,3.3382904529571533
18-12-2002,5.1779937744140625,5.225790023803711,11298,5.225790023803711,5.2170281410217285,3.3439090251922607
19-12-2002,5.1779937744140625,5.1779937744140625,25106,5.257655143737793,5.2178239822387695,3.3444173336029053
20-12-2002,5.2409257888793945,5.248891830444336,96659,5.397061824798584,5.397061824798584,3.459301710128784
23-12-2002,5.337316036224365,5.3978590965271,128042,5.440876007080078,5.416977882385254,3.472066640853882
24-12-2002,5.357232093811035,5.417774200439453,50213,5.417774200439453,5.377147197723389,3.446538209915161
26-12-2002,5.3978590965271,5.412198066711426,21340,5.464775085449219,5.3978590965271,3.4598121643066406
27-12-2002,5.2377400398254395,5.398655891418457,105446,5.398655891418457,5.277569770812988,3.38271164894104
30-12-2002,5.282350063323975,5.282350063323975,23851,5.377147197723389,5.350061893463135,3.4291770458221436
31-12-2002,5.337316036224365,5.350061893463135,15064,5.3564348220825195,5.337316036224365,3.4210073947906494
02-01-2003,5.357232093811035,5.357232093811035,109212,5.496638774871826,5.428926944732666,3.479726552963257
03-01-2003,5.337316036224365,5.456809043884277,37659,5.476724147796631,5.365198135375977,3.4388790130615234
06-01-2003,5.273587226867676,5.416977882385254,170723,5.456809043884277,5.385112762451172,3.4516448974609375
07-01-2003,5.30943489074707,5.385112762451172,112978,5.401045799255371,5.337316036224365,3.4210073947906494
08-01-2003,5.298282146453857,5.377147197723389,61510,5.397061824798584,5.3054518699646,3.400585412979126
09-01-2003,5.321383953094482,5.321383953094482,71553,5.369977951049805,5.369181156158447,3.441429615020752
10-01-2003,5.329349994659424,5.369977951049805,41425,5.391486167907715,5.3540449142456055,3.4317305088043213
13-01-2003,5.349266052246094,5.3540449142456055,67787,5.455214977264404,5.436892986297607,3.484832763671875
14-01-2003,5.3859100341796875,5.416977882385254,61510,5.476724147796631,5.460792064666748,3.500149965286255
15-01-2003,5.377147197723389,5.461587905883789,67787,5.461587905883789,5.377147197723389,3.446538209915161
16-01-2003,5.377147197723389,5.412994861602783,28872,5.412994861602783,5.381130218505859,3.449091672897339
17-01-2003,5.357232093811035,5.381927013397217,18830,5.381927013397217,5.369977951049805,3.441941499710083
21-01-2003,5.337316036224365,5.377943992614746,43936,5.393078804016113,5.357232093811035,3.4337728023529053
22-01-2003,5.3628082275390625,5.397061824798584,45191,5.397061824798584,5.377147197723389,3.446538209915161
23-01-2003,5.303859233856201,5.377147197723389,61510,5.381130218505859,5.331739902496338,3.4174318313598633
24-01-2003,5.209857940673828,5.321383953094482,40170,5.321383953094482,5.210655212402344,3.3398215770721436
27-01-2003,5.119043827056885,5.211451053619385,129297,5.211451053619385,5.158078193664551,3.306122303009033
28-01-2003,5.120636940002441,5.170026779174805,42681,5.170026779174805,5.146129131317139,3.2984633445739746
29-01-2003,5.070450782775879,5.146129131317139,80340,5.146129131317139,5.121434211730957,3.2826359272003174
30-01-2003,4.9868059158325195,5.106297969818115,32638,5.106297969818115,4.998754978179932,3.2040023803710938
31-01-2003,4.999551773071289,4.999551773071289,96659,5.170026779174805,5.170026779174805,3.313782215118408
03-02-2003,5.568335056304932,5.576301097869873,987931,5.671894073486328,5.655961990356445,3.6252455711364746
04-02-2003,5.6400299072265625,5.663928031921387,283701,5.663928031921387,5.640826225280762,3.615546226501465
05-02-2003,5.639233112335205,5.639233112335205,99170,5.656758785247803,5.647995948791504,3.6201415061950684
06-02-2003,5.655961990356445,5.655961990356445,91638,5.683844089508057,5.67906379699707,3.6400539875030518
07-02-2003,5.657555103302002,5.687827110290527,87872,5.687827110290527,5.687827110290527,3.6456711292266846
10-02-2003,5.6703009605407715,5.6703009605407715,74063,5.774658203125,5.737216949462891,3.677325487136841
11-02-2003,5.739606857299805,5.748369216918945,30128,5.774658203125,5.739606857299805,3.678858995437622
12-02-2003,5.663928031921387,5.735623836517334,57744,5.735623836517334,5.727656841278076,3.6712026596069336
13-02-2003,5.72048807144165,5.743589878082275,70298,5.775454044342041,5.747572898864746,3.6839652061462402
14-02-2003,5.735623836517334,5.735623836517334,76574,5.775454044342041,5.765894889831543,3.6957099437713623
18-02-2003,5.7627081871032715,5.763504981994629,59000,5.775454044342041,5.763504981994629,3.6941771507263184
19-02-2003,5.763504981994629,5.763504981994629,2511,5.763504981994629,5.763504981994629,3.6941771507263184
20-02-2003,5.743589878082275,5.743589878082275,2511,5.743589878082275,5.743589878082275,3.6814115047454834
21-02-2003,5.747572898864746,5.763504981994629,22596,5.763504981994629,5.758725166320801,3.691112995147705
24-02-2003,5.758725166320801,5.758725166320801,2511,5.758725166320801,5.758725166320801,3.691112995147705
25-02-2003,5.735623836517334,5.751555919647217,101680,5.759521961212158,5.740403175354004,3.679370880126953
26-02-2003,5.735623836517334,5.735623836517334,169467,5.759521961212158,5.748369216918945,3.6844773292541504
27-02-2003,5.743589878082275,5.7555389404296875,35149,5.757132053375244,5.747572898864746,3.6839652061462402
28-02-2003,5.674283981323242,5.715707778930664,178254,5.7459797859191895,5.686233997344971,3.663691759109497
03-03-2003,5.632063865661621,5.687029838562012,726826,5.704555988311768,5.656758785247803,3.644700050354004
04-03-2003,5.640826225280762,5.640826225280762,1953266,5.695793151855469,5.677471160888672,3.6580474376678467
05-03-2003,5.715707778930664,5.715707778930664,227212,5.759521961212158,5.724471092224121,3.6883280277252197
06-03-2003,5.719690799713135,5.719690799713135,161935,5.79138708114624,5.79138708114624,3.731443405151367
07-03-2003,5.779437065124512,5.779437065124512,133063,5.8152852058410645,5.8152852058410645,3.746840238571167
10-03-2003,5.803336143493652,5.811302185058594,498359,5.875030994415283,5.811302185058594,3.744272470474243
11-03-2003,5.811302185058594,5.816082000732422,601295,5.863879203796387,5.816082000732422,3.7473528385162354
12-03-2003,5.8152852058410645,5.816082000732422,163191,5.867064952850342,5.867064952850342,3.780203342437744
13-03-2003,5.858302116394043,5.8710479736328125,160680,5.898930072784424,5.890963077545166,3.795600175857544
14-03-2003,5.89335298538208,5.906896114349365,376594,5.970624923706055,5.911674976348877,3.808946371078491
17-03-2003,5.898132801055908,5.898930072784424,168212,6.058251857757568,6.055862903594971,3.9018490314483643
18-03-2003,6.046302795410156,6.046302795410156,81595,6.08613395690918,6.066218852996826,3.9085187911987305
19-03-2003,6.034354209899902,6.054268836975098,99170,6.090913772583008,6.078167915344238,3.9162180423736572
20-03-2003,6.00248908996582,6.076574802398682,134318,6.08613395690918,6.050285816192627,3.89825439453125
21-03-2003,6.057456016540527,6.070201873779297,67787,6.094099998474121,6.078167915344238,3.9162180423736572
24-03-2003,6.021607875823975,6.058251857757568,31383,6.058251857757568,6.0423197746276855,3.8931217193603516
25-03-2003,6.055066108703613,6.055066108703613,66532,6.094099998474121,6.067015171051025,3.9090328216552734
26-03-2003,6.070201873779297,6.070201873779297,87872,6.15384578704834,6.132338047027588,3.9511220455169678
27-03-2003,6.038337230682373,6.094099998474121,101680,6.109235763549805,6.109235763549805,3.9362356662750244
28-03-2003,6.1020660400390625,6.1020660400390625,46447,6.145880222320557,6.145880222320557,3.959846019744873
31-03-2003,6.074184894561768,6.114015102386475,28872,6.161811828613281,6.144287109375,3.958819627761841
01-04-2003,6.114015102386475,6.15384578704834,84106,6.265371799468994,6.254220008850098,4.029650688171387
02-04-2003,6.269354820251465,6.269354820251465,90383,6.372914791107178,6.3330841064453125,4.080463409423828
03-04-2003,6.2733378410339355,6.3330841064453125,30128,6.3330841064453125,6.286084175109863,4.050179958343506
04-04-2003,6.257406234741211,6.275728225708008,48957,6.325118064880371,6.325118064880371,4.075331687927246
07-04-2003,6.356983184814453,6.372914791107178,95404,6.472492218017578,6.368931770324707,4.103559970855713
08-04-2003,6.33388090133667,6.353000164031982,40170,6.3888468742370605,6.3880510330200195,4.115879058837891
09-04-2003,6.2932538986206055,6.37211799621582,47702,6.3856611251831055,6.309185981750488,4.065067291259766
10-04-2003,6.25342321395874,6.325118064880371,41425,6.325118064880371,6.2733378410339355,4.041968822479248
11-04-2003,6.261388778686523,6.285287857055664,16319,6.285287857055664,6.2701520919799805,4.039917469024658
14-04-2003,6.2502360343933105,6.2502360343933105,15064,6.292457103729248,6.292457103729248,4.054287910461426
15-04-2003,6.265371799468994,6.2725419998168945,26362,6.286084175109863,6.286084175109863,4.050179958343506
16-04-2003,6.241474151611328,6.301219940185547,13808,6.301219940185547,6.2494401931762695,4.026571273803711
17-04-2003,6.265371799468994,6.265371799468994,32638,6.356983184814453,6.34105110168457,4.085596561431885
21-04-2003,6.313169002532959,6.353000164031982,40170,6.3888468742370605,6.313169002532959,4.067633152008057
22-04-2003,6.206422805786133,6.2733378410339355,70298,6.2932538986206055,6.244659900665283,4.023489952087402
23-04-2003,6.193676948547363,6.237491130828857,79085,6.25342321395874,6.237491130828857,4.018870830535889
24-04-2003,6.15384578704834,6.221558094024658,65276,6.221558094024658,6.213592052459717,4.00347375869751
25-04-2003,6.1339311599731445,6.193676948547363,21340,6.193676948547363,6.1339311599731445,3.9521472454071045
28-04-2003,6.149065971374512,6.149065971374512,40170,6.205626010894775,6.201642990112305,3.995774745941162
29-04-2003,6.174558162689209,6.201642990112305,28872,6.241474151611328,6.236693859100342,4.018359661102295
30-04-2003,6.201642990112305,6.241474151611328,7532,6.241474151611328,6.201642990112305,3.995774745941162
01-05-2003,6.17376184463501,6.213592052459717,61510,6.2733378410339355,6.2733378410339355,4.041968822479248
02-05-2003,6.213592052459717,6.257406234741211,96659,6.312372207641602,6.261388778686523,4.034270763397217
05-05-2003,6.193676948547363,6.281303882598877,84106,6.292457103729248,6.193676948547363,3.990640640258789
06-05-2003,6.172965049743652,6.17376184463501,28872,6.213592052459717,6.193676948547363,3.990640640258789
07-05-2003,6.205626010894775,6.213592052459717,26362,6.25342321395874,6.205626010894775,3.9983413219451904
08-05-2003,6.189693927764893,6.22474479675293,16319,6.233508110046387,6.191287040710449,3.9891021251678467
09-05-2003,6.204829216003418,6.205626010894775,40170,6.353000164031982,6.353000164031982,4.093296051025391
12-05-2003,6.2733378410339355,6.337067127227783,64021,6.337863922119141,6.2932538986206055,4.054800510406494
13-05-2003,6.281303882598877,6.309185981750488,6277,6.309185981750488,6.281303882598877,4.047099590301514
14-05-2003,6.225541114807129,6.269354820251465,15064,6.2701520919799805,6.230320930480957,4.01425313949585
15-05-2003,6.213592052459717,6.213592052459717,23851,6.269354820251465,6.25342321395874,4.0291361808776855
16-05-2003,6.229525089263916,6.254220008850098,7532,6.254220008850098,6.229525089263916,4.013739109039307
19-05-2003,6.169777870178223,6.213592052459717,16319,6.214388847351074,6.1777448654174805,3.9803760051727295
20-05-2003,6.094099998474121,6.15384578704834,64021,6.1578288078308105,6.15384578704834,3.9649784564971924
21-05-2003,6.133133888244629,6.152253150939941,10043,6.15384578704834,6.1347270011901855,3.9526596069335938
22-05-2003,6.1339311599731445,6.145880222320557,38915,6.237491130828857,6.185710906982422,3.9855101108551025
23-05-2003,6.201642990112305,6.213592052459717,6277,6.237491130828857,6.201642990112305,3.995774745941162
27-05-2003,6.213592052459717,6.213592052459717,13808,6.2932538986206055,6.2932538986206055,4.054800510406494
28-05-2003,6.245457172393799,6.277320861816406,25106,6.303609848022461,6.303609848022461,4.061472415924072
29-05-2003,6.325118064880371,6.325118064880371,45191,6.392829895019531,6.392829895019531,4.118959426879883
30-05-2003,6.3888468742370605,6.431865215301514,107957,6.492406845092773,6.412745952606201,4.131789684295654
02-06-2003,6.403983116149902,6.403983116149902,36404,6.4732890129089355,6.4732890129089355,4.170799732208252
03-06-2003,6.392829895019531,6.474084854125977,50213,6.474084854125977,6.410356044769287,4.130249977111816
04-06-2003,6.424695014953613,6.424695014953613,70298,6.496389865875244,6.496389865875244,4.185683250427246
05-06-2003,6.432661056518555,6.484440803527832,56489,6.485238075256348,6.432661056518555,4.163768291473389
06-06-2003,6.452577114105225,6.452577114105225,31383,6.491611003875732,6.460543155670166,4.18181848526001
09-06-2003,6.444610118865967,6.480457782745361,120510,6.5314412117004395,6.512322902679443,4.215331554412842
10-06-2003,6.440627098083496,6.528254985809326,18830,6.528254985809326,6.443813800811768,4.170987129211426
11-06-2003,6.460543155670166,6.464526176452637,111723,6.5043559074401855,6.478067874908447,4.193161487579346
12-06-2003,6.451779842376709,6.492406845092773,22596,6.492406845092773,6.451779842376709,4.176146030426025
13-06-2003,6.476474761962891,6.492406845092773,86617,6.5043559074401855,6.496389865875244,4.205019950866699
16-06-2003,6.512322902679443,6.520288944244385,104191,6.592781066894531,6.57206916809082,4.2540059089660645
17-06-2003,6.580035209655762,6.611898899078369,70298,6.611898899078369,6.599949836730957,4.27205228805542
18-06-2003,6.588000774383545,6.588000774383545,84106,6.721831798553467,6.651730060577393,4.305569171905518
19-06-2003,6.532238006591797,6.619865894317627,41425,6.620662212371826,6.532238006591797,4.2282233238220215
20-06-2003,6.512322902679443,6.544983863830566,12553,6.56489896774292,6.512322902679443,4.215331554412842
23-06-2003,6.424695014953613,6.513119220733643,36404,6.513119220733643,6.434254169464111,4.164800643920898
24-06-2003,6.428678035736084,6.428678035736084,8787,6.488423824310303,6.452577114105225,4.176658630371094
25-06-2003,6.374507904052734,6.453372955322266,48957,6.453372955322266,6.374507904052734,4.126127243041992
26-06-2003,6.374507904052734,6.392829895019531,17574,6.394423961639404,6.376897811889648,4.12767219543457
27-06-2003,6.37211799621582,6.372914791107178,53978,6.412745952606201,6.380084991455078,4.12973690032959
30-06-2003,6.372914791107178,6.380084991455078,15064,6.432661056518555,6.412745952606201,4.150877475738525
01-07-2003,6.34105110168457,6.413541793823242,64021,6.460543155670166,6.460543155670166,4.18181848526001
02-07-2003,6.476474761962891,6.476474761962891,69042,6.631018161773682,6.619865894317627,4.284944534301758
03-07-2003,6.61588191986084,6.63579797744751,10043,6.63579797744751,6.6166791915893555,4.28287935256958
07-07-2003,6.611898899078369,6.63579797744751,121765,6.723424911499023,6.627035140991211,4.289584636688232
08-07-2003,6.564103126525879,6.628627777099609,59000,6.628627777099609,6.611103057861328,4.279271125793457
09-07-2003,6.472492218017578,6.611898899078369,84106,6.611898899078369,6.488423824310303,4.199862480163574
10-07-2003,6.3888468742370605,6.452577114105225,135574,6.492406845092773,6.492406845092773,4.20244026184082
11-07-2003,6.452577114105225,6.460543155670166,3766,6.460543155670166,6.452577114105225,4.176658630371094
14-07-2003,6.360966205596924,6.416728973388672,42681,6.416728973388672,6.360966205596924,4.117361545562744
15-07-2003,6.368931770324707,6.400000095367432,20085,6.40477991104126,6.368931770324707,4.122516632080078
16-07-2003,6.392829895019531,6.392829895019531,62766,6.452577114105225,6.394423961639404,4.139017581939697
17-07-2003,6.349017143249512,6.395219802856445,43936,6.395219802856445,6.360966205596924,4.117361545562744
18-07-2003,6.360168933868408,6.360168933868408,1255,6.360168933868408,6.360168933868408,4.11684513092041
21-07-2003,6.325118064880371,6.380880832672119,67787,6.380880832672119,6.3330841064453125,4.099313735961914
22-07-2003,6.371322154998779,6.371322154998779,38915,6.412745952606201,6.380880832672119,4.130251407623291
23-07-2003,6.332287788391113,6.341846942901611,47702,6.372914791107178,6.372914791107178,4.125095844268799
24-07-2003,6.38486385345459,6.38486385345459,48957,6.452577114105225,6.412745952606201,4.150877475738525
25-07-2003,6.34105110168457,6.413541793823242,38915,6.431865215301514,6.431865215301514,4.163252353668213
28-07-2003,6.412745952606201,6.431865215301514,69042,6.450983047485352,6.450983047485352,4.175628185272217
29-07-2003,6.313169002532959,6.451779842376709,189552,6.451779842376709,6.411949157714844,4.150362491607666
30-07-2003,6.3880510330200195,6.412745952606201,8787,6.412745952606201,6.391236782073975,4.136955261230469
31-07-2003,6.380880832672119,6.39203405380249,59000,6.484440803527832,6.3888468742370605,4.135410308837891
01-08-2003,6.308389186859131,6.3888468742370605,46447,6.389644145965576,6.33388090133667,4.099829196929932
04-08-2003,6.233508110046387,6.3346781730651855,62766,6.372914791107178,6.361763000488281,4.11787748336792
05-08-2003,6.2932538986206055,6.345829963684082,56489,6.372914791107178,6.2932538986206055,4.073531627655029
06-08-2003,6.313169002532959,6.313169002532959,23851,6.3649492263793945,6.319541931152344,4.090546607971191
07-08-2003,6.338661193847656,6.352202892303467,81595,6.372914791107178,6.353000164031982,4.112204551696777
08-08-2003,6.353000164031982,6.353000164031982,35149,6.452577114105225,6.436644077301025,4.166347026824951
11-08-2003,6.420711994171143,6.452577114105225,46447,6.452577114105225,6.443813800811768,4.170987129211426
12-08-2003,6.431067943572998,6.451779842376709,22596,6.452577114105225,6.452577114105225,4.176658630371094
13-08-2003,6.372914791107178,6.452577114105225,59000,6.452577114105225,6.380880832672119,4.130251407623291
14-08-2003,6.392829895019531,6.392829895019531,15064,6.416728973388672,6.416728973388672,4.15345573425293
15-08-2003,6.392829895019531,6.4087629318237305,35149,6.420711994171143,6.420711994171143,4.156033992767334
18-08-2003,6.392829895019531,6.432661056518555,41425,6.460543155670166,6.432661056518555,4.163768291473389
19-08-2003,6.452577114105225,6.464526176452637,23851,6.476474761962891,6.452577114105225,4.176658630371094
20-08-2003,6.4716949462890625,6.472492218017578,3766,6.472492218017578,6.4716949462890625,4.189034938812256
21-08-2003,6.4716949462890625,6.4716949462890625,8787,6.492406845092773,6.472492218017578,4.18955135345459
22-08-2003,6.3649492263793945,6.492406845092773,33893,6.492406845092773,6.380880832672119,4.130251407623291
25-08-2003,6.37211799621582,6.37211799621582,13808,6.432661056518555,6.432661056518555,4.163768291473389
26-08-2003,6.380880832672119,6.432661056518555,22596,6.452577114105225,6.452577114105225,4.176658630371094
27-08-2003,6.38486385345459,6.432661056518555,33893,6.433457851409912,6.432661056518555,4.163768291473389
28-08-2003,6.3888468742370605,6.400796890258789,17574,6.4716949462890625,6.4716949462890625,4.189034938812256
29-08-2003,6.403185844421387,6.4414238929748535,48957,6.4414238929748535,6.4414238929748535,4.188774108886719
02-09-2003,6.444610118865967,6.452577114105225,67787,6.572865009307861,6.57206916809082,4.273731708526611
03-09-2003,6.584018230438232,6.584018230438232,11298,6.611898899078369,6.584018230438232,4.2815022468566895
04-09-2003,6.536221027374268,6.58481502532959,104191,6.607915878295898,6.556136131286621,4.263372898101807
05-09-2003,6.508339881896973,6.544187068939209,17574,6.564103126525879,6.532238006591797,4.247830867767334
08-09-2003,6.492406845092773,6.492406845092773,18830,6.512322902679443,6.512322902679443,4.234879016876221
09-09-2003,6.420711994171143,6.484440803527832,27617,6.484440803527832,6.452577114105225,4.196027755737305
10-09-2003,6.440627098083496,6.464526176452637,10043,6.476474761962891,6.440627098083496,4.188258171081543
11-09-2003,6.453372955322266,6.453372955322266,32638,6.484440803527832,6.476474761962891,4.211568355560303
12-09-2003,6.488423824310303,6.492406845092773,23851,6.520288944244385,6.488423824310303,4.219339847564697
15-09-2003,6.500372886657715,6.500372886657715,50213,6.585610866546631,6.561713218688965,4.266998291015625
16-09-2003,6.562509059906006,6.564103126525879,37659,6.584018230438232,6.584018230438232,4.2815022468566895
17-09-2003,6.532238006591797,6.564103126525879,234743,6.56489896774292,6.55215311050415,4.2607831954956055
18-09-2003,6.553747177124023,6.5545430183410645,138084,6.57206916809082,6.569678783416748,4.272177696228027
19-09-2003,6.528254985809326,6.569678783416748,204616,6.580035209655762,6.528254985809326,4.245241165161133
22-09-2003,6.532238006591797,6.532238006591797,110468,6.607915878295898,6.607915878295898,4.29704475402832
23-09-2003,6.580035209655762,6.619865894317627,57744,6.619865894317627,6.580035209655762,4.278912544250488
24-09-2003,6.559322834014893,6.588000774383545,133063,6.595966815948486,6.576052188873291,4.276321887969971
25-09-2003,6.540204048156738,6.540204048156738,87872,6.599949836730957,6.556136131286621,4.263372898101807
26-09-2003,6.529051780700684,6.556136131286621,79085,6.556136131286621,6.5545430183410645,4.26233434677124
29-09-2003,6.550559997558594,6.56808614730835,43936,6.56808614730835,6.560119152069092,4.265960693359375
30-09-2003,6.470101833343506,6.540204048156738,41425,6.540204048156738,6.478067874908447,4.212606430053711
01-10-2003,6.484440803527832,6.492406845092773,92893,6.630221843719482,6.630221843719482,4.311548233032227
02-10-2003,6.611898899078369,6.611898899078369,15064,6.627831935882568,6.611898899078369,4.299633979797363
03-10-2003,6.631814956665039,6.631814956665039,25106,6.651730060577393,6.6397809982299805,4.3177642822265625
06-10-2003,6.631814956665039,6.640577793121338,16319,6.6716461181640625,6.6716461181640625,4.338486671447754
07-10-2003,6.711475849151611,6.711475849151611,61510,6.795121192932129,6.791138172149658,4.416189670562744
08-10-2003,6.759273052215576,6.791138172149658,22596,6.791138172149658,6.759273052215576,4.395470142364502
09-10-2003,6.771222114562988,6.771222114562988,62766,6.922578811645508,6.871595859527588,4.468510627746582
10-10-2003,6.882748126983643,6.882748126983643,145616,6.922578811645508,6.890714168548584,4.4809417724609375
13-10-2003,6.898681163787842,6.898681163787842,18830,6.950460910797119,6.950460910797119,4.5197954177856445
14-10-2003,6.8707990646362305,6.946476936340332,52723,6.946476936340332,6.890714168548584,4.4809417724609375
15-10-2003,6.850883960723877,6.882748126983643,17574,6.882748126983643,6.850883960723877,4.455042362213135
16-10-2003,6.858850002288818,6.858850002288818,86617,6.894698143005371,6.894698143005371,4.48353385925293
17-10-2003,6.838934898376465,6.895493984222412,51468,6.897087097167969,6.838934898376465,4.447272300720215
20-10-2003,6.826984882354736,6.838934898376465,50213,6.850883960723877,6.850883960723877,4.455042362213135
21-10-2003,6.8110527992248535,6.854866981506348,82851,6.890714168548584,6.850883960723877,4.455042362213135
22-10-2003,6.8110527992248535,6.850883960723877,18830,6.850883960723877,6.850883960723877,4.455042362213135
23-10-2003,6.831765174865723,6.831765174865723,95404,6.890714168548584,6.890714168548584,4.4809417724609375
24-10-2003,6.8707990646362305,6.910630226135254,15064,6.910630226135254,6.890714168548584,4.4809417724609375
27-10-2003,6.877171993255615,6.877171993255615,87872,6.9026641845703125,6.898681163787842,4.4861249923706055
28-10-2003,6.886731147766113,6.898681163787842,17574,6.930544853210449,6.930544853210449,4.506845474243164
29-10-2003,6.9034600257873535,6.9034600257873535,8787,6.9034600257873535,6.9034600257873535,4.489232063293457
30-10-2003,6.878765106201172,6.914612770080566,40170,6.922578811645508,6.878765106201172,4.473172664642334
31-10-2003,6.874782085418701,6.890714168548584,50213,6.914612770080566,6.913815975189209,4.495965003967285
03-11-2003,6.850883960723877,6.913815975189209,129297,6.913815975189209,6.852477073669434,4.456077575683594
04-11-2003,6.873985767364502,6.873985767364502,25106,6.890714168548584,6.885934829711914,4.477835178375244
05-11-2003,6.885934829711914,6.885934829711914,8787,6.9026641845703125,6.898681163787842,4.4861249923706055
06-11-2003,6.86681604385376,6.899477005004883,25106,6.930544853210449,6.930544853210449,4.506845474243164
07-11-2003,6.970376014709473,6.970376014709473,27617,6.996664047241211,6.970376014709473,4.532745838165283
10-11-2003,6.93452787399292,6.9584269523620605,36404,6.990291118621826,6.950460910797119,4.5197954177856445
11-11-2003,6.930544853210449,6.93452787399292,22596,6.969579219818115,6.969579219818115,4.532227039337158
12-11-2003,7.0094099044799805,7.0094099044799805,18830,7.050036907196045,7.04685115814209,4.582478046417236
13-11-2003,6.890714168548584,6.890714168548584,16319,7.050036907196045,7.050036907196045,4.584549427032471
14-11-2003,7.034104824066162,7.034104824066162,26362,7.069952964782715,7.050036907196045,4.584549427032471
17-11-2003,7.026138782501221,7.034104824066162,22596,7.050036907196045,7.050036907196045,4.584549427032471
18-11-2003,7.050036907196045,7.050036907196045,7532,7.069952964782715,7.061986923217773,4.592319965362549
19-11-2003,7.02215576171875,7.065969944000244,15064,7.065969944000244,7.0420708656311035,4.57936954498291
20-11-2003,6.982325077056885,7.0420708656311035,11298,7.0420708656311035,6.982325077056885,4.540517807006836
21-11-2003,7.030121803283691,7.030121803283691,42681,7.163952827453613,7.0946478843688965,4.613558292388916
24-11-2003,7.109783172607422,7.109783172607422,40170,7.300971031188965,7.300971031188965,4.7477288246154785
25-11-2003,7.300971031188965,7.300971031188965,155659,7.6427178382873535,7.591734886169434,4.936807632446289
26-11-2003,7.392581939697266,7.57181978225708,47702,7.57181978225708,7.436395168304443,4.835792541503906
28-11-2003,7.41648006439209,7.41648006439209,22596,7.543938159942627,7.524023056030273,4.892776966094971
01-12-2003,7.524819850921631,7.524819850921631,97914,7.567837238311768,7.539955139160156,4.903136253356934
02-12-2003,7.488174915313721,7.520040035247803,17574,7.559871196746826,7.547921180725098,4.9083170890808105
03-12-2003,7.528006076812744,7.528006076812744,32638,7.615633964538574,7.587751865386963,4.95644998550415
04-12-2003,7.547921180725098,7.547921180725098,8787,7.547921180725098,7.547921180725098,4.930431365966797
05-12-2003,7.543938159942627,7.543938159942627,17574,7.544734954833984,7.544734954833984,4.9283528327941895
08-12-2003,7.524023056030273,7.531989097595215,26362,7.555887222290039,7.555887222290039,4.935635089874268
09-12-2003,7.539955139160156,7.539955139160156,46447,7.595717906951904,7.567837238311768,4.9434428215026855
10-12-2003,7.528006076812744,7.567837238311768,50213,7.567837238311768,7.528006076812744,4.917422771453857
11-12-2003,7.528006076812744,7.528006076812744,28872,7.583768844604492,7.583768844604492,4.953847885131836
12-12-2003,7.567837238311768,7.603683948516846,43936,7.639532089233398,7.627583026885986,4.9824700355529785
15-12-2003,7.64749813079834,7.64749813079834,76574,7.806820869445801,7.747075080871582,5.060522079467773
16-12-2003,7.631566047668457,7.7669901847839355,41425,7.7669901847839355,7.64749813079834,4.995475769042969
17-12-2003,7.590939044952393,7.607666969299316,10043,7.630768775939941,7.614837169647217,4.9741411209106445
18-12-2003,7.57659912109375,7.614837169647217,133063,7.673786163330078,7.653871059417725,4.999640941619873
19-12-2003,7.528802871704102,7.673786163330078,136829,7.691311836242676,7.5566840171813965,4.936156749725342
22-12-2003,7.57659912109375,7.57659912109375,15064,7.653871059417725,7.619616985321045,4.977265357971191
23-12-2003,7.590939044952393,7.603683948516846,36404,7.666616916656494,7.629176139831543,4.983509540557861
24-12-2003,7.627583026885986,7.64749813079834,119255,7.7669901847839355,7.7669901847839355,5.0735321044921875
26-12-2003,7.663430213928223,7.7669901847839355,47702,7.7669901847839355,7.7271599769592285,5.047513484954834
29-12-2003,7.639532089233398,7.687328815460205,45191,7.691311836242676,7.6721930503845215,5.011608123779297
30-12-2003,7.64749813079834,7.6721930503845215,51468,7.786905765533447,7.663430213928223,5.005886077880859
31-12-2003,7.663430213928223,7.663430213928223,8787,7.723176002502441,7.723176002502441,5.044909477233887
02-01-2004,7.662633895874023,7.743092060089111,52723,7.743092060089111,7.662633895874023,5.0053629875183105
05-01-2004,7.64749813079834,7.64749813079834,59000,7.751058101654053,7.7271599769592285,5.047513484954834
06-01-2004,7.648294925689697,7.707243919372559,56489,7.719192981719971,7.6713972091674805,5.011087894439697
07-01-2004,7.6514811515808105,7.6514811515808105,13808,7.678565979003906,7.678565979003906,5.015771865844727
08-01-2004,7.631566047668457,7.678565979003906,74063,7.7271599769592285,7.663430213928223,5.005886077880859
09-01-2004,7.679362773895264,7.679362773895264,26362,7.707243919372559,7.707243919372559,5.034505844116211
12-01-2004,7.663430213928223,7.707243919372559,37659,7.712024211883545,7.710431098937988,5.036585807800293
13-01-2004,7.627583026885986,7.710431098937988,65276,7.711226940155029,7.710431098937988,5.036585807800293
14-01-2004,7.667413234710693,7.710431098937988,134318,7.711226940155029,7.687328815460205,5.021496295928955
15-01-2004,7.64749813079834,7.687328815460205,33893,7.688125133514404,7.6713972091674805,5.011087894439697
16-01-2004,7.667413234710693,7.6713972091674805,13808,7.6952948570251465,7.667413234710693,5.008484840393066
20-01-2004,7.6514811515808105,7.6514811515808105,22596,7.743092060089111,7.7271599769592285,5.047513484954834
21-01-2004,7.751058101654053,7.751058101654053,60255,7.806820869445801,7.805228233337402,5.098509788513184
22-01-2004,7.754243850708008,7.805228233337402,27617,7.822752952575684,7.822752952575684,5.109957218170166
23-01-2004,7.822752952575684,7.822752952575684,11925,7.894449234008789,7.848245143890381,5.126608848571777
26-01-2004,7.814786911010742,7.848245143890381,36404,7.96614408493042,7.96614408493042,5.203624725341797
27-01-2004,7.96614408493042,7.96614408493042,28872,8.013940811157227,7.993228912353516,5.221314907073975
28-01-2004,7.974110126495361,7.993228912353516,65904,8.061738014221191,7.982076168060303,5.2140302658081055
29-01-2004,7.96614408493042,7.96614408493042,13808,7.990042209625244,7.983668804168701,5.2150702476501465
30-01-2004,7.918346881866455,7.998007774353027,18830,7.998007774353027,7.918346881866455,5.172400951385498
02-02-2004,7.7669901847839355,7.934278964996338,106074,7.948617935180664,7.87851619720459,5.146382808685303
03-02-2004,7.856211185455322,7.894449234008789,11925,7.910380840301514,7.870550155639648,5.141177654266357
04-02-2004,7.886481761932373,7.886481761932373,11925,7.902414798736572,7.902414798736572,5.161993026733398
05-02-2004,7.886481761932373,7.902414798736572,36404,8.012348175048828,7.9884490966796875,5.218191146850586
06-02-2004,8.005974769592285,8.005974769592285,10670,8.077670097351074,8.069704055786133,5.271268367767334
09-02-2004,7.950212001800537,8.069704055786133,50213,8.069704055786133,7.996415138244629,5.2233967781066895
10-02-2004,7.942245006561279,8.013940811157227,18202,8.013940811157227,7.942245006561279,5.188009738922119
11-02-2004,7.886481761932373,7.943839073181152,37659,7.943839073181152,7.934278964996338,5.182808876037598
12-02-2004,7.942245006561279,7.942245006561279,44564,7.96614408493042,7.96614408493042,5.203624725341797
13-02-2004,7.854618072509766,7.96614408493042,37032,7.96614408493042,7.86099100112915,5.1349334716796875
17-02-2004,7.870550155639648,7.870550155639648,32010,7.990042209625244,7.967737197875977,5.204660892486572
18-02-2004,7.96614408493042,7.982076168060303,47074,7.982076168060303,7.96614408493042,5.203624725341797
19-02-2004,7.9056010246276855,7.943839073181152,38287,7.964550971984863,7.943839073181152,5.189050674438477
20-02-2004,7.934278964996338,7.950212001800537,28245,7.982076168060303,7.982076168060303,5.2140302658081055
23-02-2004,8.005974769592285,8.005974769592285,34521,8.125467300415039,8.123873710632324,5.30665397644043
24-02-2004,7.998007774353027,8.085636138916016,52095,8.085636138916016,8.055364608764648,5.261905193328857
25-02-2004,8.005974769592285,8.02987289428711,20713,8.045804977416992,8.045804977416992,5.2556586265563965
26-02-2004,7.998007774353027,8.021906852722168,22596,8.053771018981934,8.053771018981934,5.260862350463867
27-02-2004,8.061738014221191,8.085636138916016,28245,8.16529655456543,8.149365425109863,5.323307037353516
01-03-2004,8.10953426361084,8.18919563293457,42681,8.235400199890137,8.235400199890137,5.379506587982178
02-03-2004,8.192381858825684,8.235400199890137,42681,8.292756080627441,8.23858642578125,5.381584167480469
03-03-2004,8.173263549804688,8.23858642578125,65276,8.2847900390625,8.2688570022583,5.4013590812683105
04-03-2004,8.205127716064453,8.26089096069336,38287,8.2847900390625,8.252924919128418,5.413168907165527
05-03-2004,8.221059799194336,8.221059799194336,28872,8.324620246887207,8.2688570022583,5.423620223999023
08-03-2004,8.205127716064453,8.252924919128418,20713,8.26089096069336,8.214688301086426,5.388089656829834
09-03-2004,8.15892505645752,8.214688301086426,19457,8.214688301086426,8.181229591369629,5.366145133972168
10-03-2004,7.994822025299072,8.157331466674805,99170,8.157331466674805,8.013940811157227,5.256418228149414
11-03-2004,8.005974769592285,8.015534400939941,21340,8.061738014221191,8.007568359375,5.252237319946289
12-03-2004,7.854618072509766,8.007568359375,40170,8.007568359375,7.977295875549316,5.232380390167236
15-03-2004,7.805228233337402,7.998007774353027,38915,7.998007774353027,7.806820869445801,5.120563507080078
16-03-2004,7.822752952575684,7.822752952575684,23851,7.950212001800537,7.950212001800537,5.2146172523498535
17-03-2004,7.9263129234313965,7.96614408493042,40170,8.077670097351074,8.03783893585205,5.272090911865234
18-03-2004,7.942245006561279,8.03783893585205,15064,8.03783893585205,8.013940811157227,5.256418228149414
19-03-2004,7.9263129234313965,7.990042209625244,11925,7.990042209625244,7.967737197875977,5.226110935211182
22-03-2004,7.838685989379883,7.935873031616211,29500,7.935873031616211,7.854618072509766,5.151915550231934
23-03-2004,7.822752952575684,7.870550155639648,16947,7.870550155639648,7.862584114074707,5.157141208648682
24-03-2004,7.87851619720459,7.87851619720459,13181,7.950212001800537,7.927906036376953,5.199985027313232
25-03-2004,7.798854827880859,7.902414798736572,47702,7.902414798736572,7.880109786987305,5.168633937835693
26-03-2004,7.832313060760498,7.856211185455322,11925,7.894449234008789,7.87851619720459,5.167590618133545
29-03-2004,7.838685989379883,7.854618072509766,16319,8.013940811157227,7.991635799407959,5.241787910461426
30-03-2004,7.97570276260376,7.97570276260376,16319,8.093602180480957,8.071296691894531,5.294037818908691
31-03-2004,8.007568359375,8.03943157196045,20085,8.045804977416992,8.045804977416992,5.277316093444824
01-04-2004,8.061738014221191,8.061738014221191,78457,8.15892505645752,8.125467300415039,5.329567909240723
02-04-2004,8.149365425109863,8.149365425109863,31383,8.197161674499512,8.181229591369629,5.366145133972168
05-04-2004,8.13343334197998,8.205127716064453,26362,8.205127716064453,8.15573787689209,5.349421977996826
06-04-2004,8.061738014221191,8.15573787689209,52723,8.16529655456543,8.16529655456543,5.355691432952881
07-04-2004,8.16529655456543,8.16529655456543,9415,8.197161674499512,8.197161674499512,5.37659215927124
08-04-2004,8.221059799194336,8.221059799194336,17574,8.2688570022583,8.243366241455078,5.406899452209473
12-04-2004,8.101568222045898,8.26089096069336,59627,8.26089096069336,8.154145240783691,5.348379135131836
13-04-2004,8.125467300415039,8.157331466674805,25106,8.205127716064453,8.141399383544922,5.340016841888428
14-04-2004,8.068111419677734,8.157331466674805,15064,8.157331466674805,8.068111419677734,5.291949272155762
15-04-2004,8.005974769592285,8.101568222045898,11298,8.101568222045898,8.080856323242188,5.300309658050537
16-04-2004,8.080856323242188,8.080856323242188,14436,8.205127716064453,8.157331466674805,5.350465774536133
19-04-2004,8.061738014221191,8.149365425109863,13808,8.149365425109863,8.085636138916016,5.30344295501709
20-04-2004,8.061738014221191,8.117501258850098,15064,8.117501258850098,8.082449913024902,5.3013529777526855
21-04-2004,7.96614408493042,8.101568222045898,31383,8.101568222045898,7.982076168060303,5.235517501831055
22-04-2004,7.998007774353027,7.998007774353027,10670,8.149365425109863,8.149365425109863,5.345240592956543
23-04-2004,8.10953426361084,8.117501258850098,12553,8.149365425109863,8.125467300415039,5.329567909240723
26-04-2004,8.045804977416992,8.085636138916016,14436,8.125467300415039,8.045804977416992,5.277316093444824
27-04-2004,8.02987289428711,8.077670097351074,8787,8.093602180480957,8.02987289428711,5.266867637634277
28-04-2004,7.918346881866455,8.061738014221191,8787,8.061738014221191,7.934278964996338,5.204167366027832
29-04-2004,7.822752952575684,7.902414798736572,13181,7.902414798736572,7.870550155639648,5.16236686706543
30-04-2004,7.774956226348877,7.838685989379883,33893,7.870550155639648,7.838685989379883,5.141465187072754
03-05-2004,7.806820869445801,7.806820869445801,27617,7.9263129234313965,7.87851619720459,5.167590618133545
04-05-2004,7.86099100112915,7.87851619720459,30128,7.8960418701171875,7.8960418701171875,5.179084777832031
05-05-2004,7.806820869445801,7.8960418701171875,59000,7.8960418701171875,7.808413982391357,5.121607780456543
06-05-2004,7.774956226348877,7.806820869445801,27617,7.862584114074707,7.846652030944824,5.146690845489502
07-05-2004,7.846652030944824,7.854618072509766,5649,7.870550155639648,7.854618072509766,5.151915550231934
10-05-2004,7.782923221588135,7.854618072509766,12553,7.854618072509766,7.789295196533203,5.109067916870117
11-05-2004,7.6952948570251465,7.77336311340332,12553,7.77336311340332,7.711226940155029,5.057863712310791
12-05-2004,7.623600006103516,7.711226940155029,25734,7.711226940155029,7.663430213928223,5.026513576507568
13-05-2004,7.634751796722412,7.663430213928223,10043,7.685736179351807,7.685736179351807,5.041145324707031
14-05-2004,7.64749813079834,7.669803142547607,8160,7.7271599769592285,7.7271599769592285,5.0683135986328125
17-05-2004,7.649090766906738,7.711226940155029,16947,7.711226940155029,7.650684833526611,5.018153190612793
18-05-2004,7.631566047668457,7.650684833526611,9415,7.653871059417725,7.64749813079834,5.0160651206970215
19-05-2004,7.607666969299316,7.607666969299316,24479,7.631566047668457,7.623600006103516,5.0003886222839355
20-05-2004,7.567837238311768,7.6299729347229,27617,7.639532089233398,7.567837238311768,4.963813304901123
21-05-2004,7.575802803039551,7.583768844604492,32010,7.672989845275879,7.661837100982666,5.025467395782471
24-05-2004,7.64749813079834,7.64749813079834,2511,7.669803142547607,7.669803142547607,5.030694961547852
25-05-2004,7.6952948570251465,7.6952948570251465,8787,7.782923221588135,7.770176887512207,5.096529960632324
26-05-2004,7.759024143218994,7.759024143218994,10043,7.806820869445801,7.774956226348877,5.099665641784668
27-05-2004,7.7271599769592285,7.743092060089111,230978,7.755837917327881,7.7271599769592285,5.0683135986328125
28-05-2004,7.626786231994629,7.703260898590088,89755,7.711226940155029,7.658650875091553,5.023378849029541
01-06-2004,7.631566047668457,7.663430213928223,68415,7.759024143218994,7.708041191101074,5.0557756423950195
02-06-2004,7.719192981719971,7.719192981719971,26362,7.846652030944824,7.8195672035217285,5.128925323486328
03-06-2004,7.798854827880859,7.798854827880859,29500,7.886481761932373,7.822752952575684,5.153379917144775
04-06-2004,7.798854827880859,7.846652030944824,15691,7.86099100112915,7.798854827880859,5.137636184692383
07-06-2004,7.821159839630127,7.822752952575684,5021,7.822752952575684,7.821159839630127,5.152329921722412
08-06-2004,7.810007095336914,7.822752952575684,99170,7.876923084259033,7.870550155639648,5.184867858886719
09-06-2004,7.824347019195557,7.886481761932373,18202,7.886481761932373,7.824347019195557,5.154430866241455
10-06-2004,7.6952948570251465,7.798854827880859,79712,7.798854827880859,7.728753089904785,5.091457843780518
14-06-2004,7.744685173034668,7.744685173034668,47702,7.790888786315918,7.76858377456665,5.1176934242248535
15-06-2004,7.749464988708496,7.784515857696533,43936,7.784515857696533,7.7574310302734375,5.110347270965576
16-06-2004,7.730346202850342,7.7574310302734375,109212,7.797262191772461,7.770176887512207,5.118745803833008
17-06-2004,7.672989845275879,7.759024143218994,28245,7.759024143218994,7.7271599769592285,5.09040641784668
18-06-2004,7.68095588684082,7.751058101654053,72180,7.751058101654053,7.685736179351807,5.063117504119873
21-06-2004,7.6650238037109375,7.6650238037109375,42053,7.703260898590088,7.703260898590088,5.074660778045654
22-06-2004,7.599700927734375,7.679362773895264,59000,7.679362773895264,7.634751796722412,5.029530048370361
23-06-2004,7.599700927734375,7.615633964538574,30128,7.631566047668457,7.631566047668457,5.027431011199951
24-06-2004,7.601294040679932,7.601294040679932,10670,7.602888107299805,7.602888107299805,5.008540153503418
25-06-2004,7.591734886169434,7.602888107299805,21340,7.677769184112549,7.677769184112549,5.057869911193848
28-06-2004,7.639532089233398,7.663430213928223,11298,7.700075149536133,7.6952948570251465,5.069414138793945
29-06-2004,7.677769184112549,7.693702220916748,54606,7.69848108291626,7.6952948570251465,5.069414138793945
30-06-2004,7.599700927734375,7.679362773895264,17574,7.679362773895264,7.655464172363281,5.043174743652344
01-07-2004,7.567837238311768,7.679362773895264,62138,7.711226940155029,7.679362773895264,5.058917999267578
02-07-2004,7.615633964538574,7.679362773895264,13808,7.6952948570251465,7.617227077484131,5.01798677444458
06-07-2004,7.599700927734375,7.607666969299316,15064,7.617227077484131,7.6124467849731445,5.014838695526123
07-07-2004,7.607666969299316,7.628378868103027,25734,7.628378868103027,7.607666969299316,5.011687278747559
08-07-2004,7.6188201904296875,7.6188201904296875,16319,7.623600006103516,7.623600006103516,5.022186756134033
09-07-2004,7.583768844604492,7.607666969299316,28872,7.607666969299316,7.583768844604492,4.995944976806641
12-07-2004,7.5662431716918945,7.580583095550537,16947,7.607666969299316,7.604481220245361,5.00958776473999
13-07-2004,7.585361957550049,7.59332799911499,2511,7.59332799911499,7.585361957550049,4.996994495391846
14-07-2004,7.572616100311279,7.599700927734375,54606,7.599700927734375,7.572616100311279,4.988598346710205
15-07-2004,7.569429874420166,7.569429874420166,628,7.569429874420166,7.569429874420166,4.986499309539795
16-07-2004,7.55509090423584,7.55509090423584,10670,7.602888107299805,7.601294040679932,5.007490158081055
19-07-2004,7.591734886169434,7.591734886169434,54606,7.637938976287842,7.591734886169434,5.001193523406982
20-07-2004,7.591734886169434,7.607666969299316,21340,7.631566047668457,7.631566047668457,5.027431011199951
21-07-2004,7.550311088562012,7.623600006103516,96659,7.623600006103516,7.550311088562012,4.973906517028809
22-07-2004,7.472242832183838,7.528006076812744,68415,7.528006076812744,7.486581802368164,4.931922912597656
23-07-2004,7.480208873748779,7.50410795211792,8160,7.50410795211792,7.480208873748779,4.927721977233887
26-07-2004,7.432412147521973,7.472242832183838,10670,7.472242832183838,7.435598850250244,4.8983354568481445
27-07-2004,7.435598850250244,7.435598850250244,14436,7.451530933380127,7.448345184326172,4.906731605529785
28-07-2004,7.383021831512451,7.424446105957031,27617,7.440378189086914,7.440378189086914,4.901482582092285
29-07-2004,7.400547981262207,7.414886951446533,42681,7.432412147521973,7.4180731773376465,4.8867902755737305
30-07-2004,7.419665813446045,7.419665813446045,8787,7.459496974945068,7.459496974945068,4.9140777587890625
02-08-2004,7.435598850250244,7.4435648918151855,17574,7.497735023498535,7.496140956878662,4.93821907043457
03-08-2004,7.472242832183838,7.488174915313721,87872,7.489768028259277,7.489768028259277,4.934021472930908
04-08-2004,7.472242832183838,7.472242832183838,32010,7.513667106628418,7.513667106628418,4.949764728546143
05-08-2004,7.478616237640381,7.489768028259277,10043,7.49136209487915,7.478616237640381,4.926673412322998
06-08-2004,7.465869903564453,7.478616237640381,85361,7.489768028259277,7.465869903564453,4.918278217315674
09-08-2004,7.445158004760742,7.462684154510498,73436,7.496140956878662,7.445158004760742,4.904632091522217
10-08-2004,7.3049540519714355,7.408514022827148,47702,7.424446105957031,7.32885217666626,4.828014850616455
11-08-2004,7.233259201049805,7.32885217666626,35149,7.32885217666626,7.265122890472412,4.786030292510986
12-08-2004,7.250783920288086,7.265122890472412,31383,7.281055927276611,7.2635297775268555,4.784982204437256
13-08-2004,7.265122890472412,7.265122890472412,13181,7.281055927276611,7.2730889320373535,4.791278839111328
16-08-2004,7.193428039550781,7.281055927276611,27617,7.281055927276611,7.196613788604736,4.740900039672852
17-08-2004,7.201394081115723,7.201394081115723,8160,7.289021968841553,7.28742790222168,4.800727367401123
18-08-2004,7.312920093536377,7.312920093536377,13181,7.36549711227417,7.36549711227417,4.852153301239014
19-08-2004,7.327259063720703,7.392581939697266,8787,7.392581939697266,7.327259063720703,4.826962471008301
20-08-2004,7.336819171905518,7.336819171905518,17574,7.4642767906188965,7.432412147521973,4.896234512329102
23-08-2004,7.448345184326172,7.448345184326172,16947,7.456311225891113,7.45471715927124,4.9109272956848145
24-08-2004,7.392581939697266,7.432412147521973,30755,7.45471715927124,7.392581939697266,4.869998455047607
25-08-2004,7.344785213470459,7.406920909881592,42681,7.406920909881592,7.3878021240234375,4.866848468780518
26-08-2004,7.40373420715332,7.40373420715332,14436,7.4642767906188965,7.448345184326172,4.906731605529785
27-08-2004,7.41648006439209,7.448345184326172,38287,7.528006076812744,7.488174915313721,4.9329705238342285
30-08-2004,7.488174915313721,7.488174915313721,53351,7.583768844604492,7.564650058746338,4.983349323272705
31-08-2004,7.564650058746338,7.564650058746338,18202,7.617227077484131,7.617227077484131,5.01798677444458
01-09-2004,7.64749813079834,7.64749813079834,10670,7.684142112731934,7.684142112731934,5.062068939208984
02-09-2004,7.687328815460205,7.687328815460205,35149,7.846652030944824,7.830718994140625,5.181509971618652
03-09-2004,7.838685989379883,7.854618072509766,27617,7.956584930419922,7.951805114746094,5.26163387298584
07-09-2004,7.96614408493042,7.977295875549316,13181,7.983668804168701,7.96614408493042,5.271121501922607
08-09-2004,7.806820869445801,7.950212001800537,42053,7.950212001800537,7.806820869445801,5.16569709777832
09-09-2004,7.805228233337402,7.805228233337402,13808,7.862584114074707,7.862584114074707,5.2025957107543945
10-09-2004,7.408514022827148,7.472242832183838,80340,7.488174915313721,7.446751117706299,4.927443027496338
13-09-2004,7.486581802368164,7.486581802368164,55861,7.5359721183776855,7.492955207824707,4.958016395568848
14-09-2004,7.492955207824707,7.492955207824707,18830,7.567837238311768,7.564650058746338,5.00545597076416
15-09-2004,7.459496974945068,7.59651517868042,80340,7.59651517868042,7.543938159942627,4.991750717163086
16-09-2004,7.50410795211792,7.50410795211792,20713,7.585361957550049,7.585361957550049,5.019161224365234
17-09-2004,7.567837238311768,7.601294040679932,25106,7.601294040679932,7.569429874420166,5.008620738983154
20-09-2004,7.567837238311768,7.567837238311768,52095,7.639532089233398,7.620412826538086,5.042353630065918
21-09-2004,7.574210166931152,7.60607385635376,23851,7.615633964538574,7.615633964538574,5.039192199707031
22-09-2004,7.5359721183776855,7.607666969299316,41425,7.607666969299316,7.5359721183776855,4.986480712890625
23-09-2004,7.480208873748779,7.520040035247803,20713,7.520040035247803,7.488174915313721,4.9548516273498535
24-09-2004,7.472242832183838,7.488174915313721,4394,7.488174915313721,7.480208873748779,4.949581623077393
27-09-2004,7.438785076141357,7.461090087890625,9415,7.462684154510498,7.438785076141357,4.922173023223877
28-09-2004,7.402141094207764,7.402141094207764,24479,7.456311225891113,7.456311225891113,4.933770179748535
29-09-2004,7.32885217666626,7.456311225891113,38287,7.456311225891113,7.371870040893555,4.877895832061768
30-09-2004,7.32885217666626,7.371870040893555,128670,7.4706501960754395,7.45471715927124,4.932714939117432
01-10-2004,7.4642767906188965,7.4642767906188965,60883,7.575802803039551,7.575802803039551,5.012836456298828
04-10-2004,7.472242832183838,7.575802803039551,97914,7.575802803039551,7.508886814117432,4.9685587882995605
05-10-2004,7.497735023498535,7.520040035247803,26362,7.55509090423584,7.502513885498047,4.964340686798096
06-10-2004,7.46746301651001,7.528006076812744,16319,7.528006076812744,7.46746301651001,4.941149711608887
07-10-2004,7.301766872406006,7.4435648918151855,66532,7.4435648918151855,7.301766872406006,4.831508159637451
08-10-2004,7.327259063720703,7.327259063720703,20713,7.4180731773376465,7.392581939697266,4.891600608825684
11-10-2004,7.344785213470459,7.376648902893066,9415,7.408514022827148,7.384614944458008,4.886326789855957
12-10-2004,7.276276111602783,7.352750778198242,28872,7.36230993270874,7.276276111602783,4.81464147567749
13-10-2004,7.298581123352051,7.298581123352051,14436,7.360716819763184,7.3256659507751465,4.847324848175049
14-10-2004,7.255564212799072,7.300174236297607,6277,7.300174236297607,7.265122890472412,4.807260990142822
15-10-2004,7.250783920288086,7.290615081787109,25106,7.290615081787109,7.258749961853027,4.803045272827148
18-10-2004,7.2173261642456055,7.2189202308654785,40170,7.285834789276123,7.249190807342529,4.796720027923584
19-10-2004,7.1344780921936035,7.2173261642456055,45191,7.249190807342529,7.1344780921936035,4.720815658569336
20-10-2004,7.102613925933838,7.102613925933838,32010,7.179089069366455,7.177495956420898,4.749278545379639
21-10-2004,7.115359783172607,7.179089069366455,19457,7.179089069366455,7.153596878051758,4.733466625213623
22-10-2004,7.067563056945801,7.12173318862915,15691,7.13129186630249,7.108986854553223,4.703948497772217
25-10-2004,7.0420708656311035,7.12173318862915,16947,7.179089069366455,7.179089069366455,4.750333309173584
26-10-2004,7.179089069366455,7.179089069366455,19457,7.320886135101318,7.320886135101318,4.844158172607422
27-10-2004,7.241224765777588,7.320886135101318,20085,7.320886135101318,7.2428178787231445,4.792503833770752
28-10-2004,7.2173261642456055,7.2173261642456055,47702,7.341598033905029,7.341598033905029,4.857863426208496
29-10-2004,7.3352251052856445,7.3352251052856445,1255,7.3352251052856445,7.3352251052856445,4.8536481857299805
01-11-2004,7.360716819763184,7.360716819763184,57117,7.472242832183838,7.44993782043457,4.9295525550842285
02-11-2004,7.446751117706299,7.446751117706299,42053,7.50410795211792,7.496140956878662,4.960122585296631
03-11-2004,7.528006076812744,7.528006076812744,48957,7.6427178382873535,7.615633964538574,5.039192199707031
04-11-2004,7.639532089233398,7.639532089233398,27617,7.741498947143555,7.741498947143555,5.122474193572998
05-11-2004,7.7223801612854,7.781329154968262,26362,7.781329154968262,7.741498947143555,5.122474193572998
08-11-2004,7.68095588684082,7.73512601852417,20713,7.736719131469727,7.693702220916748,5.090848445892334
09-11-2004,7.692109107971191,7.6952948570251465,20713,7.714414119720459,7.714414119720459,5.104552745819092
10-11-2004,7.723972797393799,7.730346202850342,16947,7.730346202850342,7.723972797393799,5.110879898071289
11-11-2004,7.7255659103393555,7.7255659103393555,4394,7.759024143218994,7.759024143218994,5.134072303771973
12-11-2004,7.7271599769592285,7.774956226348877,40170,7.814786911010742,7.774956226348877,5.144612789154053
15-11-2004,7.800447940826416,7.800447940826416,75319,7.886481761932373,7.884889125823975,5.217354774475098
16-11-2004,7.881702899932861,7.886481761932373,33266,7.888075828552246,7.888075828552246,5.21946382522583
17-11-2004,7.856211185455322,7.856211185455322,9415,7.897634983062744,7.897634983062744,5.22578763961792
18-11-2004,7.8960418701171875,7.8960418701171875,30128,7.904007911682129,7.902414798736572,5.228954315185547
19-11-2004,7.790888786315918,7.870550155639648,10670,7.870550155639648,7.808413982391357,5.166751384735107
22-11-2004,7.838685989379883,7.848245143890381,38287,7.881702899932861,7.846652030944824,5.192054748535156
23-11-2004,7.806820869445801,7.853024959564209,43308,7.862584114074707,7.849837779998779,5.194160461425781
24-11-2004,7.846652030944824,7.862584114074707,44564,7.862584114074707,7.851430892944336,5.195216178894043
26-11-2004,7.862584114074707,7.862584114074707,6904,7.876923084259033,7.870550155639648,5.207867622375488
29-11-2004,7.846652030944824,7.870550155639648,41425,7.96614408493042,7.950212001800537,5.2605791091918945
30-11-2004,7.9056010246276855,7.934278964996338,15064,7.96614408493042,7.959771156311035,5.26690149307251
01-12-2004,7.950212001800537,7.990042209625244,54606,8.045804977416992,8.010753631591797,5.300637722015381
02-12-2004,7.9581780433654785,7.970923900604248,62138,7.9884490966796875,7.959771156311035,5.292691230773926
03-12-2004,7.96614408493042,7.96614408493042,44564,8.036246299743652,8.036246299743652,5.343543529510498
06-12-2004,8.036246299743652,8.036246299743652,31383,8.117501258850098,8.117501258850098,5.397572040557861
07-12-2004,8.085636138916016,8.125467300415039,79712,8.127059936523438,8.125467300415039,5.402868270874023
08-12-2004,8.099974632263184,8.125467300415039,44564,8.149365425109863,8.120686531066895,5.399689197540283
09-12-2004,8.069704055786133,8.125467300415039,29500,8.125467300415039,8.125467300415039,5.402868270874023
10-12-2004,8.061738014221191,8.093602180480957,50840,8.139805793762207,8.139805793762207,5.412405490875244
13-12-2004,8.149365425109863,8.149365425109863,18202,8.259298324584961,8.259298324584961,5.491858005523682
14-12-2004,8.125467300415039,8.265670776367188,20713,8.265670776367188,8.190789222717285,5.446304798126221
15-12-2004,8.138213157653809,8.173263549804688,13808,8.174857139587402,8.174857139587402,5.4357099533081055
16-12-2004,8.147771835327148,8.197161674499512,7532,8.197161674499512,8.15892505645752,5.425117492675781
17-12-2004,8.060144424438477,8.16529655456543,16947,8.16529655456543,8.098381996154785,5.384859561920166
20-12-2004,8.053771018981934,8.138213157653809,13181,8.138213157653809,8.061738014221191,5.360493183135986
21-12-2004,8.090415954589844,8.093602180480957,25106,8.13024616241455,8.125467300415039,5.402868270874023
22-12-2004,8.093602180480957,8.095194816589355,47074,8.200348854064941,8.135025978088379,5.40922737121582
23-12-2004,8.05058479309082,8.141399383544922,7532,8.141399383544922,8.06333065032959,5.361551761627197
27-12-2004,7.9996018409729,7.9996018409729,30755,8.085636138916016,8.06333065032959,5.361551761627197
28-12-2004,8.03783893585205,8.047398567199707,9415,8.071296691894531,8.071296691894531,5.36685037612915
29-12-2004,8.013940811157227,8.071296691894531,35776,8.071296691894531,8.033059120178223,5.341424465179443
30-12-2004,8.034652709960938,8.034652709960938,50840,8.115906715393066,8.115906715393066,5.396512985229492
31-12-2004,8.076077461242676,8.115906715393066,15691,8.115906715393066,8.087228775024414,5.377445220947266
03-01-2005,7.998007774353027,8.061738014221191,79712,8.072890281677246,7.998007774353027,5.318118095397949
04-01-2005,7.945432186126709,7.9581780433654785,32010,8.061738014221191,7.950212001800537,5.286337375640869
05-01-2005,7.918346881866455,7.918346881866455,20085,7.983668804168701,7.983668804168701,5.308583736419678
06-01-2005,7.935873031616211,7.96614408493042,6277,7.96614408493042,7.947024822235107,5.284217834472656
07-01-2005,7.96614408493042,7.96614408493042,32638,8.045804977416992,7.96614408493042,5.296931743621826
10-01-2005,7.96614408493042,7.998007774353027,57117,8.009160995483398,7.990042209625244,5.312821865081787
11-01-2005,7.9788899421691895,7.990042209625244,82223,8.036246299743652,8.028280258178711,5.338247299194336
12-01-2005,7.991635799407959,8.02987289428711,49585,8.064924240112305,7.9996018409729,5.319177627563477
13-01-2005,7.96295690536499,7.983668804168701,45191,7.986855983734131,7.96295690536499,5.29481315612793
14-01-2005,7.8960418701171875,7.96295690536499,38915,7.964550971984863,7.942245006561279,5.281040191650391
18-01-2005,7.918346881866455,7.934278964996338,22596,8.01712703704834,8.01712703704834,5.330832481384277
19-01-2005,8.012348175048828,8.013940811157227,41425,8.066516876220703,8.045804977416992,5.349902629852295
20-01-2005,8.045804977416992,8.077670097351074,29500,8.0840425491333,8.076077461242676,5.370029926300049
21-01-2005,8.02987289428711,8.077670097351074,8787,8.077670097351074,8.047398567199707,5.350959300994873
24-01-2005,8.028280258178711,8.061738014221191,15064,8.061738014221191,8.031465530395508,5.340366840362549
25-01-2005,7.998007774353027,8.02987289428711,11925,8.031465530395508,7.998007774353027,5.318118095397949
26-01-2005,7.983668804168701,7.983668804168701,6904,8.013940811157227,8.013940811157227,5.328713893890381
27-01-2005,7.96614408493042,8.013940811157227,37032,8.06333065032959,8.06333065032959,5.361551761627197
28-01-2005,8.005974769592285,8.005974769592285,37032,8.068111419677734,8.068111419677734,5.364732265472412
31-01-2005,8.069704055786133,8.069704055786133,4394,8.125467300415039,8.125467300415039,5.402868270874023
01-02-2005,8.117501258850098,8.157331466674805,41425,8.16848373413086,8.141399383544922,5.413461685180664
02-02-2005,8.074482917785645,8.16529655456543,62766,8.16529655456543,8.163703918457031,5.428295612335205
03-02-2005,8.139805793762207,8.139805793762207,17574,8.2688570022583,8.2688570022583,5.498215198516846
04-02-2005,8.27204418182373,8.27204418182373,32638,8.396315574645996,8.396315574645996,5.582962989807129
07-02-2005,8.372417449951172,8.372417449951172,23851,8.475976943969727,8.458452224731445,5.624281406402588
08-02-2005,8.460044860839844,8.460044860839844,8787,8.539706230163574,8.520587921142578,5.6655988693237305
09-02-2005,8.453672409057617,8.547672271728516,31383,8.547672271728516,8.458452224731445,5.624281406402588
10-02-2005,8.456857681274414,8.49190902709961,18830,8.51580810546875,8.488722801208496,5.6444091796875
11-02-2005,8.456857681274414,8.456857681274414,18830,8.504654884338379,8.504654884338379,5.655004501342773
14-02-2005,8.49190902709961,8.507842063903809,47702,8.534927368164062,8.526960372924805,5.669832706451416
15-02-2005,8.468010902404785,8.526960372924805,30128,8.541298866271973,8.469603538513184,5.631696701049805
16-02-2005,8.469603538513184,8.469603538513184,26362,8.485535621643066,8.485535621643066,5.642290115356445
17-02-2005,8.310280799865723,8.507842063903809,30128,8.507842063903809,8.310280799865723,5.525757312774658
18-02-2005,8.187602996826172,8.278416633605957,21340,8.278416633605957,8.2688570022583,5.498215198516846
22-02-2005,8.264078140258789,8.2688570022583,40170,8.356485366821289,8.2847900390625,5.508807182312012
23-02-2005,8.2688570022583,8.2688570022583,25106,8.375603675842285,8.370823860168457,5.566016674041748
24-02-2005,8.356485366821289,8.356485366821289,32638,8.468010902404785,8.42021369934082,5.59885311126709
25-02-2005,8.335773468017578,8.41065502166748,43936,8.41065502166748,8.38675594329834,5.576606750488281
28-02-2005,8.38675594329834,8.38675594329834,126787,8.511028289794922,8.475976943969727,5.635934352874756
01-03-2005,8.499876022338867,8.499876022338867,156914,8.635299682617188,8.601841926574707,5.719624996185303
02-03-2005,8.597062110900879,8.627333641052246,148127,8.829673767089844,8.762758255004883,5.826623439788818
03-03-2005,8.802589416503906,8.802589416503906,50213,8.888623237609863,8.856759071350098,5.889130115509033
04-03-2005,8.858351707458496,8.858351707458496,50213,9.009709358215332,8.987403869628906,5.975997447967529
07-03-2005,8.97784423828125,8.998556137084961,80340,9.025641441345215,8.97784423828125,5.969640254974365
08-03-2005,8.840826034545898,8.961912155151367,71553,8.961912155151367,8.842419624328613,5.905267238616943
09-03-2005,8.824893951416016,8.88224983215332,26362,8.883844375610352,8.824893951416016,5.893564224243164
10-03-2005,8.804182052612305,8.842419624328613,53978,8.842419624328613,8.834453582763672,5.899948596954346
11-03-2005,8.735672950744629,8.813741683959961,46447,8.813741683959961,8.735672950744629,5.833980083465576
14-03-2005,8.695842742919922,8.695842742919922,53978,8.783470153808594,8.762758255004883,5.852067947387695
15-03-2005,8.581130027770996,8.762758255004883,52723,8.762758255004883,8.581130027770996,5.730770111083984
16-03-2005,8.584317207336426,8.584317207336426,28872,8.636893272399902,8.636893272399902,5.768013000488281
17-03-2005,8.636893272399902,8.636893272399902,57744,8.726114273071289,8.714961051940918,5.820145606994629
18-03-2005,8.68787670135498,8.722928047180176,131808,8.826486587524414,8.730894088745117,5.8307881355285645
21-03-2005,8.648045539855957,8.691062927246094,70298,8.722928047180176,8.683096885681152,5.7988691329956055
22-03-2005,8.64167308807373,8.683096885681152,30128,8.714961051940918,8.65123176574707,5.777587413787842
23-03-2005,8.6544189453125,8.6544189453125,46447,8.71336841583252,8.684690475463867,5.799931526184082
24-03-2005,8.678317070007324,8.714961051940918,16319,8.730894088745117,8.678317070007324,5.795675277709961
28-03-2005,8.683096885681152,8.684690475463867,25106,8.722928047180176,8.692655563354492,5.805248737335205
29-03-2005,8.676724433898926,8.676724433898926,32638,8.711774826049805,8.711774826049805,5.818019390106201
30-03-2005,8.711774826049805,8.735672950744629,80340,8.815335273742676,8.802589416503906,5.87866735458374
31-03-2005,8.746826171875,8.786657333374023,52723,8.810555458068848,8.770724296569824,5.857387065887451
01-04-2005,8.675130844116211,8.762758255004883,87872,8.786657333374023,8.708587646484375,5.815890789031982
04-04-2005,8.697436332702637,8.722928047180176,111723,8.88224983215332,8.818520545959473,5.889307975769043
05-04-2005,8.842419624328613,8.842419624328613,55234,8.890216827392578,8.890216827392578,5.937187671661377
06-04-2005,8.890216827392578,8.890216827392578,114233,9.00174331665039,8.958724975585938,5.982940196990967
07-04-2005,8.928454399108887,8.99059009552002,48957,8.99059009552002,8.963504791259766,5.986133098602295
08-04-2005,8.923673629760742,8.969878196716309,32638,8.992182731628418,8.923673629760742,5.959531784057617
11-04-2005,8.874283790588379,8.961912155151367,56489,8.961912155151367,8.890216827392578,5.937187671661377
12-04-2005,8.842419624328613,8.88543701171875,35149,8.922080993652344,8.922080993652344,5.958468914031982
13-04-2005,8.891810417175293,8.953946113586426,35149,8.969878196716309,8.904556274414062,5.946764945983887
14-04-2005,8.88224983215332,8.922080993652344,11298,8.922080993652344,8.88224983215332,5.931866645812988
15-04-2005,8.783470153808594,8.847199440002441,13808,8.847199440002441,8.786657333374023,5.868028163909912
18-04-2005,8.796216011047363,8.796216011047363,15064,8.883844375610352,8.883844375610352,5.932933330535889
19-04-2005,8.844013214111328,8.90774154663086,46447,8.90774154663086,8.858351707458496,5.9159064292907715
20-04-2005,8.718148231506348,8.858351707458496,15064,8.858351707458496,8.729299545288086,5.829724311828613
21-04-2005,8.761164665222168,8.761164665222168,56489,8.902961730957031,8.86153793334961,5.91803503036499
22-04-2005,8.762758255004883,8.89818286895752,40170,8.923673629760742,8.770724296569824,5.857387065887451
25-04-2005,8.772317886352539,8.772317886352539,32638,8.993776321411133,8.993776321411133,6.006349086761475
26-04-2005,8.914114952087402,8.979436874389648,33893,9.014488220214844,8.914114952087402,5.953145980834961
27-04-2005,8.874283790588379,8.906148910522461,72808,8.906148910522461,8.88543701171875,5.933996677398682
28-04-2005,8.786657333374023,8.890216827392578,145616,8.974658012390137,8.961912155151367,5.9850687980651855
29-04-2005,8.901369094848633,8.945980072021484,25106,8.963504791259766,8.953946113586426,5.9797492027282715
02-05-2005,8.992182731628418,8.993776321411133,47702,9.039979934692383,9.022455215454102,6.025502681732178
03-05-2005,9.009709358215332,9.038387298583984,51468,9.051133155822754,9.019268035888672,6.023374557495117
04-05-2005,9.019268035888672,9.019268035888672,62766,9.286931037902832,9.286931037902832,6.202127933502197
05-05-2005,9.251879692077637,9.286931037902832,33893,9.286931037902832,9.253473281860352,6.179782867431641
06-05-2005,9.253473281860352,9.253473281860352,28872,9.320387840270996,9.285337448120117,6.2010626792907715
09-05-2005,9.272590637207031,9.317201614379883,51468,9.366592407226562,9.352252960205078,6.245751857757568
10-05-2005,9.161065101623535,9.336320877075195,69042,9.336320877075195,9.226387977600098,6.161694526672363
11-05-2005,9.240727424621582,9.240727424621582,27617,9.329948425292969,9.329948425292969,6.230855941772461
12-05-2005,9.286931037902832,9.36021900177002,11298,9.36021900177002,9.293302536010742,6.206384181976318
13-05-2005,9.309235572814941,9.309235572814941,11298,9.355439186096191,9.33472728729248,6.234047889709473
16-05-2005,9.35066032409668,9.35066032409668,18830,9.447847366333008,9.435100555419922,6.301079273223877
17-05-2005,9.345879554748535,9.400050163269043,20085,9.400050163269043,9.36977767944336,6.257455348968506
18-05-2005,9.392084121704102,9.400050163269043,40170,9.423948287963867,9.412796020507812,6.286182403564453
19-05-2005,9.376151084899902,9.412796020507812,23851,9.412796020507812,9.376151084899902,6.261712551116943
20-05-2005,9.31401538848877,9.400050163269043,26362,9.400050163269043,9.339507102966309,6.237240314483643
23-05-2005,9.326761245727539,9.368185043334961,21340,9.368185043334961,9.364998817443848,6.2542643547058105
24-05-2005,9.329948425292969,9.404829025268555,36404,9.404829025268555,9.403236389160156,6.279799938201904
25-05-2005,9.336320877075195,9.403236389160156,60255,9.403236389160156,9.372964859008789,6.259585380554199
26-05-2005,9.364998817443848,9.404829025268555,18830,9.454219818115234,9.454219818115234,6.313847064971924
27-05-2005,9.414388656616211,9.414388656616211,92893,9.815881729125977,9.71710205078125,6.489411354064941
31-05-2005,9.702762603759766,9.798357009887695,23851,9.798357009887695,9.764899253845215,6.521329402923584
01-06-2005,9.7633056640625,9.798357009887695,26362,9.82544231414795,9.782424926757812,6.533036708831787
02-06-2005,9.6868314743042,9.718695640563965,5021,9.718695640563965,9.6868314743042,6.495111465454102
03-06-2005,9.656559944152832,9.70754337310791,22596,9.70754337310791,9.6868314743042,6.495111465454102
06-06-2005,9.580084800720215,9.647000312805176,15064,9.647000312805176,9.634254455566406,6.459859371185303
07-06-2005,9.51954174041748,9.51954174041748,33893,9.584863662719727,9.564151763916016,6.412853717803955
08-06-2005,9.527507781982422,9.588050842285156,15064,9.588050842285156,9.545034408569336,6.4000349044799805
09-06-2005,9.487676620483398,9.576897621154785,51468,9.608762741088867,9.592829704284668,6.432083606719971
10-06-2005,9.564151763916016,9.60239028930664,6277,9.60239028930664,9.564151763916016,6.412853717803955
13-06-2005,9.529101371765137,9.53228759765625,10043,9.575304985046387,9.575304985046387,6.420330047607422
14-06-2005,9.575304985046387,9.575304985046387,12553,9.71710205078125,9.71710205078125,6.515409469604492
15-06-2005,9.656559944152832,9.71710205078125,35149,9.791983604431152,9.662933349609375,6.479089260101318
16-06-2005,9.639034271240234,9.670899391174316,38915,9.690016746520996,9.661338806152344,6.478018283843994
17-06-2005,9.661338806152344,9.670899391174316,16319,9.782424926757812,9.685237884521484,6.494041919708252
20-06-2005,9.690016746520996,9.690016746520996,23851,9.791983604431152,9.791983604431152,6.565618991851807
21-06-2005,9.758525848388672,9.814289093017578,40170,9.820661544799805,9.758525848388672,6.543183326721191
22-06-2005,9.678865432739258,9.760119438171387,26362,9.760119438171387,9.680458068847656,6.490838527679443
23-06-2005,9.648592948913574,9.654966354370117,18830,9.744187355041504,9.694796562194824,6.500453472137451
24-06-2005,9.654966354370117,9.654966354370117,35149,9.784017562866211,9.784017562866211,6.560278415679932
27-06-2005,9.71710205078125,9.75055980682373,70298,9.962459564208984,9.957679748535156,6.676715850830078
28-06-2005,9.949713706970215,9.949713706970215,42681,10.113816261291504,10.107442855834961,6.777136325836182
29-06-2005,10.07717227935791,10.07717227935791,10043,10.124968528747559,10.105850219726562,6.776066780090332
30-06-2005,10.069206237792969,10.069206237792969,74063,10.196663856506348,10.196663856506348,6.836959362030029
01-07-2005,10.117003440856934,10.164799690246582,82851,10.196663856506348,10.196663856506348,6.836959362030029
05-07-2005,10.147274017333984,10.19507122039795,20085,10.20622444152832,10.147274017333984,6.8038434982299805
06-07-2005,9.991138458251953,10.140900611877441,55234,10.140900611877441,10.024595260620117,6.721585273742676
07-07-2005,9.941747665405273,9.98476505279541,40170,10.037341117858887,10.037341117858887,6.73013162612915
08-07-2005,10.019816398620605,10.035747528076172,10043,10.053274154663086,10.053274154663086,6.740814685821533
11-07-2005,9.978391647338867,10.013442993164062,16319,10.015035629272461,9.98157787322998,6.692741394042969
12-07-2005,9.98157787322998,9.98157787322998,8787,10.015035629272461,9.992731094360352,6.70021915435791
13-07-2005,9.925814628601074,9.973611831665039,38915,10.085138320922852,10.085138320922852,6.762181758880615
14-07-2005,10.069206237792969,10.069206237792969,37659,10.220562934875488,10.085138320922852,6.762181758880615
15-07-2005,10.029375076293945,10.093104362487793,5021,10.093104362487793,10.069206237792969,6.751496315002441
18-07-2005,10.050086975097656,10.085138320922852,6277,10.101070404052734,10.051679611206055,6.739748001098633
19-07-2005,10.066019058227539,10.067612648010254,17574,10.115409851074219,10.069206237792969,6.751496315002441
20-07-2005,10.040528297424316,10.069206237792969,15064,10.09947681427002,10.09947681427002,6.771795749664307
21-07-2005,9.98157787322998,10.059646606445312,7532,10.059646606445312,9.99751091003418,6.70342493057251
22-07-2005,9.811102867126465,9.957679748535156,21340,9.957679748535156,9.839780807495117,6.597665786743164
25-07-2005,9.801543235778809,9.839780807495117,42681,9.87961196899414,9.830222129821777,6.591256141662598
26-07-2005,9.734627723693848,9.814289093017578,18830,9.878018379211426,9.734627723693848,6.527158737182617
27-07-2005,9.690016746520996,9.742593765258789,16319,9.755339622497559,9.702762603759766,6.505795478820801
28-07-2005,9.718695640563965,9.718695640563965,43936,9.830222129821777,9.830222129821777,6.591256141662598
29-07-2005,9.768086433410645,9.814289093017578,13808,9.814289093017578,9.779237747192383,6.557070732116699
01-08-2005,9.694796562194824,9.819068908691406,12553,9.819068908691406,9.718695640563965,6.516477108001709
02-08-2005,9.685237884521484,9.685237884521484,22596,9.788798332214355,9.787203788757324,6.562412738800049
03-08-2005,9.680458068847656,9.747373580932617,7532,9.747373580932617,9.680458068847656,6.490838527679443
04-08-2005,9.575304985046387,9.680458068847656,80340,9.680458068847656,9.623102188110352,6.4523797035217285
05-08-2005,9.560965538024902,9.560965538024902,12553,9.600796699523926,9.584863662719727,6.426741123199463
08-08-2005,9.51954174041748,9.51954174041748,50213,9.608762741088867,9.58167839050293,6.4246063232421875
09-08-2005,9.481304168701172,9.599203109741211,20085,9.599203109741211,9.481304168701172,6.357305526733398
10-08-2005,9.486083984375,9.51954174041748,12553,9.527507781982422,9.503609657287598,6.372260093688965
11-08-2005,9.478117942810059,9.51954174041748,8787,9.51954174041748,9.478117942810059,6.355168342590332
12-08-2005,9.400050163269043,9.479710578918457,23851,9.479710578918457,9.401642799377441,6.30388879776001
15-08-2005,9.358626365661621,9.400050163269043,21340,9.401642799377441,9.364998817443848,6.279318332672119
16-08-2005,9.33791446685791,9.349065780639648,16319,9.37137222290039,9.33791446685791,6.261160373687744
17-08-2005,9.275777816772461,9.33472728729248,10043,9.357032775878906,9.318795204162598,6.248340129852295
18-08-2005,9.261439323425293,9.333133697509766,46447,9.3936767578125,9.361811637878418,6.277184963226318
19-08-2005,9.243912696838379,9.345879554748535,114233,9.374558448791504,9.36977767944336,6.282522678375244
22-08-2005,9.400050163269043,9.471744537353516,45191,9.575304985046387,9.573712348937988,6.419264316558838
23-08-2005,9.573712348937988,9.573712348937988,30128,9.596016883850098,9.596016883850098,6.434220790863037
24-08-2005,9.61513614654541,9.61513614654541,20085,9.74100112915039,9.709136009216309,6.510067462921143
25-08-2005,9.59123706817627,9.669304847717285,11298,9.669304847717285,9.59123706817627,6.431017875671387
26-08-2005,9.486083984375,9.58167839050293,27617,9.58167839050293,9.521135330200195,6.384012222290039
29-08-2005,9.479710578918457,9.503609657287598,25106,9.51954174041748,9.487676620483398,6.361577033996582
30-08-2005,9.431914329528809,9.487676620483398,21340,9.487676620483398,9.458998680114746,6.34234619140625
31-08-2005,9.404829025268555,9.479710578918457,10043,9.479710578918457,9.438286781311035,6.328458786010742
01-09-2005,9.38411808013916,9.479710578918457,59000,9.48927116394043,9.38411808013916,6.292138576507568
02-09-2005,9.3936767578125,9.3936767578125,21340,9.431914329528809,9.414388656616211,6.312437534332275
06-09-2005,9.368185043334961,9.376151084899902,17574,9.457406044006348,9.457406044006348,6.367681980133057
07-09-2005,9.388896942138672,9.457406044006348,105446,9.506795883178711,9.479710578918457,6.382700443267822
08-09-2005,9.40642261505127,9.559372901916504,48957,9.559372901916504,9.492457389831543,6.391281604766846
09-09-2005,9.471744537353516,9.478117942810059,17574,9.584863662719727,9.584863662719727,6.453498840332031
12-09-2005,9.613541603088379,9.613541603088379,94148,10.104256629943848,10.06442642211914,6.776392459869385
13-09-2005,9.850934028625488,10.045307159423828,12553,10.045307159423828,9.893951416015625,6.661609172821045
14-09-2005,9.804730415344238,9.88917064666748,17574,9.88917064666748,9.852526664733887,6.633716106414795
15-09-2005,9.897136688232422,9.914663314819336,32638,9.987951278686523,9.943341255187988,6.69486141204834
16-09-2005,9.957679748535156,9.957679748535156,41425,10.220562934875488,10.220562934875488,6.881514549255371
19-09-2005,10.156832695007324,10.209409713745117,11298,10.209409713745117,10.171173095703125,6.848261833190918
20-09-2005,10.129749298095703,10.211003303527832,12553,10.211003303527832,10.144087791442871,6.830027103424072
21-09-2005,9.878018379211426,10.096290588378906,33893,10.096290588378906,9.925814628601074,6.6830620765686035
22-09-2005,9.890764236450195,9.965645790100098,15064,9.965645790100098,9.909882545471191,6.672336101531982
23-09-2005,9.84615421295166,9.892356872558594,7532,9.892356872558594,9.8716459274292,6.646590232849121
26-09-2005,9.559372901916504,9.599203109741211,22596,9.654966354370117,9.650186538696289,6.497483253479004
27-09-2005,9.586458206176758,9.599203109741211,37659,9.639034271240234,9.592829704284668,6.458863258361816
28-09-2005,9.545034408569336,9.592829704284668,26362,9.654966354370117,9.626288414001465,6.481387615203857
29-09-2005,9.556185722351074,9.666118621826172,47702,9.691611289978027,9.678865432739258,6.516790866851807
30-09-2005,9.662933349609375,9.662933349609375,16319,9.838188171386719,9.838188171386719,6.624063491821289
03-10-2005,9.742593765258789,9.878018379211426,48957,9.878018379211426,9.793577194213867,6.594024181365967
04-10-2005,9.788798332214355,9.788798332214355,21340,9.893951416015625,9.893951416015625,6.661609172821045
05-10-2005,9.688424110412598,9.933780670166016,18830,9.933780670166016,9.688424110412598,6.523227214813232
06-10-2005,9.654966354370117,9.664525985717773,8787,9.666118621826172,9.659746170043945,6.503918647766113
07-10-2005,9.447847366333008,9.635848045349121,17574,9.635848045349121,9.511575698852539,6.404153823852539
10-10-2005,9.556185722351074,9.556185722351074,10043,9.613541603088379,9.567338943481445,6.441699504852295
11-10-2005,9.514761924743652,9.543439865112305,7532,9.553000450134277,9.514761924743652,6.406299591064453
12-10-2005,9.51635456085205,9.537067413330078,12553,9.551406860351562,9.517949104309082,6.408444881439209
13-10-2005,9.549813270568848,9.549813270568848,10043,9.639034271240234,9.564151763916016,6.439553737640381
14-10-2005,9.559372901916504,9.564151763916016,18830,9.656559944152832,9.642221450805664,6.492117881774902
17-10-2005,9.61513614654541,9.645406723022461,13808,9.672492027282715,9.669304847717285,6.510354518890381
18-10-2005,9.662933349609375,9.701169967651367,6277,9.702762603759766,9.702762603759766,6.532882213592529
19-10-2005,9.696390151977539,9.718695640563965,17574,9.718695640563965,9.718695640563965,6.54360818862915
20-10-2005,9.680458068847656,9.75055980682373,10043,9.798357009887695,9.680458068847656,6.517862796783447
21-10-2005,9.683645248413086,9.683645248413086,33893,9.897136688232422,9.895544052124023,6.6626811027526855
24-10-2005,9.913068771362305,9.913068771362305,30128,10.117003440856934,10.117003440856934,6.811790466308594
25-10-2005,10.023001670837402,10.107442855834961,28872,10.117003440856934,10.101070404052734,6.8010640144348145
26-10-2005,10.07717227935791,10.117003440856934,22596,10.187105178833008,10.08991813659668,6.793553352355957
27-10-2005,10.021409034729004,10.069206237792969,15064,10.085138320922852,10.085138320922852,6.7903361320495605
28-10-2005,10.085138320922852,10.085138320922852,25106,10.301816940307617,10.301816940307617,6.936224937438965
31-10-2005,10.327308654785156,10.3336820602417,22596,10.45954704284668,10.405377388000488,7.005951404571533
01-11-2005,10.298630714416504,10.445207595825195,47702,10.513716697692871,10.427681922912598,7.020970821380615
02-11-2005,10.38785171508789,10.403783798217773,23851,10.52646255493164,10.438835144042969,7.028480529785156
03-11-2005,10.438835144042969,10.438835144042969,7532,10.499378204345703,10.497783660888672,7.068170070648193
04-11-2005,10.497783660888672,10.497783660888672,11298,10.507344245910645,10.50575065612793,7.0735344886779785
07-11-2005,10.438835144042969,10.510530471801758,17574,10.510530471801758,10.454767227172852,7.039207935333252
08-11-2005,10.35120677947998,10.454767227172852,11298,10.47229290008545,10.47229290008545,7.051004886627197
09-11-2005,10.499378204345703,10.499378204345703,17574,10.520090103149414,10.50575065612793,7.0735344886779785
10-11-2005,10.316156387329102,10.465920448303223,59000,10.622056007385254,10.620463371276855,7.15077018737793
11-11-2005,10.579038619995117,10.61886978149414,10043,10.642767906188965,10.579038619995117,7.1228766441345215
14-11-2005,10.594970703125,10.594970703125,12553,10.674633026123047,10.660293579101562,7.177585124969482
15-11-2005,10.531242370605469,10.660293579101562,51468,10.731988906860352,10.731988906860352,7.225860595703125
16-11-2005,10.594970703125,10.688972473144531,45191,10.688972473144531,10.666666984558105,7.181880950927734
17-11-2005,10.571072578430176,10.674633026123047,35149,10.685785293579102,10.58541202545166,7.127172470092773
18-11-2005,10.516902923583984,10.601344108581543,17574,10.601344108581543,10.559920310974121,7.110004425048828
21-11-2005,10.355986595153809,10.520090103149414,106702,10.579038619995117,10.571072578430176,7.1175127029418945
22-11-2005,10.754294395446777,10.794124603271484,66532,11.020362854003906,10.880159378051758,7.325625419616699
23-11-2005,10.762260437011719,10.869007110595703,8787,10.869007110595703,10.845108032226562,7.302024841308594
25-11-2005,10.82917594909668,10.867412567138672,12553,10.897685050964355,10.880159378051758,7.325625419616699
28-11-2005,10.84032917022705,10.84032917022705,22596,10.999650955200195,10.986906051635742,7.397494316101074
29-11-2005,11.009210586547852,11.009210586547852,87872,11.178092956542969,11.147822380065918,7.505843162536621
30-11-2005,11.095245361328125,11.143041610717773,16319,11.181280136108398,11.114363670349121,7.48331356048584
01-12-2005,10.977346420288086,11.0713472366333,16319,11.0713472366333,11.033108711242676,7.4585394859313965
02-12-2005,10.953448295593262,10.953448295593262,87872,11.275279998779297,11.252975463867188,7.607174873352051
05-12-2005,11.182872772216797,11.252975463867188,81595,11.310331344604492,11.286433219909668,7.629792213439941
06-12-2005,11.286433219909668,11.286433219909668,11298,11.32785701751709,11.323077201843262,7.6545634269714355
07-12-2005,11.248194694519043,11.31192398071289,38915,11.415484428405762,11.412298202514648,7.714877605438232
08-12-2005,11.369280815124512,11.375653266906738,27617,11.487178802490234,11.455314636230469,7.743952751159668
09-12-2005,11.423450469970703,11.423450469970703,35149,11.503111839294434,11.499924659729004,7.774116039276123
12-12-2005,11.409111022949219,11.611451148986816,22596,11.624197006225586,11.43301010131836,7.728882789611816
13-12-2005,11.391586303710938,11.410704612731934,23851,11.616230964660645,11.616230964660645,7.8527374267578125
14-12-2005,11.617823600769043,11.617823600769043,26362,11.742095947265625,11.68155288696289,7.8968987464904785
15-12-2005,11.628976821899414,11.721384048461914,55234,11.79945182800293,11.628976821899414,7.86135721206665
16-12-2005,11.628976821899414,11.628976821899414,15064,11.716604232788086,11.69429874420166,7.905519008636475
19-12-2005,11.574807167053223,11.662434577941895,51468,11.678366661071777,11.609857559204102,7.848428249359131
20-12-2005,11.55887508392334,11.570027351379395,35149,11.665620803833008,11.595519065856934,7.838740348815918
21-12-2005,11.380433082580566,11.622604370117188,25106,11.700672149658203,11.380433082580566,7.693335056304932
22-12-2005,11.254568099975586,11.343789100646973,47702,11.388399124145508,11.339009284973145,7.6653361320495605
23-12-2005,11.362908363342285,11.362908363342285,25106,11.471246719360352,11.471246719360352,7.754729270935059
27-12-2005,11.469654083251953,11.491958618164062,37659,11.507890701293945,11.471246719360352,7.754729270935059
28-12-2005,11.388399124145508,11.439382553100586,41425,11.485586166381836,11.425044059753418,7.723496913909912
29-12-2005,11.31192398071289,11.464874267578125,41425,11.464874267578125,11.313517570495605,7.648105621337891
30-12-2005,11.283246040344238,11.313517570495605,37659,11.375653266906738,11.30236530303955,7.640563011169434
03-01-2006,11.074533462524414,11.335823059082031,72808,11.59233283996582,11.562061309814453,7.81611967086792
04-01-2006,11.598706245422363,11.662434577941895,48957,11.662434577941895,11.598706245422363,7.840893268585205
05-01-2006,11.41707706451416,11.598706245422363,160680,11.598706245422363,11.423450469970703,7.722417831420898
06-01-2006,11.43301010131836,11.447348594665527,12553,11.499924659729004,11.439382553100586,7.733188629150391
09-01-2006,11.425044059753418,11.447348594665527,64021,11.58914566040039,11.527009963989258,7.792423725128174
10-01-2006,11.46328067779541,11.54294204711914,70298,11.577994346618652,11.54294204711914,7.803195476531982
11-01-2006,11.511077880859375,11.511077880859375,32638,11.67358684539795,11.67358684539795,7.891513347625732
12-01-2006,11.643316268920898,11.67358684539795,33893,11.69429874420166,11.659248352050781,7.881820201873779
13-01-2006,11.630570411682129,11.689519882202148,35149,11.713418006896973,11.662434577941895,7.883974552154541
17-01-2006,11.511077880859375,11.662434577941895,53978,11.662434577941895,11.55568790435791,7.811811923980713
18-01-2006,11.498332023620605,11.574807167053223,11298,11.632163047790527,11.501519203186035,7.775195598602295
19-01-2006,11.509485244750977,11.527009963989258,8787,11.539755821228027,11.539755821228027,7.801044464111328
20-01-2006,11.503111839294434,11.539755821228027,74063,11.582773208618164,11.547721862792969,7.80642557144165
23-01-2006,11.565247535705566,11.565247535705566,15064,11.617823600769043,11.617823600769043,7.85381555557251
24-01-2006,11.644908905029297,11.649688720703125,22596,11.742095947265625,11.713418006896973,7.9184393882751465
25-01-2006,11.678366661071777,11.713418006896973,35149,11.796265602111816,11.71023178100586,7.916286468505859
26-01-2006,11.646501541137695,11.686332702636719,27617,11.829724311828613,11.646501541137695,7.87319803237915
27-01-2006,11.648096084594727,11.648096084594727,13808,11.759621620178223,11.758028030395508,7.9485955238342285
30-01-2006,11.678366661071777,11.750061988830566,33893,11.750061988830566,11.678366661071777,7.894744396209717
31-01-2006,11.63853645324707,11.692706108093262,23851,11.78989315032959,11.63853645324707,7.867821216583252
01-02-2006,11.485586166381836,11.678366661071777,18830,11.678366661071777,11.485586166381836,7.764420986175537
02-02-2006,11.487178802490234,11.490365982055664,23851,11.574807167053223,11.574807167053223,7.824734687805176
03-02-2006,11.554095268249512,11.560467720031738,15064,11.593926429748535,11.560467720031738,7.815041542053223
06-02-2006,11.399552345275879,11.5349760055542,16319,11.5349760055542,11.399552345275879,7.70626163482666
07-02-2006,11.160568237304688,11.431415557861328,23851,11.431415557861328,11.216330528259277,7.58240270614624
08-02-2006,11.120737075805664,11.184466361999512,12553,11.259347915649414,11.200398445129395,7.571630001068115
09-02-2006,11.15260124206543,11.224296569824219,31383,11.305550575256348,11.272093772888184,7.620100498199463
10-02-2006,11.224296569824219,11.31192398071289,13808,11.318297386169434,11.224296569824219,7.587790012359619
13-02-2006,11.203584671020508,11.264126777648926,13808,11.295991897583008,11.295991897583008,7.636255264282227
14-02-2006,11.23226261138916,11.256160736083984,8787,11.256160736083984,11.23226261138916,7.593173027038574
15-02-2006,11.15260124206543,11.272093772888184,55234,11.272093772888184,11.187651634216309,7.563014507293701
16-02-2006,11.184466361999512,11.21951675415039,17574,11.29439926147461,11.21951675415039,7.584557056427002
17-02-2006,11.179685592651367,11.179685592651367,8787,11.256160736083984,11.256160736083984,7.609324932098389
21-02-2006,11.184466361999512,11.216330528259277,10043,11.280059814453125,11.280059814453125,7.625481605529785
22-02-2006,11.280059814453125,11.280059814453125,23851,11.456908226013184,11.410704612731934,7.713798522949219
23-02-2006,11.391586303710938,11.428230285644531,3766,11.455314636230469,11.455314636230469,7.743952751159668
24-02-2006,11.31192398071289,11.455314636230469,36404,11.455314636230469,11.318297386169434,7.651333332061768
27-02-2006,11.310331344604492,11.331043243408203,43936,11.426636695861816,11.397958755493164,7.705183029174805
28-02-2006,11.15260124206543,11.397958755493164,59000,11.397958755493164,11.377246856689453,7.6911797523498535
01-03-2006,11.550909042358398,11.550909042358398,114233,12.341150283813477,12.221657752990723,8.2620210647583
02-03-2006,12.124470710754395,12.1818265914917,112978,12.554642677307129,12.435151100158691,8.406341552734375
03-03-2006,12.333184242248535,12.420811653137207,38915,12.647049903869629,12.627930641174316,8.536663055419922
06-03-2006,12.395319938659668,12.583320617675781,23851,12.583320617675781,12.395319938659668,8.409119606018066
07-03-2006,12.416031837463379,12.416031837463379,57744,12.686881065368652,12.530743598937988,8.500993728637695
08-03-2006,12.554642677307129,12.570574760437012,13181,12.661389350891113,12.597660064697266,8.546385765075684
09-03-2006,12.557828903198242,12.557828903198242,25734,12.68050765991211,12.578540802001953,8.533422470092773
10-03-2006,12.610405921936035,12.610405921936035,31383,12.849390029907227,12.833457946777344,8.706358909606934
13-03-2006,12.839831352233887,12.873289108276367,40170,12.929052352905273,12.88603401184082,8.74202823638916
14-03-2006,12.817525863647461,12.846203804016113,24479,13.016678810119629,12.866915702819824,8.729057312011719
15-03-2006,12.905153274536133,13.002340316772461,48330,13.160070419311523,13.04057788848877,8.846875190734863
16-03-2006,13.1202392578125,13.1202392578125,41425,13.371969223022461,13.325764656066895,9.04034423828125
17-03-2006,13.263629913330078,13.303460121154785,8787,13.399053573608398,13.352849960327148,9.058719635009766
20-03-2006,13.266816139221191,13.454816818237305,21340,13.454816818237305,13.306647300720215,9.027373313903809
21-03-2006,13.207866668701172,13.226984977722168,12553,13.295494079589844,13.209460258483887,8.961446762084961
22-03-2006,13.064476013183594,13.223798751831055,45191,13.223798751831055,13.145730972290039,8.918208122253418
23-03-2006,13.000746726989746,13.144137382507324,13808,13.17600154876709,13.056509971618652,8.857683181762695
24-03-2006,12.937018394470215,13.056509971618652,19457,13.056509971618652,12.937018394470215,8.776617050170898
27-03-2006,12.849390029907227,12.938611030578613,28245,12.984814643859863,12.863728523254395,8.726895332336426
28-03-2006,12.677321434020996,12.677321434020996,50840,12.843016624450684,12.8270845413208,8.702037811279297
29-03-2006,12.761762619018555,12.8270845413208,45819,12.881255149841309,12.8270845413208,8.702037811279297
30-03-2006,12.647049903869629,12.841423988342285,18830,12.841423988342285,12.68050765991211,8.602595329284668
31-03-2006,12.467015266418457,12.745829582214355,67159,12.745829582214355,12.467015266418457,8.457761764526367
03-04-2006,12.387353897094727,12.468607902526855,99170,12.597660064697266,12.498880386352539,8.479375839233398
04-04-2006,12.40328598022461,12.459049224853516,42053,12.459049224853516,12.427184104919434,8.43073844909668
05-04-2006,12.267862319946289,12.387353897094727,57117,12.467015266418457,12.452675819396973,8.44803524017334
06-04-2006,12.309286117553711,12.459049224853516,55861,12.459049224853516,12.323624610900879,8.360485076904297
07-04-2006,12.156335830688477,12.274234771728516,33266,12.304506301879883,12.156335830688477,8.246989250183105
10-04-2006,12.110132217407227,12.148368835449219,46447,12.188199996948242,12.148368835449219,8.241584777832031
11-04-2006,11.981080055236816,12.141997337341309,35149,12.141997337341309,12.027283668518066,8.159442901611328
12-04-2006,12.019317626953125,12.04321575164795,21340,12.046402931213379,12.028877258300781,8.160526275634766
13-04-2006,11.989047050476074,12.068708419799805,5021,12.068708419799805,11.990639686584473,8.134580612182617
17-04-2006,11.796265602111816,11.989047050476074,75946,11.997013092041016,11.831316947937012,8.026495933532715
18-04-2006,11.831316947937012,11.853622436523438,61510,12.092605590820312,12.068708419799805,8.187541961669922
19-04-2006,12.028877258300781,12.028877258300781,47074,12.140402793884277,12.060742378234863,8.182135581970215
20-04-2006,12.02091121673584,12.02091121673584,18830,12.140402793884277,12.094200134277344,8.204838752746582
21-04-2006,11.946028709411621,12.108538627624512,30128,12.108538627624512,11.946028709411621,8.104313850402832
24-04-2006,11.853622436523438,11.973114013671875,17574,11.973114013671875,11.893452644348145,8.068649291992188
25-04-2006,11.71023178100586,11.839282989501953,34521,11.989047050476074,11.9046049118042,8.076216697692871
26-04-2006,11.877520561218262,11.877520561218262,72180,12.04481029510498,12.04162311553955,8.169173240661621
27-04-2006,11.890266418457031,12.04162311553955,8787,12.04162311553955,11.901418685913086,8.074051856994629
28-04-2006,11.94124984741211,11.94124984741211,67787,12.04481029510498,12.022503852844238,8.156198501586914
01-05-2006,11.853622436523438,12.012945175170898,56489,12.025691032409668,11.869553565979004,8.052433967590332
02-05-2006,11.813791275024414,11.869553565979004,169467,12.057555198669434,12.057555198669434,8.179976463317871
03-05-2006,11.94921588897705,12.03365707397461,53351,12.06711483001709,12.04481029510498,8.171334266662598
04-05-2006,12.04162311553955,12.04162311553955,37032,12.089420318603516,12.075080871582031,8.191868782043457
05-05-2006,12.052776336669922,12.098978996276855,49585,12.098978996276855,12.081454277038574,8.19619369506836
08-05-2006,12.060742378234863,12.084639549255371,31383,12.111724853515625,12.089420318603516,8.201598167419434
09-05-2006,12.038436889648438,12.083046913146973,33893,12.162708282470703,12.15952205657959,8.249153137207031
10-05-2006,12.110132217407227,12.140402793884277,8787,12.188199996948242,12.15952205657959,8.249153137207031
11-05-2006,12.032064437866211,12.127656936645508,15064,12.127656936645508,12.032064437866211,8.162684440612793
12-05-2006,11.837690353393555,12.06392765045166,109840,12.06392765045166,11.848841667175293,8.038384437561035
15-05-2006,11.853622436523438,11.880706787109375,82851,12.028877258300781,11.981080055236816,8.128094673156738
16-05-2006,11.953995704650879,12.004979133605957,171350,12.081454277038574,12.014537811279297,8.15079116821289
17-05-2006,11.767587661743164,11.933283805847168,89127,11.998605728149414,11.767587661743164,7.983259677886963
18-05-2006,11.735722541809082,11.735722541809082,190180,11.853622436523438,11.742095947265625,7.965969085693359
19-05-2006,11.750061988830566,11.750061988830566,21968,11.853622436523438,11.829724311828613,8.02541732788086
22-05-2006,11.8121976852417,11.869553565979004,35776,11.953995704650879,11.936470031738281,8.097831726074219
23-05-2006,11.920537948608398,11.936470031738281,25734,12.04481029510498,12.001791954040527,8.142148971557617
24-05-2006,11.933283805847168,11.974706649780273,41425,12.032064437866211,12.014537811279297,8.15079116821289
25-05-2006,11.98745346069336,11.98745346069336,57744,12.049589157104492,12.049589157104492,8.17457389831543
26-05-2006,11.989047050476074,12.081454277038574,17574,12.10057258605957,12.012945175170898,8.149714469909668
30-05-2006,11.973114013671875,11.998605728149414,26362,12.108538627624512,12.097386360168457,8.207000732421875
31-05-2006,12.052776336669922,12.068708419799805,804028,12.302912712097168,12.259895324707031,8.317243576049805
01-06-2006,11.997013092041016,12.33159065246582,88500,12.379387855529785,12.016131401062012,8.151870727539062
02-06-2006,12.006571769714355,12.108538627624512,53978,12.124470710754395,12.068708419799805,8.187541961669922
05-06-2006,11.942843437194824,11.984267234802246,20085,12.06711483001709,11.990639686584473,8.164761543273926
06-06-2006,12.02409839630127,12.027283668518066,46447,12.060742378234863,12.04481029510498,8.201648712158203
07-06-2006,12.04481029510498,12.084639549255371,89127,12.148368835449219,12.04481029510498,8.201648712158203
08-06-2006,11.715010643005371,11.997013092041016,60255,12.012945175170898,11.773961067199707,8.017219543457031
09-06-2006,11.630570411682129,11.71023178100586,33266,11.735722541809082,11.630570411682129,7.919581413269043
12-06-2006,11.491958618164062,11.622604370117188,20713,11.622604370117188,11.530197143554688,7.851232528686523
13-06-2006,11.345381736755371,11.487178802490234,63393,11.487178802490234,11.378840446472168,7.748171329498291
14-06-2006,11.393178939819336,11.412298202514648,30755,11.550909042358398,11.550909042358398,7.8653340339660645
15-06-2006,11.587553024291992,11.590739250183105,32010,11.748469352722168,11.748469352722168,7.999861717224121
16-06-2006,11.773961067199707,11.788299560546875,16319,11.837690353393555,11.801046371459961,8.035663604736328
19-06-2006,11.55887508392334,11.78989315032959,43308,11.829724311828613,11.606672286987305,7.903306007385254
20-06-2006,11.630570411682129,11.630570411682129,48330,11.829724311828613,11.8106050491333,8.042171478271484
21-06-2006,11.719791412353516,11.778739929199219,55861,11.829724311828613,11.829724311828613,8.055188179016113
22-06-2006,11.670400619506836,11.804231643676758,16319,11.804231643676758,11.670400619506836,7.946700572967529
23-06-2006,11.590739250183105,11.630570411682129,31383,11.735722541809082,11.683147430419922,7.95537805557251
26-06-2006,11.511077880859375,11.667214393615723,94776,11.686332702636719,11.511077880859375,7.838212966918945
27-06-2006,11.359721183776855,11.479212760925293,25734,11.479212760925293,11.367687225341797,7.740576267242432
28-06-2006,11.284838676452637,11.431415557861328,55234,11.431415557861328,11.362908363342285,7.737323760986328
29-06-2006,11.339009284973145,11.339009284973145,115489,11.590739250183105,11.573213577270508,7.880521297454834
30-06-2006,11.439382553100586,11.573213577270508,62766,11.646501541137695,11.439382553100586,7.789394378662109
03-07-2006,11.423450469970703,11.471246719360352,30128,11.5349760055542,11.5349760055542,7.854488849639893
05-07-2006,11.385212898254395,11.566841125488281,70925,11.566841125488281,11.490365982055664,7.824110984802246
06-07-2006,11.425044059753418,11.471246719360352,40170,11.519043922424316,11.479212760925293,7.8165178298950195
07-07-2006,11.343789100646973,11.43301010131836,27617,11.437788963317871,11.343789100646973,7.724301338195801
10-07-2006,11.32785701751709,11.32785701751709,28872,11.431415557861328,11.362908363342285,7.737323760986328
11-07-2006,11.351755142211914,11.351755142211914,24479,11.54294204711914,11.54294204711914,7.85991096496582
12-07-2006,11.3501615524292,11.471246719360352,54606,11.472840309143066,11.359721183776855,7.735151767730713
13-07-2006,11.221110343933105,11.375653266906738,40798,11.431415557861328,11.221110343933105,7.640767574310303
14-07-2006,11.013991355895996,11.15260124206543,20085,11.170126914978027,11.090465545654297,7.551804542541504
17-07-2006,11.112771034240723,11.122329711914062,21340,11.265721321105957,11.264126777648926,7.670055389404297
18-07-2006,11.238636016845703,11.299178123474121,25734,11.343789100646973,11.343789100646973,7.724301338195801
19-07-2006,11.42982292175293,11.42982292175293,33266,11.646501541137695,11.644908905029297,7.929345607757568
20-07-2006,11.54294204711914,11.574807167053223,26362,11.63853645324707,11.58914566040039,7.891376495361328
21-07-2006,11.520636558532715,11.570027351379395,3766,11.570027351379395,11.54294204711914,7.85991096496582
24-07-2006,11.511077880859375,11.511077880859375,13808,11.630570411682129,11.593926429748535,7.894629001617432
25-07-2006,11.550909042358398,11.598706245422363,35149,11.740503311157227,11.740503311157227,7.994438648223877
26-07-2006,11.632163047790527,11.71023178100586,52723,11.805825233459473,11.788299560546875,8.026981353759766
27-07-2006,11.622604370117188,11.828129768371582,55234,11.853622436523438,11.648096084594727,7.931514739990234
28-07-2006,11.630570411682129,11.630570411682129,16319,11.869553565979004,11.738909721374512,7.993350505828857
31-07-2006,11.686332702636719,11.738909721374512,32638,11.785113334655762,11.778739929199219,8.020476341247559
01-08-2006,11.662434577941895,11.80263900756836,36404,11.805825233459473,11.80263900756836,8.036749839782715
02-08-2006,11.775553703308105,11.775553703308105,13808,11.877520561218262,11.829724311828613,8.055188179016113
03-08-2006,11.678366661071777,11.805825233459473,24479,11.805825233459473,11.750061988830566,8.00094223022461
04-08-2006,11.751654624938965,11.78989315032959,14436,11.863181114196777,11.78033447265625,8.021556854248047
07-08-2006,11.58914566040039,11.750061988830566,20713,11.750061988830566,11.58914566040039,7.891376495361328
08-08-2006,11.625789642333984,11.625789642333984,25734,11.850436210632324,11.708638191223145,7.972741603851318
09-08-2006,11.630570411682129,11.676774024963379,11298,11.758028030395508,11.630570411682129,7.919581413269043
10-08-2006,11.55568790435791,11.595519065856934,33266,11.66402816772461,11.662434577941895,7.941274642944336
11-08-2006,11.54612922668457,11.622604370117188,38287,11.662434577941895,11.617823600769043,7.910902500152588
14-08-2006,11.574807167053223,11.66084098815918,25734,11.742095947265625,11.574807167053223,7.88161039352417
15-08-2006,11.536569595336914,11.574807167053223,22596,11.778739929199219,11.778739929199219,8.020476341247559
16-08-2006,11.781927108764648,11.781927108764648,14436,11.885486602783203,11.885486602783203,8.093159675598145
17-08-2006,11.778739929199219,11.901418685913086,11925,11.901418685913086,11.828129768371582,8.054102897644043
18-08-2006,11.751654624938965,11.788299560546875,16947,11.867960929870605,11.837690353393555,8.060612678527832
21-08-2006,11.807417869567871,11.807417869567871,5021,11.909384727478027,11.869553565979004,8.082307815551758
22-08-2006,11.765995025634766,11.901418685913086,5649,11.901418685913086,11.778739929199219,8.020476341247559
23-08-2006,11.818571090698242,11.818571090698242,12553,11.94921588897705,11.869553565979004,8.082307815551758
24-08-2006,11.824943542480469,11.829724311828613,14436,11.94921588897705,11.824943542480469,8.051936149597168
25-08-2006,11.79945182800293,11.79945182800293,25106,11.909384727478027,11.907792091369629,8.108346939086914
28-08-2006,11.775553703308105,11.923724174499512,44564,11.946028709411621,11.840875625610352,8.062784194946289
29-08-2006,11.837690353393555,11.837690353393555,89755,12.243963241577148,12.242369651794434,8.336174964904785
30-08-2006,12.135623931884766,12.243963241577148,11925,12.267862319946289,12.186607360839844,8.298198699951172
31-08-2006,12.17226791381836,12.17226791381836,77829,12.678915023803711,12.33159065246582,8.396926879882812
01-09-2006,12.33159065246582,12.371420860290527,48957,12.517998695373535,12.517998695373535,8.523856163024902
05-09-2006,12.43355655670166,12.43355655670166,15691,12.63430404663086,12.48294734954834,8.530386924743652
06-09-2006,12.267862319946289,12.441523551940918,12553,12.441523551940918,12.267862319946289,8.383405685424805
07-09-2006,12.188199996948242,12.242369651794434,13181,12.290166854858398,12.243963241577148,8.367074966430664
08-09-2006,12.267862319946289,12.283794403076172,12553,12.387353897094727,12.27582836151123,8.388850212097168
11-09-2006,12.108538627624512,12.235997200012207,13808,12.25511646270752,12.215285301208496,8.347475051879883
12-09-2006,12.154742240905762,12.212099075317383,10670,12.231217384338379,12.1802339553833,8.32352352142334
13-09-2006,12.028877258300781,12.140402793884277,27617,12.140402793884277,12.068708419799805,8.247312545776367
14-09-2006,12.036843299865723,12.098978996276855,42053,12.140402793884277,12.13403034210205,8.291949272155762
15-09-2006,12.183420181274414,12.267862319946289,25734,12.267862319946289,12.188199996948242,8.328968048095703
18-09-2006,12.140402793884277,12.14996337890625,52095,12.231217384338379,12.188199996948242,8.328968048095703
19-09-2006,12.11331844329834,12.148368835449219,31383,12.339556694030762,12.339556694030762,8.432400703430176
20-09-2006,12.315657615661621,12.339556694030762,25106,12.379387855529785,12.33159065246582,8.426957130432129
21-09-2006,12.148368835449219,12.299725532531738,67159,12.368234634399414,12.148368835449219,8.301748275756836
22-09-2006,12.116504669189453,12.116504669189453,35149,12.188199996948242,12.188199996948242,8.328968048095703
25-09-2006,12.143589973449707,12.22643756866455,20085,12.361862182617188,12.347522735595703,8.437845230102539
26-09-2006,12.188199996948242,12.188199996948242,32638,12.425591468811035,12.363454818725586,8.448729515075684
27-09-2006,12.299725532531738,12.33159065246582,8160,12.373015403747559,12.339556694030762,8.432400703430176
28-09-2006,12.279013633728027,12.30769157409668,5021,12.31087875366211,12.31087875366211,8.412802696228027
29-09-2006,12.326810836791992,12.350708961486816,8787,12.43674373626709,12.326810836791992,8.423690795898438
02-10-2006,12.2726411819458,12.363454818725586,33266,12.427184104919434,12.333184242248535,8.428045272827148
03-10-2006,12.18979263305664,12.299725532531738,124904,12.329998016357422,12.23918342590332,8.363807678222656
04-10-2006,12.140402793884277,12.220065116882324,252945,12.302912712097168,12.267862319946289,8.383405685424805
05-10-2006,12.215285301208496,12.267862319946289,116116,12.291760444641113,12.291760444641113,8.399736404418945
06-10-2006,12.141997337341309,12.18979263305664,5649,12.18979263305664,12.141997337341309,8.297392845153809
09-10-2006,12.070301055908203,12.141997337341309,17574,12.141997337341309,12.108538627624512,8.274530410766602
10-10-2006,11.871148109436035,12.068708419799805,19457,12.068708419799805,11.971521377563477,8.180900573730469
11-10-2006,11.874334335327148,11.966740608215332,60255,11.981080055236816,11.920537948608398,8.14605712890625
12-10-2006,11.934877395629883,11.934877395629883,16319,11.992233276367188,11.946028709411621,8.163475036621094
13-10-2006,11.880706787109375,11.989047050476074,8160,11.989047050476074,11.914164543151855,8.14169979095459
16-10-2006,11.869553565979004,11.896638870239258,11925,11.934877395629883,11.901418685913086,8.132987976074219
17-10-2006,11.78989315032959,11.887080192565918,5649,11.896638870239258,11.804231643676758,8.066579818725586
18-10-2006,11.751654624938965,11.773961067199707,21340,11.859994888305664,11.78989315032959,8.056777000427246
19-10-2006,11.715010643005371,11.735722541809082,9415,11.738909721374512,11.735722541809082,8.019758224487305
20-10-2006,11.63853645324707,11.726163864135742,20085,11.831316947937012,11.63853645324707,7.9533467292785645
23-10-2006,11.550909042358398,11.598706245422363,6904,11.619417190551758,11.550909042358398,7.893463611602783
24-10-2006,11.401144981384277,11.550909042358398,16319,11.609857559204102,11.439382553100586,7.817252159118652
25-10-2006,11.399552345275879,11.399552345275879,28245,11.598706245422363,11.549315452575684,7.892374515533447
26-10-2006,11.485586166381836,11.57162094116211,30128,11.63853645324707,11.582773208618164,7.915235996246338
27-10-2006,11.54612922668457,11.577994346618652,15064,11.675180435180664,11.624197006225586,7.943552017211914
30-10-2006,11.633756637573242,11.646501541137695,6904,11.69429874420166,11.648096084594727,7.959880828857422
31-10-2006,11.55887508392334,11.71023178100586,26989,11.729350090026855,11.590739250183105,7.9206862449646
01-11-2006,11.448942184448242,11.5349760055542,30755,11.55568790435791,11.544535636901855,7.889110088348389
02-11-2006,11.434602737426758,11.544535636901855,27617,11.544535636901855,11.436196327209473,7.815075874328613
03-11-2006,11.436196327209473,11.436196327209473,18830,11.506298065185547,11.472840309143066,7.840117931365967
06-11-2006,11.503111839294434,11.503111839294434,17574,11.652874946594238,11.606672286987305,7.9315714836120605
07-11-2006,11.487178802490234,11.566841125488281,37032,11.627384185791016,11.544535636901855,7.889110088348389
08-11-2006,11.460095405578613,11.503111839294434,8787,11.531789779663086,11.531789779663086,7.88040018081665
09-11-2006,11.490365982055664,11.511077880859375,6904,11.511077880859375,11.499924659729004,7.858626365661621
10-11-2006,11.515857696533203,11.515857696533203,8787,11.585960388183594,11.585960388183594,7.917418479919434
13-11-2006,11.58117961883545,11.628976821899414,5021,11.628976821899414,11.590739250183105,7.9206862449646
14-11-2006,11.431415557861328,11.614638328552246,32638,11.614638328552246,11.539755821228027,7.8858466148376465
15-11-2006,11.503111839294434,11.55568790435791,70925,11.55568790435791,11.547721862792969,7.891289234161377
16-11-2006,11.55887508392334,11.577994346618652,19457,11.643316268920898,11.563653945922852,7.902176380157471
17-11-2006,11.613044738769531,11.613044738769531,55234,11.63853645324707,11.63853645324707,7.9533467292785645
20-11-2006,11.622604370117188,11.641722679138184,16947,11.667214393615723,11.622604370117188,7.942464828491211
21-11-2006,11.554095268249512,11.59233283996582,14436,11.622604370117188,11.554095268249512,7.895644664764404
22-11-2006,11.5349760055542,11.5349760055542,11925,11.636942863464355,11.636942863464355,7.952259063720703
24-11-2006,11.606672286987305,11.606672286987305,628,11.606672286987305,11.606672286987305,7.9315714836120605
27-11-2006,11.469654083251953,11.606672286987305,25106,11.606672286987305,11.490365982055664,7.85209321975708
28-11-2006,11.455314636230469,11.455314636230469,15064,11.547721862792969,11.54612922668457,7.890199661254883
29-11-2006,11.509485244750977,11.554095268249512,25106,11.630570411682129,11.630570411682129,7.947904586791992
30-11-2006,11.15260124206543,11.662434577941895,82851,11.662434577941895,11.230669975280762,7.7066121101379395
01-12-2006,10.833955764770508,11.241822242736816,48330,11.241822242736816,10.87537956237793,7.4628095626831055
04-12-2006,10.880159378051758,10.880159378051758,21340,10.913617134094238,10.897685050964355,7.478113651275635
05-12-2006,10.642767906188965,10.865819931030273,53978,10.865819931030273,10.650733947753906,7.308654308319092
06-12-2006,10.580632209777832,10.674633026123047,84106,10.794124603271484,10.628429412841797,7.293351173400879
07-12-2006,10.661887168884277,10.661887168884277,180137,10.867412567138672,10.814837455749512,7.4212646484375
08-12-2006,10.937516212463379,10.953448295593262,129297,11.087279319763184,10.953448295593262,7.5163798332214355
11-12-2006,10.685785293579102,10.961414337158203,185159,10.96778678894043,10.754294395446777,7.379715442657471
12-12-2006,10.71446418762207,10.825989723205566,38915,10.825989723205566,10.776598930358887,7.39502477645874
13-12-2006,10.69375228881836,10.792531967163086,47074,10.848295211791992,10.717650413513184,7.354575157165527
14-12-2006,10.7033109664917,10.7033109664917,111723,10.83873462677002,10.814837455749512,7.4212646484375
15-12-2006,10.762260437011719,10.853074073791504,31383,10.853074073791504,10.808464050292969,7.4168925285339355
18-12-2006,10.754294395446777,10.81643009185791,26989,10.81643009185791,10.776598930358887,7.39502477645874
19-12-2006,10.649141311645508,10.778193473815918,263616,10.778193473815918,10.69375228881836,7.338178634643555
20-12-2006,10.620463371276855,10.658700942993164,263616,10.706497192382812,10.658700942993164,7.31412410736084
21-12-2006,10.622056007385254,10.634801864624023,62766,10.759074211120605,10.73358154296875,7.36550760269165
22-12-2006,10.622056007385254,10.71446418762207,66532,10.754294395446777,10.746328353881836,7.37425422668457
26-12-2006,10.668259620666504,10.778193473815918,50840,10.786158561706543,10.738362312316895,7.3687849044799805
27-12-2006,10.770227432250977,10.833955764770508,566774,10.865819931030273,10.789344787597656,7.403767108917236
28-12-2006,10.722430229187012,10.786158561706543,42681,10.851481437683105,10.781378746032715,7.398301124572754
29-12-2006,10.73358154296875,10.810056686401367,49585,10.825989723205566,10.743142127990723,7.372068881988525
03-01-2007,10.78297233581543,10.78297233581543,87244,10.876973152160645,10.87537956237793,7.4628095626831055
04-01-2007,10.67781925201416,10.915209770202637,143733,10.915209770202637,10.696937561035156,7.340360164642334
05-01-2007,10.620463371276855,10.68100643157959,77202,10.682599067687988,10.642767906188965,7.303190231323242
08-01-2007,10.620463371276855,10.642767906188965,22596,10.7033109664917,10.67781925201416,7.327243804931641
09-01-2007,10.687378883361816,10.687378883361816,6277,10.719243049621582,10.716056823730469,7.353481769561768
10-01-2007,10.685785293579102,10.743142127990723,19457,10.746328353881836,10.746328353881836,7.37425422668457
11-01-2007,10.762260437011719,10.762260437011719,34521,10.80368423461914,10.794124603271484,7.407051086425781
12-01-2007,10.754294395446777,10.765446662902832,20713,10.825989723205566,10.825989723205566,7.428919792175293
16-01-2007,10.84032917022705,10.84192180633545,27617,10.853074073791504,10.843515396118164,7.440942287445068
17-01-2007,10.814837455749512,10.843515396118164,33266,10.905651092529297,10.857853889465332,7.450780868530273
18-01-2007,10.886531829833984,10.886531829833984,5021,10.923175811767578,10.923175811767578,7.495608806610107
19-01-2007,10.883345603942871,10.913617134094238,21968,10.915209770202637,10.896092414855957,7.477025985717773
22-01-2007,10.896092414855957,10.896092414855957,21340,10.95822811126709,10.916804313659668,7.49123477935791
23-01-2007,10.872193336486816,10.919989585876465,20085,10.943887710571289,10.872193336486816,7.460620403289795
24-01-2007,10.865819931030273,10.8881254196167,72180,10.931142807006836,10.881752967834473,7.4671831130981445
25-01-2007,10.587004661560059,10.881752967834473,82851,10.937516212463379,10.869007110595703,7.458438396453857
26-01-2007,10.794124603271484,10.869007110595703,54606,10.883345603942871,10.856261253356934,7.449693202972412
29-01-2007,10.854667663574219,10.889719009399414,106702,10.899277687072754,10.896092414855957,7.477025985717773
30-01-2007,10.771820068359375,10.897685050964355,129297,10.905651092529297,10.778193473815918,7.396116733551025
31-01-2007,10.802090644836426,10.802090644836426,39542,10.990092277526855,10.966194152832031,7.525126934051514
01-02-2007,10.96778678894043,10.96778678894043,35776,11.04744815826416,11.017176628112793,7.560112953186035
02-02-2007,11.017176628112793,11.057007789611816,61510,11.082498550415039,11.055414199829102,7.5863518714904785
05-02-2007,11.020362854003906,11.088871955871582,73436,11.103211402893066,11.033108711242676,7.571045875549316
06-02-2007,10.86263370513916,11.057007789611816,52723,11.057007789611816,10.897685050964355,7.478113651275635
07-02-2007,10.92477035522461,10.92477035522461,55234,11.002838134765625,10.963006973266602,7.522943019866943
08-02-2007,10.86263370513916,10.923175811767578,23851,10.923175811767578,10.883345603942871,7.468277454376221
09-02-2007,10.869007110595703,10.902464866638184,32010,10.92158317565918,10.870599746704102,7.459530353546143
12-02-2007,10.869007110595703,10.913617134094238,37659,10.943887710571289,10.899277687072754,7.479208469390869
13-02-2007,10.90883731842041,10.90883731842041,26362,11.015583992004395,10.977346420288086,7.532780170440674
14-02-2007,10.985312461853027,11.017176628112793,29500,11.057007789611816,10.985312461853027,7.538248062133789
15-02-2007,11.013991355895996,11.013991355895996,15064,11.041074752807617,11.025142669677734,7.565577030181885
16-02-2007,11.025142669677734,11.025142669677734,13808,11.039482116699219,11.025142669677734,7.565577030181885
20-02-2007,11.178092956542969,11.178092956542969,61510,11.288025856018066,11.273687362670898,7.736134052276611
21-02-2007,11.195618629455566,11.342196464538574,35776,11.342196464538574,11.21951675415039,7.698960781097412
22-02-2007,11.224296569824219,11.256160736083984,35776,11.31192398071289,11.224296569824219,7.702240467071533
23-02-2007,11.053820610046387,11.235448837280273,46447,11.235448837280273,11.135075569152832,7.641015529632568
26-02-2007,11.128703117370605,11.168534278869629,23223,11.168534278869629,11.15260124206543,7.6530442237854
27-02-2007,10.770227432250977,11.192432403564453,54606,11.313517570495605,10.846701622009277,7.443131446838379
28-02-2007,10.886531829833984,10.886531829833984,10043,10.96778678894043,10.937516212463379,7.505448818206787
01-03-2007,10.770227432250977,10.939108848571777,35776,10.939108848571777,10.81643009185791,7.422358512878418
02-03-2007,10.770227432250977,10.802090644836426,23223,10.84192180633545,10.771820068359375,7.42488431930542
05-03-2007,10.7957181930542,10.7957181930542,10670,10.864227294921875,10.830768585205078,7.465515613555908
06-03-2007,10.923175811767578,11.039482116699219,55234,11.109583854675293,10.994872093200684,7.578630447387695
07-03-2007,10.818022727966309,10.994872093200684,22596,10.994872093200684,10.81961727142334,7.457830905914307
08-03-2007,10.768632888793945,10.84032917022705,33893,10.84032917022705,10.784565925598145,7.433671951293945
09-03-2007,10.81643009185791,10.873785972595215,18830,10.873785972595215,10.830768585205078,7.465515613555908
12-03-2007,10.768632888793945,10.857853889465332,17574,10.910430908203125,10.910430908203125,7.520429611206055
13-03-2007,10.65710735321045,10.910430908203125,20713,10.910430908203125,10.695344924926758,7.372171878814697
14-03-2007,10.602937698364258,10.602937698364258,64649,10.837141990661621,10.835549354553223,7.468810081481934
15-03-2007,10.579038619995117,10.865819931030273,52723,10.865819931030273,10.754294395446777,7.412798881530762
16-03-2007,10.833955764770508,10.864227294921875,20085,10.864227294921875,10.835549354553223,7.468810081481934
19-03-2007,10.682599067687988,10.771820068359375,23223,10.80687141418457,10.73358154296875,7.398528099060059
20-03-2007,10.674633026123047,10.825989723205566,16947,10.825989723205566,10.674633026123047,7.357893943786621
21-03-2007,10.566292762756348,10.730396270751953,30755,10.81961727142334,10.813243865966797,7.453439712524414
22-03-2007,10.773412704467773,10.786158561706543,16319,10.808464050292969,10.808464050292969,7.450143337249756
23-03-2007,10.810056686401367,10.833955764770508,27617,10.856261253356934,10.81961727142334,7.457830905914307
26-03-2007,10.762260437011719,10.873785972595215,30128,10.891311645507812,10.891311645507812,7.5072503089904785
27-03-2007,10.765446662902832,10.833955764770508,41425,10.835549354553223,10.786158561706543,7.434769153594971
28-03-2007,10.698531150817871,10.818022727966309,40798,10.910430908203125,10.910430908203125,7.520429611206055
29-03-2007,10.856261253356934,10.961414337158203,13181,10.970973014831543,10.970973014831543,7.562158584594727
30-03-2007,10.961414337158203,10.970973014831543,52723,11.006024360656738,11.006024360656738,7.586319446563721
02-04-2007,10.886531829833984,11.006024360656738,66532,11.009210586547852,10.913617134094238,7.5226240158081055
03-04-2007,11.009210586547852,11.009210586547852,3766,11.049041748046875,11.049041748046875,7.615970611572266
04-04-2007,10.833955764770508,11.049041748046875,116116,11.05063533782959,11.010804176330566,7.589613914489746
05-04-2007,10.913617134094238,11.055414199829102,15691,11.06338119506836,10.975752830505371,7.565456390380859
09-04-2007,10.6109037399292,10.692157745361328,55234,10.692157745361328,10.682599067687988,7.544411659240723
10-04-2007,10.730396270751953,10.730396270751953,32638,10.86263370513916,10.762260437011719,7.6006760597229
11-04-2007,10.602937698364258,10.676225662231445,25734,10.712869644165039,10.650733947753906,7.521909713745117
12-04-2007,10.55514144897461,10.556734085083008,8160,10.571072578430176,10.556734085083008,7.4555230140686035
13-04-2007,10.515310287475586,10.556734085083008,21340,10.579038619995117,10.579038619995117,7.47127628326416
16-04-2007,10.620463371276855,10.636395454406738,23851,10.727209091186523,10.669853210449219,7.535409450531006
17-04-2007,10.674633026123047,10.7033109664917,32638,10.738362312316895,10.730396270751953,7.578169822692871
18-04-2007,10.668259620666504,10.682599067687988,16319,10.717650413513184,10.668259620666504,7.5342841148376465
19-04-2007,10.633209228515625,10.716056823730469,41425,10.738362312316895,10.738362312316895,7.583791732788086
20-04-2007,10.684191703796387,10.778193473815918,16947,10.778193473815918,10.778193473815918,7.6119232177734375
23-04-2007,10.706497192382812,10.71446418762207,8787,10.71446418762207,10.708090782165527,7.562415599822998
24-04-2007,10.515310287475586,10.746328353881836,9415,10.746328353881836,10.727209091186523,7.575918197631836
25-04-2007,10.650733947753906,10.738362312316895,9415,10.738362312316895,10.722430229187012,7.572541236877441
26-04-2007,10.645955085754395,10.66507339477539,35149,10.755887031555176,10.751108169555664,7.592794418334961
27-04-2007,10.583819389343262,10.590191841125488,16947,10.704903602600098,10.704903602600098,7.56016206741333
30-04-2007,10.614089965820312,10.674633026123047,7532,10.684191703796387,10.614089965820312,7.496028423309326
01-05-2007,10.634801864624023,10.738362312316895,8160,10.739954948425293,10.739954948425293,7.584920406341553
02-05-2007,10.712869644165039,10.73676872253418,20713,10.781378746032715,10.712869644165039,7.565789699554443
03-05-2007,10.754294395446777,10.794124603271484,37659,10.861041069030762,10.861041069030762,7.670435905456543
04-05-2007,10.78297233581543,10.861041069030762,242275,10.894497871398926,10.808464050292969,7.633305549621582
07-05-2007,10.716056823730469,10.808464050292969,26362,10.912023544311523,10.822802543640137,7.643425941467285
08-05-2007,10.751108169555664,10.771820068359375,15691,10.784565925598145,10.752700805664062,7.5939202308654785
09-05-2007,10.594970703125,10.594970703125,44564,10.93273639678955,10.93273639678955,7.7210693359375
10-05-2007,10.797310829162598,11.088871955871582,12553,11.088871955871582,10.798905372619629,7.626551151275635
11-05-2007,10.789344787597656,10.94548225402832,29500,10.94548225402832,10.789344787597656,7.619800567626953
14-05-2007,10.821209907531738,10.821209907531738,25734,11.002838134765625,10.937516212463379,7.72444486618042
15-05-2007,10.873785972595215,10.937516212463379,42681,10.990092277526855,10.905651092529297,7.701941967010498
16-05-2007,10.916804313659668,10.92158317565918,39542,11.0713472366333,11.0713472366333,7.818958282470703
17-05-2007,11.013991355895996,11.0713472366333,8787,11.10639762878418,11.079313278198242,7.824585914611816
18-05-2007,11.049041748046875,11.096837997436523,6277,11.125516891479492,11.125516891479492,7.857216835021973
21-05-2007,11.095245361328125,11.095245361328125,64021,11.295991897583008,11.28165340423584,7.967487812042236
22-05-2007,11.120737075805664,11.225890159606934,67159,11.280059814453125,11.240228652954102,7.93822717666626
23-05-2007,11.262534141540527,11.262534141540527,72808,11.503111839294434,11.31511116027832,7.9911112785339355
24-05-2007,11.278467178344727,11.342196464538574,26362,11.378840446472168,11.278467178344727,7.96523380279541
25-05-2007,11.273687362670898,11.273687362670898,42053,11.468061447143555,11.39636516571045,8.048497200012207
29-05-2007,11.353347778320312,11.511077880859375,45191,11.511077880859375,11.445755958557129,8.083382606506348
30-05-2007,11.370874404907227,11.374059677124023,23851,11.439382553100586,11.439382553100586,8.078874588012695
31-05-2007,11.495145797729492,11.495145797729492,17574,11.58117961883545,11.511077880859375,8.129512786865234
01-06-2007,11.326263427734375,11.5333833694458,53351,11.5333833694458,11.335823059082031,8.005741119384766
04-06-2007,11.229076385498047,11.265721321105957,93521,11.421856880187988,11.31192398071289,8.023029327392578
05-06-2007,11.742095947265625,11.829724311828613,75946,11.94921588897705,11.773961067199707,8.35073184967041
06-06-2007,11.627384185791016,11.713418006896973,12553,11.740503311157227,11.738909721374512,8.325870513916016
07-06-2007,11.547721862792969,11.550909042358398,33893,11.708638191223145,11.56843376159668,8.204961776733398
08-06-2007,11.531789779663086,11.686332702636719,38287,11.708638191223145,11.70704460144043,8.30327033996582
11-06-2007,11.791485786437988,12.02409839630127,45819,12.040029525756836,12.040029525756836,8.539443969726562
12-06-2007,11.9030122756958,11.912571907043457,21968,12.032064437866211,11.934877395629883,8.464861869812012
13-06-2007,11.94921588897705,11.95080852508545,21968,12.06392765045166,12.06392765045166,8.556391716003418
14-06-2007,12.02409839630127,12.02409839630127,43308,12.140402793884277,12.05436897277832,8.549612998962402
15-06-2007,12.04321575164795,12.057555198669434,79712,12.114912033081055,12.060742378234863,8.554133415222168
18-06-2007,12.073488235473633,12.073488235473633,16947,12.196166038513184,12.194573402404785,8.649052619934082
19-06-2007,12.062335014343262,12.137216567993164,7532,12.137216567993164,12.122878074645996,8.598203659057617
20-06-2007,12.02409839630127,12.124470710754395,25106,12.124470710754395,12.04162311553955,8.540572166442871
21-06-2007,12.046402931213379,12.046402931213379,27617,12.173860549926758,12.161114692687988,8.625321388244629
22-06-2007,11.778739929199219,11.947623252868652,48957,11.992233276367188,11.785113334655762,8.358641624450684
25-06-2007,11.828129768371582,11.828129768371582,16947,12.001791954040527,11.872740745544434,8.420793533325195
26-06-2007,11.796265602111816,11.85680866241455,26362,11.963555335998535,11.871148109436035,8.419665336608887
27-06-2007,11.883893013000488,11.883893013000488,12553,12.009758949279785,12.009758949279785,8.517972946166992
28-06-2007,11.646501541137695,11.969927787780762,28245,12.173860549926758,12.105352401733398,8.585772514343262
29-06-2007,12.049589157104492,12.122878074645996,37659,12.16908073425293,12.078267097473145,8.566560745239258
02-07-2007,12.017724990844727,12.347522735595703,25734,12.347522735595703,12.068708419799805,8.559784889221191
03-07-2007,11.829724311828613,12.068708419799805,57117,12.106945037841797,12.014537811279297,8.521358489990234
05-07-2007,11.646501541137695,11.646501541137695,120510,12.05118179321289,12.05118179321289,8.547350883483887
06-07-2007,11.965147972106934,12.052776336669922,18830,12.076674461364746,12.06711483001709,8.558652877807617
09-07-2007,11.947623252868652,11.94921588897705,53351,12.240777015686035,12.237589836120605,8.679561614990234
10-07-2007,11.94921588897705,12.19297981262207,25734,12.196166038513184,12.006571769714355,8.51571273803711
11-07-2007,11.934877395629883,11.94921588897705,9415,12.035249710083008,12.035249710083008,8.536051750183105
12-07-2007,11.920537948608398,11.957181930541992,32638,12.049589157104492,12.022503852844238,8.527010917663574
13-07-2007,12.038436889648438,12.047995567321777,23223,12.140402793884277,12.140402793884277,8.610628128051758
16-07-2007,11.960368156433105,12.02091121673584,4394,12.140402793884277,12.135623931884766,8.60723876953125
17-07-2007,11.947623252868652,12.032064437866211,13181,12.065522193908691,12.049589157104492,8.546221733093262
18-07-2007,11.801046371459961,11.871148109436035,15691,11.989047050476074,11.989047050476074,8.503283500671387
19-07-2007,11.930096626281738,11.930096626281738,19457,12.102166175842285,12.05436897277832,8.549612998962402
20-07-2007,11.78989315032959,12.00816535949707,8787,12.00816535949707,11.834503173828125,8.393671035766602
23-07-2007,11.813791275024414,11.834503173828125,16947,11.89504623413086,11.826537132263184,8.388019561767578
24-07-2007,11.826537132263184,11.826537132263184,0,11.826537132263184,11.826537132263184,8.388019561767578
25-07-2007,11.687926292419434,11.691113471984863,10043,11.821758270263672,11.821758270263672,8.38463306427002
26-07-2007,11.264126777648926,11.71023178100586,47074,11.724571228027344,11.444162368774414,8.116822242736816
27-07-2007,11.184466361999512,11.356534957885742,21968,11.356534957885742,11.243414878845215,7.97443962097168
30-07-2007,11.055414199829102,11.135075569152832,43308,11.4409761428833,11.313517570495605,8.024158477783203
31-07-2007,11.0729398727417,11.0729398727417,65904,11.552501678466797,11.205178260803223,7.947319507598877
01-08-2007,11.087279319763184,11.276872634887695,40798,11.276872634887695,11.251381874084473,7.980088710784912
02-08-2007,11.385212898254395,11.385212898254395,50213,11.57958698272705,11.528602600097656,8.176711082458496
03-08-2007,11.762807846069336,11.762807846069336,11298,11.899826049804688,11.8121976852417,8.377849578857422
06-08-2007,11.896638870239258,11.984267234802246,45819,12.108538627624512,12.025691032409668,8.529272079467773
07-08-2007,11.973114013671875,11.973114013671875,50840,12.51640510559082,12.427184104919434,8.814032554626465
08-08-2007,12.358675956726074,12.427184104919434,59627,12.696439743041992,12.39054012298584,8.788041114807129
09-08-2007,12.41125202178955,12.41125202178955,64649,13.144137382507324,12.664575576782227,8.982405662536621
10-08-2007,12.141997337341309,12.570574760437012,62138,12.68847370147705,12.223251342773438,8.669392585754395
13-08-2007,12.016131401062012,12.140402793884277,17574,12.140402793884277,12.130844116210938,8.603851318359375
14-08-2007,11.745283126831055,12.025691032409668,18202,12.025691032409668,11.745283126831055,8.330394744873047
15-08-2007,11.727757453918457,11.82335090637207,30128,11.859994888305664,11.815384864807129,8.380109786987305
16-08-2007,11.734129905700684,11.78033447265625,18202,12.098978996276855,11.85680866241455,8.409490585327148
17-08-2007,12.12606430053711,12.17226791381836,37032,12.431963920593262,12.371420860290527,8.774480819702148
20-08-2007,12.253522872924805,12.253522872924805,25106,12.43674373626709,12.41284465789795,8.80385971069336
21-08-2007,12.14677619934082,12.283794403076172,35776,12.376200675964355,12.320438385009766,8.738324165344238
22-08-2007,12.441523551940918,12.443117141723633,5021,12.521184921264648,12.497286796569824,8.863750457763672
23-08-2007,12.259895324707031,12.522777557373047,8160,12.53870964050293,12.283794403076172,8.7123384475708
24-08-2007,12.235997200012207,12.235997200012207,13181,12.293353080749512,12.293353080749512,8.719114303588867
27-08-2007,12.256709098815918,12.283794403076172,14436,12.374608039855957,12.256709098815918,8.693119049072266
28-08-2007,12.240777015686035,12.240777015686035,1255,12.256709098815918,12.256709098815918,8.693119049072266
29-08-2007,12.18979263305664,12.18979263305664,3766,12.347522735595703,12.347522735595703,8.757530212402344
30-08-2007,11.740503311157227,12.242369651794434,24479,12.473387718200684,12.060742378234863,8.5877103805542
31-08-2007,12.019317626953125,12.019317626953125,1255,12.046402931213379,12.046402931213379,8.577496528625488
04-09-2007,11.89504623413086,11.95080852508545,39542,11.982673645019531,11.963555335998535,8.518507957458496
05-09-2007,11.75643539428711,11.8106050491333,10043,11.834503173828125,11.796265602111816,8.399392127990723
06-09-2007,11.66084098815918,11.66402816772461,1255,11.66402816772461,11.66084098815918,8.302964210510254
07-09-2007,11.471246719360352,11.471246719360352,8160,11.705451965332031,11.5333833694458,8.212204933166504
10-09-2007,11.423450469970703,11.78989315032959,5021,11.78989315032959,11.522231101989746,8.204266548156738
11-09-2007,11.603485107421875,11.603485107421875,1883,11.665620803833008,11.665620803833008,8.306366920471191
12-09-2007,11.52541732788086,11.52541732788086,1255,11.557282447814941,11.557282447814941,8.229226112365723
13-09-2007,11.499924659729004,11.63853645324707,18830,11.670400619506836,11.55568790435791,8.228090286254883
14-09-2007,11.600298881530762,11.600298881530762,13808,11.91575813293457,11.783519744873047,8.390316009521484
17-09-2007,11.974706649780273,11.974706649780273,3766,12.25192928314209,12.04162311553955,8.574095726013184
18-09-2007,12.119690895080566,12.210504531860352,36404,12.384166717529297,12.369828224182129,8.80778694152832
19-09-2007,12.177047729492188,12.302912712097168,15064,12.44948959350586,12.44948959350586,8.864514350891113
20-09-2007,12.441523551940918,12.444709777832031,23223,12.632711410522461,12.554642677307129,8.939383506774902
21-09-2007,12.385761260986328,12.591286659240723,33893,12.599252700805664,12.398506164550781,8.82820987701416
24-09-2007,12.247150421142578,12.385761260986328,8787,12.385761260986328,12.247150421142578,8.720439910888672
25-09-2007,12.204132080078125,12.30769157409668,10043,12.392132759094238,12.371420860290527,8.808920860290527
26-09-2007,12.337964057922363,12.53870964050293,23223,12.53870964050293,12.460641860961914,8.872454643249512
27-09-2007,12.333184242248535,12.42399787902832,28245,12.430371284484863,12.428777694702148,8.849762916564941
28-09-2007,12.396912574768066,12.40328598022461,5021,12.494099617004395,12.427184104919434,8.848628044128418
01-10-2007,12.37779426574707,12.487727165222168,31383,12.487727165222168,12.451083183288574,8.865643501281738
02-10-2007,12.341150283813477,12.498880386352539,89755,12.498880386352539,12.459049224853516,8.871318817138672
03-10-2007,12.280607223510742,12.427184104919434,33893,12.427184104919434,12.373015403747559,8.810057640075684
04-10-2007,12.400099754333496,12.467015266418457,13181,12.586506843566895,12.586506843566895,8.962076187133789
05-10-2007,12.435151100158691,12.505252838134766,35776,12.586506843566895,12.505252838134766,8.904214859008789
08-10-2007,12.446303367614746,12.467015266418457,28872,12.508439064025879,12.508439064025879,8.906485557556152
09-10-2007,12.50684642791748,12.508439064025879,2511,12.535524368286133,12.535524368286133,8.925769805908203
10-10-2007,12.467015266418457,12.498880386352539,30755,12.522777557373047,12.522777557373047,8.916694641113281
11-10-2007,12.508439064025879,12.610405921936035,74063,12.640677452087402,12.508439064025879,8.906485557556152
12-10-2007,12.349116325378418,12.365049362182617,5649,12.417625427246094,12.392132759094238,8.823668479919434
15-10-2007,12.124470710754395,12.183420181274414,18830,12.258301734924316,12.231217384338379,8.709090232849121
16-10-2007,12.30769157409668,12.347522735595703,16947,12.385761260986328,12.326810836791992,8.777156829833984
17-10-2007,12.06711483001709,12.28538703918457,25734,12.293353080749512,12.15952205657959,8.658044815063477
18-10-2007,12.119690895080566,12.119690895080566,28245,12.2726411819458,12.216877937316895,8.698880195617676
19-10-2007,12.11331844329834,12.11331844329834,18202,12.231217384338379,12.15952205657959,8.658044815063477
22-10-2007,11.963555335998535,12.05436897277832,44564,12.1818265914917,12.084639549255371,8.604724884033203
23-10-2007,11.998605728149414,12.119690895080566,50840,12.119690895080566,12.049589157104492,8.579766273498535
24-10-2007,11.984267234802246,12.161114692687988,30755,12.263081550598145,12.14996337890625,8.651239395141602
25-10-2007,12.12606430053711,12.177047729492188,16947,12.234403610229492,12.234403610229492,8.711359024047852
26-10-2007,12.156335830688477,12.25511646270752,11925,12.280607223510742,12.199353218078613,8.686402320861816
29-10-2007,12.194573402404785,12.242369651794434,18202,12.243963241577148,12.232810974121094,8.710225105285645
30-10-2007,12.162708282470703,12.162708282470703,6277,12.269454956054688,12.253522872924805,8.724976539611816
31-10-2007,11.973114013671875,12.220065116882324,25734,12.315657615661621,12.304506301879883,8.761275291442871
01-11-2007,11.920537948608398,12.50684642791748,40170,12.50684642791748,11.920537948608398,8.487873077392578
02-11-2007,11.912571907043457,12.001791954040527,22596,12.188199996948242,12.188199996948242,8.678459167480469
05-11-2007,11.990639686584473,12.210504531860352,6904,12.212099075317383,12.046402931213379,8.577496528625488
06-11-2007,11.605077743530273,11.985859870910645,20085,11.985859870910645,11.867960929870605,8.450440406799316
07-11-2007,11.678366661071777,11.855215072631836,20085,12.011351585388184,11.909384727478027,8.479934692382812
08-11-2007,11.013991355895996,11.552501678466797,50840,11.687926292419434,11.544535636901855,8.220147132873535
09-11-2007,11.23226261138916,11.23226261138916,25106,11.482399940490723,11.3485689163208,8.080615043640137
12-11-2007,11.308737754821777,11.308737754821777,38287,11.772366523742676,11.426636695861816,8.136201858520508
13-11-2007,11.240228652954102,11.485586166381836,15064,11.735722541809082,11.735722541809082,8.356280326843262
14-11-2007,11.501519203186035,11.746875762939453,26989,11.754841804504395,11.630570411682129,8.281414031982422
15-11-2007,11.345381736755371,11.869553565979004,37032,11.869553565979004,11.345381736755371,8.07834243774414
16-11-2007,11.216330528259277,11.216330528259277,30755,11.584365844726562,11.57162094116211,8.239439964294434
19-11-2007,11.43301010131836,11.577994346618652,21968,11.598706245422363,11.43301010131836,8.140737533569336
20-11-2007,11.248194694519043,11.248194694519043,59627,11.78989315032959,11.641722679138184,8.289349555969238
21-11-2007,11.32785701751709,11.32785701751709,33893,11.711825370788574,11.520636558532715,8.203130722045898
23-11-2007,11.20836353302002,11.20836353302002,11298,11.520636558532715,11.474433898925781,8.170231819152832
26-11-2007,11.187651634216309,11.200398445129395,28245,11.52541732788086,11.187651634216309,7.966035842895508
27-11-2007,11.31511116027832,11.31511116027832,47702,11.775553703308105,11.773961067199707,8.383508682250977
28-11-2007,11.66084098815918,11.683147430419922,60883,11.9046049118042,11.797859191894531,8.400524139404297
29-11-2007,11.511077880859375,12.10057258605957,42053,12.10057258605957,11.576399803161621,8.242839813232422
30-11-2007,11.321483612060547,11.590739250183105,47074,11.775553703308105,11.70704460144043,8.335862159729004
03-12-2007,11.748469352722168,11.748469352722168,16947,12.0878267288208,12.019317626953125,8.597994804382324
04-12-2007,11.436196327209473,12.047995567321777,146872,12.228031158447266,11.683147430419922,8.35751724243164
05-12-2007,11.818571090698242,11.947623252868652,12553,12.108538627624512,12.108538627624512,8.661819458007812
06-12-2007,11.901418685913086,12.092605590820312,24479,12.092605590820312,12.038436889648438,8.611671447753906
07-12-2007,11.858402252197266,12.122878074645996,27617,12.122878074645996,11.872740745544434,8.49314022064209
10-12-2007,11.746875762939453,11.893452644348145,14436,11.893452644348145,11.761215209960938,8.413363456726074
11-12-2007,11.740503311157227,11.853622436523438,25106,11.969927787780762,11.740503311157227,8.39854621887207
12-12-2007,11.794672966003418,12.04162311553955,47702,12.081454277038574,12.059148788452148,8.626487731933594
13-12-2007,11.70704460144043,11.96196174621582,54606,11.96196174621582,11.796265602111816,8.438434600830078
14-12-2007,11.703859329223633,11.867960929870605,121138,11.867960929870605,11.758028030395508,8.411083221435547
17-12-2007,11.700672149658203,11.700672149658203,32638,11.834503173828125,11.79945182800293,8.440717697143555
18-12-2007,11.984267234802246,12.022503852844238,38287,12.083046913146973,11.984267234802246,8.572924613952637
19-12-2007,11.640129089355469,11.946028709411621,107329,12.078267097473145,11.761215209960938,8.413363456726074
20-12-2007,11.837690353393555,11.837690353393555,157542,12.06392765045166,11.930096626281738,8.534172058105469
21-12-2007,12.001791954040527,12.094200134277344,235999,12.153148651123047,12.036843299865723,8.610533714294434
24-12-2007,12.012945175170898,12.098978996276855,77202,12.419218063354492,12.108538627624512,8.661819458007812
26-12-2007,12.052776336669922,12.121285438537598,69670,12.267862319946289,12.165895462036133,8.702848434448242
27-12-2007,12.022503852844238,12.092605590820312,16947,12.14996337890625,12.059148788452148,8.626487731933594
28-12-2007,11.981080055236816,12.03365707397461,25734,12.196166038513184,12.001791954040527,8.585455894470215
31-12-2007,11.82335090637207,11.871148109436035,94148,12.105352401733398,11.923724174499512,8.529613494873047
02-01-2008,11.544535636901855,11.933283805847168,90383,11.933283805847168,11.57958698272705,8.28343677520752
03-01-2008,11.606672286987305,11.659248352050781,38915,11.794672966003418,11.78989315032959,8.433878898620605
04-01-2008,11.738909721374512,11.738909721374512,17574,11.852028846740723,11.801046371459961,8.441858291625977
07-01-2008,11.649688720703125,11.649688720703125,52723,12.019317626953125,11.989047050476074,8.576342582702637
08-01-2008,11.871148109436035,11.971521377563477,40170,12.13403034210205,11.963555335998535,8.558106422424316
09-01-2008,11.909384727478027,11.909384727478027,13181,12.036843299865723,11.973114013671875,8.564942359924316
10-01-2008,11.689519882202148,12.001791954040527,79085,12.006571769714355,11.813791275024414,8.450971603393555
11-01-2008,11.342196464538574,11.679960250854492,38287,11.679960250854492,11.413890838623047,8.164902687072754
14-01-2008,11.386805534362793,11.519043922424316,38287,11.619417190551758,11.619417190551758,8.311932563781738
15-01-2008,11.397958755493164,11.630570411682129,33893,11.630570411682129,11.439382553100586,8.183137893676758
16-01-2008,11.321483612060547,11.321483612060547,84734,11.471246719360352,11.385212898254395,8.144388198852539
17-01-2008,10.731988906860352,11.346975326538086,53351,11.346975326538086,10.73358154296875,7.678246974945068
18-01-2008,10.580632209777832,10.67781925201416,74691,10.833955764770508,10.606123924255371,7.587069034576416
22-01-2008,10.043713569641113,10.069206237792969,91010,10.601344108581543,10.483445167541504,7.499312877655029
23-01-2008,10.10266399383545,10.483445167541504,80968,10.588598251342773,10.532835006713867,7.534642219543457
24-01-2008,10.537614822387695,10.606123924255371,33893,10.760666847229004,10.637989044189453,7.60986328125
25-01-2008,10.371918678283691,10.620463371276855,29500,10.620463371276855,10.379884719848633,7.425230503082275
28-01-2008,10.037341117858887,10.196663856506348,30755,10.442021369934082,10.429276466369629,7.460562705993652
29-01-2008,10.427681922912598,10.497783660888672,33266,10.579038619995117,10.55514144897461,7.550599575042725
30-01-2008,10.355986595153809,10.591785430908203,47702,10.591785430908203,10.355986595153809,7.408135890960693
31-01-2008,10.211003303527832,10.419715881347656,62138,10.419715881347656,10.338461875915527,7.395599365234375
01-02-2008,10.355986595153809,10.355986595153809,30128,10.81643009185791,10.810056686401367,7.7329535484313965
04-02-2008,10.706497192382812,10.833955764770508,34521,10.833955764770508,10.779786109924316,7.71129846572876
05-02-2008,10.422903060913086,10.59815788269043,30755,10.628429412841797,10.432461738586426,7.462843894958496
06-02-2008,10.508936882019043,10.540802001953125,32638,10.626835823059082,10.523276329040527,7.527804374694824
07-02-2008,10.497783660888672,10.587004661560059,50213,10.682599067687988,10.63161563873291,7.605306148529053
08-02-2008,10.547175407409668,10.547175407409668,16947,10.738362312316895,10.738362312316895,7.681667327880859
11-02-2008,10.722430229187012,10.790939331054688,28872,10.884939193725586,10.884939193725586,7.786520957946777
12-02-2008,10.913617134094238,10.913617134094238,26362,10.986906051635742,10.948667526245117,7.83210563659668
13-02-2008,10.496191024780273,10.98849868774414,29500,10.98849868774414,10.583819389343262,7.571115970611572
14-02-2008,10.48981761932373,10.48981761932373,37032,10.645955085754395,10.596565246582031,7.580231189727783
15-02-2008,10.634801864624023,10.639581680297852,42053,10.82917594909668,10.82917594909668,7.746628761291504
19-02-2008,10.802090644836426,10.84192180633545,23851,10.886531829833984,10.845108032226562,7.758027076721191
20-02-2008,10.594970703125,10.716056823730469,9415,10.800498008728027,10.800498008728027,7.726115703582764
21-02-2008,10.8881254196167,10.892905235290527,70925,10.993279457092285,10.899277687072754,7.796774387359619
22-02-2008,10.910430908203125,10.993279457092285,20713,11.227482795715332,11.227482795715332,8.03155517578125
25-02-2008,11.171719551086426,11.184466361999512,52723,11.552501678466797,11.354941368103027,8.122736930847168
26-02-2008,11.20199203491211,11.397958755493164,46447,11.447348594665527,11.20199203491211,8.013322830200195
27-02-2008,11.128703117370605,11.128703117370605,13181,11.241822242736816,11.178092956542969,7.996228218078613
28-02-2008,11.029923439025879,11.104804992675781,8160,11.104804992675781,11.085685729980469,7.9301228523254395
29-02-2008,10.658700942993164,10.904058456420898,21340,10.904058456420898,10.698531150817871,7.653177738189697
03-03-2008,10.6109037399292,10.754294395446777,18202,10.896092414855957,10.873785972595215,7.8181328773498535
04-03-2008,10.71446418762207,10.953448295593262,35776,10.953448295593262,10.762260437011719,7.737942695617676
05-03-2008,10.741547584533691,10.833955764770508,47074,10.900871276855469,10.771820068359375,7.744816303253174
06-03-2008,10.587004661560059,10.75748062133789,13808,10.75748062133789,10.587004661560059,7.61193323135376
07-03-2008,10.485038757324219,10.57266616821289,9415,10.628429412841797,10.571072578430176,7.600480079650879
10-03-2008,10.596565246582031,10.67781925201416,5021,10.738362312316895,10.628429412841797,7.641720771789551
11-03-2008,10.63161563873291,10.63161563873291,70925,10.974160194396973,10.970973014831543,7.888001918792725
12-03-2008,11.025142669677734,11.041074752807617,18830,11.122329711914062,11.041074752807617,7.938405513763428
13-03-2008,10.642767906188965,10.889719009399414,6904,10.889719009399414,10.805277824401855,7.7688679695129395
14-03-2008,10.81961727142334,11.144635200500488,31383,11.151007652282715,10.845108032226562,7.797508716583252
17-03-2008,10.7033109664917,10.7033109664917,13181,11.05063533782959,10.927955627441406,7.857073783874512
18-03-2008,10.991684913635254,10.991684913635254,26362,11.310331344604492,11.217924118041992,8.065558433532715
19-03-2008,11.033108711242676,11.033108711242676,46447,11.448942184448242,11.154194831848145,8.019735336303711
20-03-2008,10.84192180633545,10.913617134094238,20085,11.19880485534668,11.136669158935547,8.007134437561035
24-03-2008,11.033108711242676,11.033108711242676,13808,11.31192398071289,11.307145118713379,8.129706382751465
25-03-2008,11.20199203491211,11.288025856018066,38287,11.313517570495605,11.31192398071289,8.133137702941895
26-03-2008,11.195618629455566,11.30395793914795,42053,11.329449653625488,11.20836353302002,8.058687210083008
27-03-2008,11.066567420959473,11.316703796386719,27617,11.316703796386719,11.082498550415039,7.968189716339111
28-03-2008,11.069753646850586,11.214736938476562,11925,11.237043380737305,11.119144439697266,7.994534015655518
31-03-2008,10.994872093200684,11.06338119506836,20085,11.082498550415039,11.031516075134277,7.9315338134765625
01-04-2008,11.15260124206543,11.270500183105469,54606,11.646501541137695,11.574807167053223,8.322153091430664
02-04-2008,11.485586166381836,11.734129905700684,44564,11.94921588897705,11.517451286315918,8.280913352966309
03-04-2008,11.421856880187988,11.531789779663086,21968,11.605077743530273,11.455314636230469,8.236239433288574
04-04-2008,11.472840309143066,11.474433898925781,58372,11.748469352722168,11.748469352722168,8.447015762329102
07-04-2008,11.670400619506836,11.748469352722168,13181,11.748469352722168,11.719791412353516,8.426396369934082
08-04-2008,11.437788963317871,11.702264785766602,67787,11.702264785766602,11.66402816772461,8.386306762695312
09-04-2008,11.323077201843262,11.557282447814941,14436,11.557282447814941,11.343789100646973,8.156054496765137
10-04-2008,11.506298065185547,11.506298065185547,5021,11.805825233459473,11.805825233459473,8.488252639770508
11-04-2008,11.659248352050781,11.659248352050781,15691,11.826537132263184,11.826537132263184,8.503144264221191
14-04-2008,11.031516075134277,11.031516075134277,23223,11.630570411682129,11.541349411010742,8.298096656799316
15-04-2008,11.471246719360352,11.691113471984863,24479,11.691113471984863,11.471246719360352,8.247694969177246
16-04-2008,11.5333833694458,12.132436752319336,11298,12.132436752319336,11.557282447814941,8.309554100036621
17-04-2008,11.557282447814941,11.557282447814941,13808,11.713418006896973,11.713418006896973,8.421815872192383
18-04-2008,11.71023178100586,11.71023178100586,10043,11.80263900756836,11.80263900756836,8.485962867736816
21-04-2008,11.587553024291992,11.66402816772461,2511,11.66402816772461,11.609857559204102,8.347354888916016
22-04-2008,11.471246719360352,11.624197006225586,3766,11.624197006225586,11.471246719360352,8.247694969177246
23-04-2008,11.31192398071289,11.471246719360352,4394,11.471246719360352,11.31192398071289,8.133137702941895
24-04-2008,11.031516075134277,11.31192398071289,5649,11.31192398071289,11.041074752807617,7.938405513763428
25-04-2008,10.963006973266602,10.993279457092285,2511,11.00124454498291,10.963006973266602,7.88227653503418
28-04-2008,11.141448974609375,11.259347915649414,7532,11.29439926147461,11.265721321105957,8.099923133850098
29-04-2008,11.257755279541016,11.268906593322754,1883,11.268906593322754,11.257755279541016,8.094199180603027
30-04-2008,11.15260124206543,11.3485689163208,6904,11.448942184448242,11.192432403564453,8.047232627868652
01-05-2008,11.213144302368164,11.32785701751709,21340,11.425044059753418,11.425044059753418,8.214476585388184
02-05-2008,11.40751838684082,11.415484428405762,17574,11.627384185791016,11.531789779663086,8.29122257232666
05-05-2008,11.31192398071289,11.31192398071289,40170,11.550909042358398,11.493552207946777,8.263733863830566
06-05-2008,11.31192398071289,11.31192398071289,41425,11.59233283996582,11.587553024291992,8.331317901611328
07-05-2008,11.493552207946777,11.683147430419922,18202,11.71023178100586,11.493552207946777,8.263733863830566
08-05-2008,11.431415557861328,11.431415557861328,12553,11.617823600769043,11.538163185119629,8.295807838439941
09-05-2008,11.409111022949219,11.740503311157227,48957,11.740503311157227,11.464874267578125,8.243114471435547
12-05-2008,11.547721862792969,11.547721862792969,12553,11.783519744873047,11.783519744873047,8.472217559814453
13-05-2008,11.63853645324707,11.78989315032959,20713,11.852028846740723,11.831316947937012,8.50658130645752
14-05-2008,11.869553565979004,11.869553565979004,12553,11.942843437194824,11.888672828674316,8.547819137573242
15-05-2008,11.58914566040039,11.58914566040039,13181,11.91575813293457,11.877520561218262,8.539800643920898
16-05-2008,11.826537132263184,11.840875625610352,8787,11.94921588897705,11.848841667175293,8.519182205200195
19-05-2008,11.71023178100586,11.71023178100586,8160,11.899826049804688,11.871148109436035,8.535222053527832
20-05-2008,11.918944358825684,11.977893829345703,24479,12.06711483001709,11.977893829345703,8.611970901489258
21-05-2008,11.909384727478027,11.909384727478027,13808,12.111724853515625,11.947623252868652,8.590203285217285
22-05-2008,11.861587524414062,11.861587524414062,55861,11.997013092041016,11.92850399017334,8.576458930969238
23-05-2008,11.346975326538086,11.931690216064453,55861,11.968335151672363,11.864774703979492,8.530635833740234
27-05-2008,11.909384727478027,11.909384727478027,70925,12.094200134277344,12.047995567321777,8.662370681762695
28-05-2008,11.887080192565918,11.979487419128418,13808,11.979487419128418,11.920537948608398,8.570731163024902
29-05-2008,11.971521377563477,11.971521377563477,33266,12.110132217407227,12.055961608886719,8.668102264404297
30-05-2008,11.96196174621582,12.004979133605957,8160,12.07986068725586,12.07986068725586,8.685282707214355
02-06-2008,11.746875762939453,11.969927787780762,29500,12.028877258300781,11.78989315032959,8.514984130859375
03-06-2008,11.480807304382324,11.648096084594727,26989,11.692706108093262,11.480807304382324,8.291749954223633
04-06-2008,11.5333833694458,11.614638328552246,13808,11.630570411682129,11.552501678466797,8.343528747558594
05-06-2008,12.164301872253418,12.164301872253418,27617,12.576948165893555,12.576948165893555,9.083415985107422
06-06-2008,12.400099754333496,12.565794944763184,42053,12.578540802001953,12.427184104919434,8.975250244140625
09-06-2008,12.16908073425293,12.48294734954834,59627,12.492506980895996,12.28857421875,8.875146865844727
10-06-2008,12.223251342773438,12.27582836151123,45191,12.43674373626709,12.22643756866455,8.830265045166016
11-06-2008,12.118098258972168,12.228031158447266,26362,12.283794403076172,12.283794403076172,8.871691703796387
12-06-2008,12.162708282470703,12.183420181274414,18830,12.419218063354492,12.162708282470703,8.784235954284668
13-06-2008,12.267862319946289,12.267862319946289,16319,12.497286796569824,12.441523551940918,8.985605239868164
16-06-2008,12.06392765045166,12.341150283813477,45819,12.398506164550781,12.290166854858398,8.876294136047363
17-06-2008,12.243963241577148,12.267862319946289,11925,12.396912574768066,12.267862319946289,8.860179901123047
18-06-2008,12.138810157775879,12.267862319946289,13181,12.267862319946289,12.267862319946289,8.860179901123047
19-06-2008,12.132436752319336,12.132436752319336,43308,12.266267776489258,12.266267776489258,8.859030723571777
20-06-2008,12.165895462036133,12.196166038513184,17574,12.30769157409668,12.30769157409668,8.888951301574707
23-06-2008,12.253522872924805,12.347522735595703,28245,12.42399787902832,12.253522872924805,8.849830627441406
24-06-2008,12.165895462036133,12.165895462036133,9415,12.235997200012207,12.167488098144531,8.787688255310059
25-06-2008,12.161114692687988,12.167488098144531,15064,12.385761260986328,12.344337463378906,8.915414810180664
26-06-2008,12.07986068725586,12.07986068725586,14436,12.248743057250977,12.110132217407227,8.746265411376953
27-06-2008,12.102166175842285,12.291760444641113,31383,12.31884479522705,12.129250526428223,8.760072708129883
30-06-2008,12.111724853515625,12.154742240905762,17574,12.261488914489746,12.11331844329834,8.748571395874023
01-07-2008,11.630570411682129,12.081454277038574,33266,12.081454277038574,11.633756637573242,8.402215957641602
02-07-2008,10.953448295593262,11.471246719360352,47702,11.471246719360352,11.041074752807617,7.974165439605713
03-07-2008,11.076126098632812,11.31192398071289,7532,11.31192398071289,11.158973693847656,8.05931282043457
07-07-2008,11.025142669677734,11.064973831176758,18202,11.088871955871582,11.088871955871582,8.008684158325195
08-07-2008,10.674633026123047,11.088871955871582,99170,11.187651634216309,11.041074752807617,7.974165439605713
09-07-2008,11.10639762878418,11.15260124206543,20085,11.31511116027832,11.160568237304688,8.060465812683105
10-07-2008,10.94548225402832,11.007617950439453,40798,11.101617813110352,11.00124454498291,7.945399284362793
11-07-2008,10.808464050292969,10.953448295593262,37659,11.170126914978027,11.079313278198242,8.001782417297363
14-07-2008,11.144635200500488,11.144635200500488,29500,11.334230422973633,11.23226261138916,8.112242698669434
15-07-2008,11.151007652282715,11.151007652282715,21968,11.55568790435791,11.29121208190918,8.154820442199707
16-07-2008,11.194025039672852,11.194025039672852,11925,11.471246719360352,11.471246719360352,8.284847259521484
17-07-2008,11.251381874084473,11.455314636230469,64649,11.455314636230469,11.354941368103027,8.200850486755371
18-07-2008,11.275279998779297,11.409111022949219,21968,11.409111022949219,11.351755142211914,8.198543548583984
21-07-2008,11.197212219238281,11.23226261138916,15064,11.268906593322754,11.257755279541016,8.130658149719238
22-07-2008,11.205178260803223,11.21951675415039,13808,11.538163185119629,11.519043922424316,8.319365501403809
23-07-2008,11.31192398071289,11.45372200012207,80968,11.630570411682129,11.606672286987305,8.38265323638916
24-07-2008,11.421856880187988,11.547721862792969,21340,11.624197006225586,11.421856880187988,8.249176979064941
25-07-2008,11.343789100646973,11.421856880187988,11298,11.42982292175293,11.385212898254395,8.222707748413086
28-07-2008,11.15260124206543,11.283246040344238,55861,11.321483612060547,11.249788284301758,8.12490463256836
29-07-2008,11.123923301696777,11.310331344604492,65276,11.3501615524292,11.295991897583008,8.158272743225098
30-07-2008,11.20199203491211,11.31192398071289,9415,11.366093635559082,11.254568099975586,8.1283540725708
31-07-2008,11.374059677124023,11.374059677124023,25106,11.565247535705566,11.5349760055542,8.330872535705566
01-08-2008,11.391586303710938,11.630570411682129,7532,11.630570411682129,11.487178802490234,8.296351432800293
04-08-2008,11.35812759399414,11.487178802490234,30755,11.550909042358398,11.421856880187988,8.249176979064941
05-08-2008,11.585960388183594,11.585960388183594,30755,11.742095947265625,11.742095947265625,8.480463027954102
06-08-2008,11.727757453918457,11.783519744873047,10043,11.869553565979004,11.869553565979004,8.572516441345215
07-08-2008,11.574807167053223,11.616230964660645,10670,11.702264785766602,11.582773208618164,8.36539363861084
08-08-2008,11.675180435180664,11.676774024963379,13181,12.027283668518066,12.027283668518066,8.686429977416992
11-08-2008,11.946028709411621,11.946028709411621,92893,12.25192928314209,12.1818265914917,8.79804515838623
12-08-2008,12.127656936645508,12.1802339553833,21968,12.267862319946289,12.197759628295898,8.809551239013672
13-08-2008,12.017724990844727,12.118098258972168,15064,12.165895462036133,12.151556015014648,8.776183128356934
14-08-2008,11.94921588897705,11.94921588897705,4394,12.271047592163086,12.271047592163086,8.8624849319458
15-08-2008,12.33159065246582,12.366641998291016,17574,12.527558326721191,12.41443920135498,8.966045379638672
18-08-2008,12.259895324707031,12.259895324707031,7532,12.342742919921875,12.296540260314941,8.88089656829834
19-08-2008,12.148368835449219,12.148368835449219,44564,12.267862319946289,12.22643756866455,8.830265045166016
20-08-2008,12.032064437866211,12.13403034210205,59627,12.286979675292969,12.234403610229492,8.836017608642578
21-08-2008,12.040029525756836,12.076674461364746,16319,12.178641319274902,12.167488098144531,8.787688255310059
22-08-2008,12.177047729492188,12.31884479522705,37032,12.339556694030762,12.197759628295898,8.809551239013672
25-08-2008,12.13403034210205,12.302912712097168,26362,12.302912712097168,12.16908073425293,8.788839340209961
26-08-2008,12.095792770385742,12.157929420471191,15691,12.200945854187012,12.164301872253418,8.78538703918457
27-08-2008,12.26467514038086,12.320438385009766,3138,12.320438385009766,12.271047592163086,8.8624849319458
28-08-2008,11.439382553100586,11.726163864135742,72180,11.834503173828125,11.801046371459961,8.523035049438477
29-08-2008,11.523823738098145,11.630570411682129,4394,11.713418006896973,11.523823738098145,8.322818756103516
02-09-2008,11.55568790435791,11.867960929870605,28245,12.011351585388184,11.58914566040039,8.36999797821045
03-09-2008,11.491958618164062,11.550909042358398,21968,11.550909042358398,11.491958618164062,8.2998046875
04-09-2008,11.192432403564453,11.41707706451416,38915,11.434602737426758,11.192432403564453,8.121766090393066
05-09-2008,11.171719551086426,11.257755279541016,7532,11.52541732788086,11.517451286315918,8.357611656188965
08-09-2008,11.646501541137695,11.71023178100586,25734,11.909384727478027,11.703859329223633,8.492878913879395
09-09-2008,11.630570411682129,11.742095947265625,2511,11.742095947265625,11.632163047790527,8.440851211547852
10-09-2008,11.593926429748535,11.593926429748535,18202,11.75643539428711,11.648096084594727,8.45241641998291
11-09-2008,11.52541732788086,11.5349760055542,10043,11.644908905029297,11.587553024291992,8.40848159790039
12-09-2008,11.730942726135254,11.783519744873047,11925,12.108538627624512,12.108538627624512,8.786531448364258
15-09-2008,11.329449653625488,11.94921588897705,25734,11.94921588897705,11.758028030395508,8.532185554504395
16-09-2008,11.20836353302002,11.758028030395508,75319,11.758028030395508,11.54294204711914,8.376108169555664
17-09-2008,11.300771713256836,11.32785701751709,24479,11.554095268249512,11.31192398071289,8.208467483520508
18-09-2008,11.394771575927734,11.471246719360352,50213,11.965147972106934,11.94921588897705,8.670921325683594
19-09-2008,11.619417190551758,11.94921588897705,104191,12.108538627624512,12.108538627624512,8.786531448364258
22-09-2008,11.487178802490234,12.148368835449219,32638,12.148368835449219,11.487178802490234,8.335643768310547
23-09-2008,11.289619445800781,11.487178802490234,37032,11.708638191223145,11.343789100646973,8.23159408569336
24-09-2008,11.248194694519043,11.369280815124512,82851,11.468061447143555,11.329449653625488,8.221189498901367
25-09-2008,11.23226261138916,11.23226261138916,81595,11.791485786437988,11.600298881530762,8.417730331420898
26-09-2008,11.391586303710938,11.519043922424316,30128,11.57958698272705,11.550909042358398,8.381889343261719
29-09-2008,11.15260124206543,11.471246719360352,87872,11.606672286987305,11.15260124206543,8.092860221862793
30-09-2008,11.15260124206543,11.15260124206543,50213,11.46328067779541,11.31192398071289,8.208467483520508
01-10-2008,11.194025039672852,11.23226261138916,94776,11.54612922668457,11.31192398071289,8.208467483520508
02-10-2008,10.833955764770508,11.447348594665527,102308,11.45372200012207,10.833955764770508,7.861632823944092
03-10-2008,10.688972473144531,10.833955764770508,138712,11.595519065856934,10.767040252685547,7.813077926635742
06-10-2008,10.148866653442383,10.531242370605469,83478,10.856261253356934,10.355986595153809,7.514797210693359
07-10-2008,9.82544231414795,10.276326179504395,234116,10.515310287475586,10.355986595153809,7.514797210693359
08-10-2008,9.72028923034668,10.117003440856934,153148,10.276326179504395,9.98157787322998,7.243108749389648
09-10-2008,9.243912696838379,10.211003303527832,50213,10.22852897644043,9.243912696838379,6.707822799682617
10-10-2008,8.601841926574707,8.938013076782227,234116,9.079811096191406,9.076623916625977,6.586430549621582
13-10-2008,8.748418807983398,9.16265869140625,67159,9.662933349609375,9.662933349609375,7.011888027191162
14-10-2008,9.553000450134277,9.93856143951416,89755,10.027782440185547,9.580084800720215,6.951766490936279
15-10-2008,9.076623916625977,9.479710578918457,89755,9.59123706817627,9.200896263122559,6.676607131958008
16-10-2008,8.751605987548828,9.041572570800781,97914,9.237540245056152,9.00174331665039,6.5320963859558105
17-10-2008,8.603434562683105,8.931640625,152520,9.240727424621582,8.603434562683105,6.243062496185303
20-10-2008,8.605029106140137,8.605029106140137,44564,9.25506591796875,9.240727424621582,6.7055134773254395
21-10-2008,9.240727424621582,9.240727424621582,28872,9.551406860351562,9.296489715576172,6.745975017547607
22-10-2008,8.643265724182129,9.204083442687988,30128,9.336320877075195,8.643265724182129,6.271965503692627
23-10-2008,8.450485229492188,8.762758255004883,47074,9.00174331665039,8.762758255004883,6.358676910400391
24-10-2008,8.14617919921875,8.523774147033691,29500,8.603434562683105,8.603434562683105,6.243062496185303
27-10-2008,8.36445140838623,8.52536678314209,14436,8.718148231506348,8.51580810546875,6.1794753074646
28-10-2008,8.173263549804688,8.91212272644043,100425,9.320387840270996,9.320387840270996,6.7633161544799805
29-10-2008,8.812546730041504,9.33034610748291,57242,9.33034610748291,8.91212272644043,6.467060089111328
30-10-2008,8.864327430725098,9.071446418762207,20085,9.298480987548828,8.961912155151367,6.503190517425537
31-10-2008,8.961912155151367,8.961912155151367,131557,9.111276626586914,8.961912155151367,6.503190517425537
03-11-2008,9.085387229919434,9.101319313049316,35651,9.439881324768066,9.190938949584961,6.669384002685547
04-11-2008,9.296489715576172,9.296489715576172,31634,9.459795951843262,9.358227729797363,6.790777683258057
05-11-2008,9.33034610748291,9.340304374694824,22094,9.553398132324219,9.33034610748291,6.770543098449707
06-11-2008,9.053523063659668,9.33034610748291,8536,9.33034610748291,9.06148910522461,6.575448989868164
07-11-2008,9.0316162109375,9.0316162109375,30630,9.210853576660156,9.180980682373047,6.66215705871582
10-11-2008,9.180980682373047,9.180980682373047,30630,9.36021900177002,9.260642051696777,6.719964504241943
11-11-2008,8.802589416503906,8.961912155151367,11047,9.06148910522461,8.924073219299316,6.475734233856201
12-11-2008,8.215085983276367,8.762758255004883,114987,8.762758255004883,8.50385856628418,6.170804500579834
13-11-2008,8.294747352600098,8.294747352600098,13055,9.161065101623535,8.961912155151367,6.503190517425537
14-11-2008,8.961912155151367,8.969878196716309,44689,9.419964790344238,9.260642051696777,6.719964504241943
17-11-2008,9.161065101623535,9.260642051696777,31132,9.36021900177002,9.190938949584961,6.669384002685547
18-11-2008,9.085387229919434,9.131192207336426,47702,9.236743927001953,9.19492244720459,6.672274112701416
19-11-2008,9.06148910522461,9.36021900177002,7532,9.36021900177002,9.101319313049316,6.604351043701172
20-11-2008,8.36445140838623,8.961912155151367,57744,9.111276626586914,8.36445140838623,6.069644927978516
21-11-2008,7.627583026885986,8.714961051940918,104442,8.714961051940918,8.563605308532715,6.2141618728637695
24-11-2008,8.408265113830566,8.59546947479248,88876,8.67911434173584,8.61339282989502,6.2502899169921875
25-11-2008,7.954195022583008,8.742842674255371,59251,8.742842674255371,8.13542366027832,5.903452396392822
26-11-2008,8.13542366027832,8.13542366027832,40170,8.657206535339355,8.657206535339355,6.282083034515381
28-11-2008,8.687080383300781,8.8384370803833,18077,8.91212272644043,8.832462310791016,6.409256458282471
01-12-2008,8.563605308532715,9.202887535095215,90885,9.202887535095215,8.67911434173584,6.297979354858398
02-12-2008,8.714961051940918,8.762758255004883,26111,9.005725860595703,8.961912155151367,6.503190517425537
03-12-2008,8.479960441589355,8.862335205078125,77829,9.19492244720459,9.051530838012695,6.568221569061279
04-12-2008,8.862335205078125,9.091361999511719,86868,9.157081604003906,8.961912155151367,6.544659614562988
05-12-2008,9.36021900177002,9.36021900177002,78834,10.057256698608398,9.858102798461914,7.1991286277771
08-12-2008,10.206622123718262,10.336071968078613,76825,10.937516212463379,10.505352020263672,7.671794891357422
09-12-2008,10.158824920654297,10.493403434753418,23600,10.493403434753418,10.176749229431152,7.431826591491699
10-12-2008,10.276326179504395,10.409758567810059,8034,10.533233642578125,10.282299995422363,7.508908271789551
11-12-2008,10.075180053710938,10.075180053710938,11047,10.45556354522705,10.256409645080566,7.489998817443848
12-12-2008,9.623102188110352,9.774458885192871,42179,9.957679748535156,9.7784423828125,7.140954494476318
15-12-2008,9.599203109741211,9.758525848388672,39668,10.33806324005127,9.897933959960938,7.228216171264648
16-12-2008,9.80831527709961,9.840179443359375,26111,10.154842376708984,10.057256698608398,7.344565391540527
17-12-2008,9.957679748535156,10.067214012145996,37157,10.298233032226562,10.057256698608398,7.344565391540527
18-12-2008,9.654966354370117,10.256409645080566,19081,10.256409645080566,9.96763801574707,7.27911901473999
19-12-2008,9.559372901916504,10.156832695007324,26613,10.156832695007324,9.559372901916504,6.980969429016113
22-12-2008,9.459795951843262,9.459795951843262,30128,9.907891273498535,9.907891273498535,7.235488414764404
23-12-2008,9.710728645324707,9.887975692749023,25608,9.907891273498535,9.883993148803711,7.218035697937012
24-12-2008,9.511575698852539,9.758525848388672,33140,9.824247360229492,9.764500617980957,7.130772113800049
26-12-2008,9.637042999267578,9.65894889831543,18579,9.907891273498535,9.708738327026367,7.090049743652344
29-12-2008,9.623102188110352,9.738611221313477,28621,9.830222129821777,9.623102188110352,7.027514457702637
30-12-2008,9.625093460083008,9.917848587036133,43183,9.923824310302734,9.858102798461914,7.1991286277771
31-12-2008,9.937765121459961,9.937765121459961,2511,10.081154823303223,9.957679748535156,7.27184534072876
02-01-2009,9.748568534851074,9.748568534851074,62766,10.654717445373535,10.45556354522705,7.63543701171875
05-01-2009,10.059247970581055,10.45556354522705,56238,10.604928970336914,10.336071968078613,7.548174858093262
06-01-2009,10.216580390930176,10.377894401550293,30128,10.505352020263672,10.499378204345703,7.667436599731445
07-01-2009,9.917848587036133,10.3320894241333,30128,10.344038009643555,9.917848587036133,7.242757320404053
08-01-2009,9.758525848388672,9.858102798461914,17574,9.957679748535156,9.868061065673828,7.206398963928223
09-01-2009,9.858102798461914,9.989543914794922,18579,10.146876335144043,9.989543914794922,7.295119285583496
12-01-2009,9.858102798461914,10.057256698608398,14060,10.057256698608398,9.866068840026855,7.2049455642700195
13-01-2009,9.408016204833984,9.907891273498535,16068,9.919840812683105,9.708738327026367,7.090049743652344
14-01-2009,9.429923057556152,9.732636451721191,5523,9.732636451721191,9.489668846130371,6.930070877075195
15-01-2009,9.36021900177002,9.390091896057129,57242,9.718695640563965,9.65894889831543,7.0536909103393555
16-01-2009,9.559372901916504,9.559372901916504,105948,10.057256698608398,10.057256698608398,7.344565391540527
20-01-2009,9.577296257019043,10.10704517364502,54230,10.10704517364502,10.057256698608398,7.344565391540527
21-01-2009,9.770475387573242,10.168783187866211,253573,10.206622123718262,10.206622123718262,7.453642845153809
22-01-2009,9.760518074035645,10.176749229431152,110468,10.176749229431152,9.878018379211426,7.2136712074279785
23-01-2009,9.41399097442627,9.768484115600586,27115,9.768484115600586,9.461787223815918,6.909708023071289
26-01-2009,9.557380676269531,9.557380676269531,13055,9.776450157165527,9.65894889831543,7.0536909103393555
27-01-2009,9.459795951843262,9.611152648925781,26613,9.758525848388672,9.758525848388672,7.126410484313965
28-01-2009,9.688822746276855,9.7625093460083,27115,9.933780670166016,9.915858268737793,7.241302490234375
29-01-2009,9.738611221313477,9.758525848388672,12553,9.957679748535156,9.866068840026855,7.2049455642700195
30-01-2009,9.447847366333008,9.7784423828125,17574,9.7784423828125,9.459795951843262,6.908254146575928
02-02-2009,9.175005912780762,9.503609657287598,19583,9.503609657287598,9.459795951843262,6.908254146575928
03-02-2009,9.49365234375,9.49365234375,3013,9.758525848388672,9.758525848388672,7.126410484313965
04-02-2009,9.601195335388184,9.87602710723877,5021,9.885985374450684,9.756534576416016,7.124953746795654
05-02-2009,9.459795951843262,9.541448593139648,15566,9.870052337646484,9.870052337646484,7.207855224609375
06-02-2009,9.680855751037598,10.001494407653809,38664,10.150858879089355,10.150858879089355,7.412919521331787
09-02-2009,9.708738327026367,10.105053901672363,78834,10.138910293579102,9.897933959960938,7.228216171264648
10-02-2009,9.296489715576172,9.828229904174805,33642,9.828229904174805,9.36021900177002,6.835536479949951
11-02-2009,9.175005912780762,9.260642051696777,32638,9.346278190612793,9.256658554077148,6.759908676147461
12-02-2009,9.107294082641602,9.17102336883545,12051,9.310430526733398,9.268608093261719,6.76863431930542
13-02-2009,9.14115047454834,9.14115047454834,6528,9.340304374694824,9.340304374694824,6.820992469787598
17-02-2009,8.730894088745117,8.812546730041504,30630,8.943987846374512,8.762758255004883,6.399226188659668
18-02-2009,8.460044860839844,8.744833946228027,93395,8.862335205078125,8.669156074523926,6.330869674682617
19-02-2009,8.617376327514648,8.683096885681152,24604,8.812546730041504,8.623351097106934,6.297420978546143
20-02-2009,8.077670097351074,8.706995010375977,166203,8.706995010375977,8.513815879821777,6.2174296379089355
23-02-2009,8.304704666137695,8.539706230163574,47200,8.641275405883789,8.304704666137695,6.064721584320068
24-02-2009,8.290763854980469,8.290763854980469,58749,8.832462310791016,8.832462310791016,6.45012903213501
25-02-2009,8.466018676757812,8.854369163513184,84859,8.91212272644043,8.762758255004883,6.399226188659668
26-02-2009,8.762758255004883,8.762758255004883,33642,8.91013240814209,8.820512771606445,6.441400527954102
27-02-2009,8.59546947479248,8.802589416503906,12051,8.802589416503906,8.726910591125488,6.373046398162842
02-03-2009,8.187204360961914,8.563605308532715,105948,8.961912155151367,8.444112777709961,6.1665263175964355
03-03-2009,8.454070091247559,8.499876022338867,23098,8.840428352355957,8.579537391662598,6.2654218673706055
04-03-2009,8.023898124694824,8.563605308532715,131557,8.58351993560791,8.36445140838623,6.149460792541504
05-03-2009,8.021906852722168,8.13542366027832,34145,8.16529655456543,8.025890350341797,5.900554656982422
06-03-2009,7.896440029144287,8.047797203063965,175242,8.310680389404297,8.035847663879395,5.90787410736084
09-03-2009,7.567837238311768,7.707243919372559,70800,8.115509033203125,7.960168838500977,5.852237224578857
10-03-2009,7.265122890472412,7.96614408493042,160178,7.96614408493042,7.5578789710998535,5.5564775466918945
11-03-2009,6.982325077056885,7.667413234710693,301275,7.667413234710693,7.267115116119385,5.342711925506592
12-03-2009,7.169528961181641,7.267115116119385,40672,7.70127010345459,7.677371025085449,5.644327163696289
13-03-2009,7.5379638671875,7.753049850463867,48706,7.753049850463867,7.74906587600708,5.697035789489746
16-03-2009,7.665421962738037,7.751058101654053,52221,7.866567134857178,7.866567134857178,5.783422946929932
17-03-2009,7.76898193359375,7.866567134857178,65276,7.884490966796875,7.83669376373291,5.761459827423096
18-03-2009,7.6713972091674805,7.780930995941162,43685,8.015932083129883,8.015932083129883,5.893233776092529
19-03-2009,7.866567134857178,8.001992225646973,97914,8.047797203063965,8.021906852722168,5.897626876831055
20-03-2009,7.824745178222656,8.035847663879395,32638,8.035847663879395,7.824745178222656,5.752676010131836
23-03-2009,8.015932083129883,8.045804977416992,27115,8.215085983276367,8.215085983276367,6.039649486541748
24-03-2009,8.011948585510254,8.16529655456543,12051,8.16529655456543,8.011948585510254,5.890305519104004
25-03-2009,7.890466213226318,7.994025230407715,40672,8.16529655456543,8.16529655456543,6.003045558929443
26-03-2009,8.16529655456543,8.16529655456543,34145,8.398306846618652,8.398306846618652,6.174351215362549
27-03-2009,7.946228981018066,8.31466293334961,46196,8.31466293334961,7.950212001800537,5.844919204711914
30-03-2009,7.844659805297852,7.9581780433654785,21591,8.015932083129883,7.856608867645264,5.7761006355285645
31-03-2009,7.844659805297852,7.844659805297852,37157,8.043813705444336,7.986059188842773,5.871270656585693
01-04-2009,7.846652030944824,8.019914627075195,106953,8.145381927490234,8.145381927490234,5.988404273986816
02-04-2009,8.185213088989258,8.258899688720703,36655,8.350509643554688,8.274831771850586,6.083573818206787
03-04-2009,8.32262897491455,8.338561058044434,21591,8.563605308532715,8.543688774108887,6.281234264373779
06-04-2009,8.344535827636719,8.543688774108887,57744,8.543688774108887,8.36445140838623,6.149460792541504
07-04-2009,8.32661247253418,8.32661247253418,15064,8.414238929748535,8.414238929748535,6.186066150665283
08-04-2009,8.372417449951172,8.41822338104248,26111,8.430171966552734,8.416231155395508,6.187530040740967
09-04-2009,8.563605308532715,8.563605308532715,39668,8.762758255004883,8.665172576904297,6.370548248291016
13-04-2009,8.436145782470703,8.693055152893066,40170,8.693055152893066,8.513815879821777,6.259274959564209
14-04-2009,8.404281616210938,8.41822338104248,22596,8.499876022338867,8.442120552062988,6.206563472747803
15-04-2009,8.4620361328125,8.4620361328125,40170,8.762758255004883,8.669156074523926,6.373478889465332
16-04-2009,8.66318130493164,8.73487663269043,14562,8.742842674255371,8.742842674255371,6.4276509284973145
17-04-2009,8.563605308532715,8.563605308532715,80842,8.742842674255371,8.563605308532715,6.2958784103393555
20-04-2009,8.5536470413208,8.563605308532715,84357,9.190938949584961,8.93602180480957,6.569677829742432
21-04-2009,8.971870422363281,8.971870422363281,22596,9.081403732299805,9.06148910522461,6.6619181632995605
22-04-2009,8.961912155151367,8.963903427124023,39166,9.2088623046875,9.16703987121582,6.73951530456543
23-04-2009,9.161065101623535,9.180980682373047,34647,9.36021900177002,9.36021900177002,6.881539344787598
24-04-2009,9.36021900177002,9.557380676269531,45693,9.557380676269531,9.525517463684082,7.003066062927246
27-04-2009,9.376151084899902,9.479710578918457,21089,9.559372901916504,9.539457321166992,7.0133137702941895
28-04-2009,8.886234283447266,9.121234893798828,39668,9.157081604003906,9.071446418762207,6.669238090515137
29-04-2009,9.091361999511719,9.111276626586914,43183,9.668907165527344,9.619118690490723,7.071883201599121
30-04-2009,9.619118690490723,9.708738327026367,18077,9.708738327026367,9.698780059814453,7.130446910858154
01-05-2009,9.58725357055664,9.698780059814453,19081,9.732636451721191,9.722679138183594,7.148019790649414
04-05-2009,9.722679138183594,9.756534576416016,63268,9.78043270111084,9.758525848388672,7.174373149871826
05-05-2009,9.854120254516602,9.854120254516602,10545,9.957679748535156,9.874034881591797,7.259294509887695
06-05-2009,9.770475387573242,9.87602710723877,49208,9.995518684387207,9.919840812683105,7.292969226837158
07-05-2009,9.887975692749023,10.075180053710938,59753,10.075180053710938,9.975604057312012,7.333966255187988
08-05-2009,9.860095024108887,9.959671020507812,75821,10.10704517364502,9.903907775878906,7.281253337860107
11-05-2009,9.852128028869629,9.885985374450684,22596,9.941747665405273,9.891959190368652,7.272471904754639
12-05-2009,9.947722434997559,9.957679748535156,42681,10.172765731811523,9.957679748535156,7.320786476135254
13-05-2009,9.746577262878418,9.925814628601074,15566,9.925814628601074,9.746577262878418,7.165586948394775
14-05-2009,9.652975082397461,9.907891273498535,28119,9.907891273498535,9.766491889953613,7.180229663848877
15-05-2009,9.65894889831543,9.758525848388672,21089,9.798357009887695,9.71272087097168,7.140693664550781
18-05-2009,9.678865432739258,9.698780059814453,12051,9.770475387573242,9.770475387573242,7.183155059814453
19-05-2009,9.758525848388672,9.891959190368652,22596,9.891959190368652,9.812297821044922,7.213906288146973
20-05-2009,9.660941123962402,9.788398742675781,30630,9.812297821044922,9.660941123962402,7.102624893188477
21-05-2009,9.36021900177002,9.62907600402832,37659,9.62907600402832,9.406023979187012,6.915215015411377
22-05-2009,9.419964790344238,9.419964790344238,23600,9.639034271240234,9.457803726196289,6.9532856941223145
26-05-2009,9.46377944946289,9.593229293823242,38162,9.802339553833008,9.714712142944336,7.142160892486572
27-05-2009,9.41000747680664,9.662933349609375,46196,9.674881935119629,9.45182991027832,6.948890209197998
28-05-2009,9.204878807067871,9.467761993408203,28119,9.467761993408203,9.439881324768066,6.940107822418213
29-05-2009,9.260642051696777,9.404032707214355,25106,9.65894889831543,9.342294692993164,6.8683624267578125
01-06-2009,9.322380065917969,9.559372901916504,64272,9.768484115600586,9.768484115600586,7.181689262390137
02-06-2009,9.80831527709961,9.80831527709961,11549,9.919840812683105,9.854120254516602,7.244653224945068
03-06-2009,9.654966354370117,9.866068840026855,18579,9.866068840026855,9.690814018249512,7.124589920043945
04-06-2009,9.623102188110352,9.738611221313477,27617,9.774458885192871,9.746577262878418,7.208250522613525
05-06-2009,9.627084732055664,9.850136756896973,25608,9.891959190368652,9.64500904083252,7.133136749267578
08-06-2009,9.5792875289917,9.589245796203613,17574,9.734627723693848,9.698780059814453,7.1728997230529785
09-06-2009,9.577296257019043,9.704754829406738,15064,9.704754829406738,9.625093460083008,7.118405818939209
10-06-2009,9.718695640563965,9.951704978942871,36153,9.957679748535156,9.81827163696289,7.261270999908447
11-06-2009,9.814289093017578,9.907891273498535,10545,10.01145076751709,9.814289093017578,7.258327007293701
12-06-2009,9.573312759399414,9.708738327026367,30128,9.71272087097168,9.621109962463379,7.1154584884643555
15-06-2009,9.346278190612793,9.54941463470459,25608,9.54941463470459,9.356236457824707,6.919567584991455
16-06-2009,9.175005912780762,9.33034610748291,13557,9.33034610748291,9.226785659790039,6.823828220367432
17-06-2009,9.021657943725586,9.218819618225098,19583,9.268608093261719,9.097335815429688,6.728092193603516
18-06-2009,9.06148910522461,9.06148910522461,9540,9.161065101623535,9.151107788085938,6.7678608894348145
19-06-2009,9.161065101623535,9.180980682373047,24102,9.459795951843262,9.459795951843262,6.99615478515625
22-06-2009,8.963903427124023,9.077421188354492,31634,9.240727424621582,8.963903427124023,6.629411220550537
23-06-2009,8.822504043579102,9.011699676513672,26111,9.083395957946777,8.822504043579102,6.524835586547852
24-06-2009,8.762758255004883,8.822504043579102,10043,8.934029579162598,8.81453800201416,6.518943786621094
25-06-2009,8.820512771606445,8.832462310791016,19583,9.011699676513672,8.989792823791504,6.648557662963867
26-06-2009,8.975852966308594,9.06148910522461,29123,9.097335815429688,9.097335815429688,6.728092193603516
29-06-2009,9.111276626586914,9.111276626586914,29123,9.33034610748291,9.328353881835938,6.898946762084961
30-06-2009,9.135175704956055,9.36021900177002,111974,9.376151084899902,9.200896263122559,6.804681301116943
01-07-2009,9.260642051696777,9.306447982788086,89880,9.483694076538086,9.340304374694824,6.907784461975098
02-07-2009,9.161065101623535,9.354244232177734,41676,9.354244232177734,9.190938949584961,6.797316551208496
06-07-2009,9.161065101623535,9.161065101623535,11549,9.334328651428223,9.180980682373047,6.789951801300049
07-07-2009,8.985810279846191,9.180980682373047,22094,9.180980682373047,9.011699676513672,6.664756774902344
08-07-2009,8.88224983215332,9.111276626586914,13055,9.111276626586914,8.999751091003418,6.65592098236084
09-07-2009,8.918098449707031,8.981826782226562,19583,9.005725860595703,8.961912155151367,6.627936840057373
10-07-2009,8.790639877319336,8.955937385559082,14562,8.973860740661621,8.810555458068848,6.515998840332031
13-07-2009,8.870301246643066,8.870301246643066,15064,9.011699676513672,8.975852966308594,6.638247013092041
14-07-2009,8.961912155151367,9.113268852233887,26111,9.151107788085938,9.111276626586914,6.738400936126709
15-07-2009,9.113268852233887,9.161065101623535,27115,9.304455757141113,9.244709968566895,6.837082862854004
16-07-2009,9.159073829650879,9.304455757141113,16570,9.304455757141113,9.246702194213867,6.838560104370117
17-07-2009,9.063480377197266,9.063480377197266,20587,9.260642051696777,9.125218391418457,6.748713493347168
20-07-2009,8.864327430725098,9.25068473815918,18077,9.25068473815918,9.021657943725586,6.67212438583374
21-07-2009,8.945980072021484,9.06148910522461,25608,9.12920093536377,9.053523063659668,6.695689678192139
22-07-2009,8.902166366577148,9.005725860595703,19081,9.043564796447754,9.011699676513672,6.664756774902344
23-07-2009,9.06148910522461,9.06148910522461,42179,9.31839656829834,9.240727424621582,6.834140300750732
24-07-2009,9.222803115844727,9.328353881835938,40672,9.364201545715332,9.284541130065918,6.866545677185059
27-07-2009,9.163057327270508,9.248693466186523,9540,9.248693466186523,9.230769157409668,6.826775074005127
28-07-2009,9.23276138305664,9.252676010131836,13055,9.306447982788086,9.282548904418945,6.86506986618042
29-07-2009,9.145133018493652,9.202887535095215,68791,9.294498443603516,9.256658554077148,6.845921516418457
30-07-2009,9.192930221557617,9.38411808013916,76323,9.475728034973145,9.36021900177002,6.922510623931885
31-07-2009,9.310430526733398,9.36021900177002,30128,9.441871643066406,9.33034610748291,6.90041971206665
03-08-2009,9.332338333129883,9.553398132324219,67787,9.601195335388184,9.525517463684082,7.04476261138916
04-08-2009,9.479710578918457,9.567338943481445,54732,9.65894889831543,9.557380676269531,7.0683274269104
05-08-2009,9.06148910522461,9.509584426879883,28119,9.509584426879883,9.111276626586914,6.738400936126709
06-08-2009,9.051530838012695,9.151107788085938,14060,9.151107788085938,9.091361999511719,6.723672389984131
07-08-2009,9.101319313049316,9.202887535095215,5021,9.202887535095215,9.107294082641602,6.735457897186279
10-08-2009,9.089369773864746,9.151107788085938,10545,9.173014640808105,9.173014640808105,6.784061431884766
11-08-2009,9.119242668151855,9.119242668151855,5523,9.192930221557617,9.192930221557617,6.798790454864502
12-08-2009,9.06148910522461,9.107294082641602,14060,9.200896263122559,9.190938949584961,6.797316551208496
13-08-2009,9.184964179992676,9.184964179992676,13055,9.302465438842773,9.302465438842773,6.879798412322998
14-08-2009,9.328353881835938,9.36021900177002,27617,9.447847366333008,9.429923057556152,6.974064826965332
17-08-2009,9.184964179992676,9.404032707214355,23098,9.404032707214355,9.19492244720459,6.800262928009033
18-08-2009,9.131192207336426,9.182971954345703,9540,9.302465438842773,9.198904991149902,6.8032097816467285
19-08-2009,9.123226165771484,9.260642051696777,17072,9.260642051696777,9.135175704956055,6.756077289581299
20-08-2009,9.210853576660156,9.23276138305664,25608,9.334328651428223,9.258650779724121,6.847394943237305
21-08-2009,9.320387840270996,9.348270416259766,9540,9.507593154907227,9.505600929260254,7.030033111572266
24-08-2009,9.503609657287598,9.51954174041748,20085,9.609161376953125,9.515559196472168,7.037398815155029
25-08-2009,9.509584426879883,9.603185653686523,43685,9.662933349609375,9.631068229675293,7.122821807861328
26-08-2009,9.39805793762207,9.631068229675293,87872,9.654966354370117,9.439881324768066,6.981425762176514
27-08-2009,9.067462921142578,9.067462921142578,40170,9.511575698852539,9.511575698852539,7.034451961517334
28-08-2009,9.380133628845215,9.380133628845215,64272,9.611152648925781,9.601195335388184,7.100728511810303
31-08-2009,9.380133628845215,9.56136417388916,34145,9.617127418518066,9.599203109741211,7.0992560386657715
01-09-2009,9.3004732131958,9.738611221313477,94902,9.738611221313477,9.509584426879883,7.032977104187012
02-09-2009,9.609161376953125,9.718695640563965,66783,10.152850151062012,9.882000923156738,7.308403491973877
03-09-2009,9.559372901916504,9.919840812683105,31634,9.919840812683105,9.639034271240234,7.170335292816162
04-09-2009,9.5792875289917,9.688822746276855,85361,9.694796562194824,9.694796562194824,7.211812496185303
08-09-2009,9.736618995666504,9.80433177947998,18077,9.850136756896973,9.7784423828125,7.2740349769592285
09-09-2009,9.698780059814453,9.770475387573242,22094,9.882000923156738,9.734627723693848,7.2414398193359375
10-09-2009,9.758525848388672,9.758525848388672,24102,10.007468223571777,9.995518684387207,7.43551778793335
11-09-2009,9.971620559692383,9.995518684387207,26111,10.099079132080078,10.029375076293945,7.460697174072266
14-09-2009,9.957679748535156,10.0472993850708,30630,10.441622734069824,10.415733337402344,7.748103141784668
15-09-2009,10.240477561950684,10.45556354522705,23098,10.45556354522705,10.30819034576416,7.668103218078613
16-09-2009,10.218570709228516,10.218570709228516,30128,10.45556354522705,10.425690650939941,7.755513668060303
17-09-2009,10.316156387329102,10.425690650939941,13557,10.439632415771484,10.355986595153809,7.7036614418029785
18-09-2009,10.252427101135254,10.399801254272461,62264,10.598954200744629,10.40577507019043,7.740699291229248
21-09-2009,10.013442993164062,10.013442993164062,17072,10.336071968078613,10.336071968078613,7.688846588134766
22-09-2009,10.330097198486328,10.355986595153809,24604,10.40577507019043,10.385860443115234,7.7258830070495605
23-09-2009,10.262385368347168,10.322131156921387,10545,10.395817756652832,10.316156387329102,7.674030303955078
24-09-2009,10.262385368347168,10.316156387329102,25608,10.348020553588867,10.342045783996582,7.693292140960693
25-09-2009,10.168783187866211,10.324122428894043,21591,10.328105926513672,10.22852897644043,7.608848571777344
28-09-2009,10.091113090515137,10.097086906433105,16068,10.451581001281738,10.236495018005371,7.614770889282227
29-09-2009,10.156832695007324,10.312172889709473,23600,10.312172889709473,10.226536750793457,7.607367038726807
30-09-2009,9.925814628601074,10.17475700378418,5021,10.17475700378418,10.170774459838867,7.565885543823242
01-10-2009,10.03933334350586,10.294248580932617,88374,10.316156387329102,10.240477561950684,7.617736339569092
02-10-2009,10.113019943237305,10.236495018005371,33642,10.3261137008667,10.156832695007324,7.55551815032959
05-10-2009,10.051281929016113,10.07717227935791,29625,10.154842376708984,10.152850151062012,7.552550792694092
06-10-2009,10.156832695007324,10.156832695007324,29625,10.346029281616211,10.346029281616211,7.696254253387451
07-10-2009,10.156832695007324,10.350011825561523,8536,10.350011825561523,10.238486289978027,7.616255283355713
08-10-2009,10.111027717590332,10.238486289978027,68289,10.365944862365723,10.365944862365723,7.711071014404297
09-10-2009,10.200647354125977,10.256409645080566,25608,10.30819034576416,10.232512474060059,7.6118083000183105
12-10-2009,10.246453285217285,10.246453285217285,14060,10.40577507019043,10.403783798217773,7.739218235015869
13-10-2009,10.37590217590332,10.403783798217773,14562,10.465521812438965,10.465521812438965,7.785140514373779
14-10-2009,10.306199073791504,10.441622734069824,19081,10.545183181762695,10.451581001281738,7.774772644042969
15-10-2009,10.276326179504395,10.415733337402344,12051,10.55514144897461,10.55514144897461,7.851806640625
16-10-2009,10.250435829162598,10.614887237548828,16570,10.614887237548828,10.250435829162598,7.625146865844727
19-10-2009,10.352004051208496,10.352004051208496,19583,10.535224914550781,10.423699378967285,7.754033088684082
20-10-2009,10.371918678283691,10.421708106994629,7030,10.437640190124512,10.379884719848633,7.721439361572266
21-10-2009,10.316156387329102,10.316156387329102,25608,10.529251098632812,10.316156387329102,7.674030303955078
22-10-2009,10.242469787597656,10.300224304199219,36655,10.353996276855469,10.340055465698242,7.691813945770264
23-10-2009,10.10306167602539,10.346029281616211,13055,10.346029281616211,10.10306167602539,7.5155181884765625
26-10-2009,9.969629287719727,10.01145076751709,33642,10.3261137008667,10.003484725952148,7.441440105438232
27-10-2009,10.007468223571777,10.007468223571777,36655,10.156832695007324,10.10704517364502,7.5184760093688965
28-10-2009,9.957679748535156,10.063231468200684,13055,10.164799690246582,10.051281929016113,7.476996898651123
29-10-2009,9.676873207092285,9.933780670166016,31634,10.156832695007324,10.136918067932129,7.540699005126953
30-10-2009,10.07717227935791,10.150858879089355,15566,10.3261137008667,10.190690040588379,7.580697536468506
02-11-2009,10.176749229431152,10.248443603515625,11549,10.330097198486328,10.300224304199219,7.662177562713623
03-11-2009,10.09509563446045,10.346029281616211,8536,10.346029281616211,10.166790962219238,7.562923908233643
04-11-2009,10.057256698608398,10.178739547729492,29625,10.276326179504395,10.166790962219238,7.562923908233643
05-11-2009,10.224546432495117,10.240477561950684,23098,10.318147659301758,10.30819034576416,7.668103218078613
06-11-2009,10.260393142700195,10.260393142700195,15064,10.383869171142578,10.33407974243164,7.687364101409912
09-11-2009,10.357978820800781,10.55514144897461,21089,10.55514144897461,10.519292831420898,7.825145244598389
10-11-2009,10.531242370605469,10.531242370605469,14060,10.61886978149414,10.606921195983887,7.890328884124756
11-11-2009,10.612895011901855,10.654717445373535,19583,10.672640800476074,10.654717445373535,7.925880432128906
12-11-2009,10.567090034484863,10.66069221496582,23098,10.694547653198242,10.573063850402832,7.865140914916992
13-11-2009,10.616877555847168,10.632810592651367,14060,10.730396270751953,10.72840404510498,7.9806952476501465
16-11-2009,10.694547653198242,10.71446418762207,9038,10.754294395446777,10.746328353881836,7.9940290451049805
17-11-2009,10.425690650939941,10.64874267578125,35149,10.784167289733887,10.780183792114258,8.019213676452637
18-11-2009,10.694547653198242,10.756285667419434,4519,10.756285667419434,10.694547653198242,7.955511569976807
19-11-2009,10.503360748291016,10.620861053466797,6528,10.620861053466797,10.587004661560059,7.875515937805176
20-11-2009,10.579038619995117,10.579038619995117,15064,10.654717445373535,10.632810592651367,7.909587860107422
23-11-2009,10.642767906188965,10.642767906188965,12553,10.84192180633545,10.818022727966309,8.047364234924316
24-11-2009,10.587004661560059,10.768235206604004,30630,10.833955764770508,10.740352630615234,7.989587783813477
25-11-2009,10.654717445373535,10.742344856262207,14562,10.746328353881836,10.654717445373535,7.925880432128906
27-11-2009,10.477471351623535,10.477471351623535,502,10.477471351623535,10.477471351623535,7.794029712677002
30-11-2009,10.515310287475586,10.587004661560059,10043,10.664674758911133,10.654717445373535,7.925880432128906
01-12-2009,10.694547653198242,10.742344856262207,14562,10.810056686401367,10.694547653198242,7.955511569976807
02-12-2009,10.62285327911377,10.726412773132324,8034,10.726412773132324,10.700523376464844,7.959956645965576
03-12-2009,10.579038619995117,10.579038619995117,12051,10.700523376464844,10.700523376464844,8.004650115966797
04-12-2009,10.712471961975098,10.712471961975098,13557,10.943490028381348,10.943490028381348,8.186403274536133
07-12-2009,10.887726783752441,10.90963363647461,11549,10.991287231445312,10.991287231445312,8.222159385681152
08-12-2009,10.829973220825195,11.055015563964844,44689,11.501119613647461,10.903658866882324,8.156608581542969
09-12-2009,10.754294395446777,10.937516212463379,11047,10.937516212463379,10.877769470214844,8.13724422454834
10-12-2009,10.804082870483398,10.827980995178223,14562,10.953448295593262,10.933531761169434,8.178955078125
11-12-2009,10.877769470214844,10.919591903686523,9540,11.15260124206543,11.090864181518555,8.296651840209961
14-12-2009,11.088871955871582,11.092855453491211,19081,11.236246109008789,11.088871955871582,8.295159339904785
15-12-2009,11.082898139953613,11.082898139953613,27617,11.216330528259277,11.144635200500488,8.336874008178711
16-12-2009,11.062981605529785,11.162558555603027,17072,11.252178192138672,11.106796264648438,8.30856990814209
17-12-2009,10.935523986816406,11.003235816955566,10043,11.053025245666504,10.935523986816406,8.180445671081543
18-12-2009,10.869803428649902,10.877769470214844,52723,11.003235816955566,10.903658866882324,8.156608581542969
21-12-2009,10.89171028137207,10.925565719604492,20085,10.933531761169434,10.89171028137207,8.14767074584961
22-12-2009,10.851880073547363,10.95942211151123,30630,11.031118392944336,10.953448295593262,8.193853378295898
23-12-2009,10.875778198242188,10.991287231445312,36153,11.053025245666504,11.033108711242676,8.253443717956543
24-12-2009,10.981328964233398,10.981328964233398,28621,11.158576011657715,11.100822448730469,8.304098129272461
28-12-2009,11.116753578186035,11.341796875,28621,11.341796875,11.154593467712402,8.34432315826416
29-12-2009,11.162558555603027,11.192432403564453,22596,11.30395793914795,11.266119003295898,8.427750587463379
30-12-2009,11.222305297851562,11.280059814453125,19081,11.349763870239258,11.252178192138672,8.417320251464844
31-12-2009,11.212347984313965,11.260144233703613,39166,11.272093772888184,11.220314025878906,8.393484115600586
04-01-2010,11.24421215057373,11.301966667175293,53727,11.317898750305176,11.292009353637695,8.447117805480957
05-01-2010,11.104804992675781,11.333830833435059,36655,11.333830833435059,11.166542053222656,8.353259086608887
06-01-2010,11.190441131591797,11.20836353302002,11549,11.266119003295898,11.252178192138672,8.417320251464844
07-01-2010,11.186457633972168,11.305950164794922,18077,11.305950164794922,11.20238971710205,8.38007640838623
08-01-2010,11.011201858520508,11.186457633972168,36153,11.186457633972168,11.15260124206543,8.342833518981934
11-01-2010,11.066965103149414,11.142643928527832,100425,11.305950164794922,11.13467788696289,8.329424858093262
12-01-2010,11.114762306213379,11.114762306213379,28621,11.214339256286621,11.20637321472168,8.383060455322266
13-01-2010,11.254170417785645,11.254170417785645,20085,11.49315357208252,11.49116325378418,8.596100807189941
14-01-2010,11.323874473571777,11.43739128112793,19081,11.43739128112793,11.393576622009277,8.52309799194336
15-01-2010,10.995269775390625,11.309932708740234,47200,11.351755142211914,11.17849063873291,8.362199783325195
19-01-2010,11.08090591430664,11.17650032043457,17072,11.210355758666992,11.19442367553711,8.374117851257324
20-01-2010,10.911625862121582,11.124719619750977,28621,11.124719619750977,11.070947647094727,8.28175163269043
21-01-2010,10.887726783752441,11.124719619750977,14562,11.15260124206543,10.953448295593262,8.193853378295898
22-01-2010,10.796116828918457,10.889719009399414,7532,10.931541442871094,10.796116828918457,8.076160430908203
25-01-2010,10.736370086669922,10.810056686401367,7030,10.810056686401367,10.736370086669922,8.031465530395508
26-01-2010,10.636794090270996,10.754294395446777,13055,10.754294395446777,10.732386589050293,8.028487205505371
27-01-2010,10.55514144897461,10.61886978149414,46698,10.668658256530762,10.668658256530762,7.980814456939697
28-01-2010,10.612895011901855,10.702513694763184,25106,10.766242980957031,10.702513694763184,8.006139755249023
29-01-2010,10.61886978149414,10.69056510925293,25106,10.710479736328125,10.632810592651367,7.95399808883667
01-02-2010,10.666666984558105,10.937516212463379,8034,10.937516212463379,10.692557334899902,7.998692035675049
02-02-2010,10.668658256530762,10.718446731567383,8536,10.754294395446777,10.754294395446777,8.044877052307129
03-02-2010,10.708489418029785,10.730396270751953,14562,10.754294395446777,10.710479736328125,8.01209831237793
04-02-2010,10.409758567810059,10.646751403808594,50715,10.646751403808594,10.409758567810059,7.787140846252441
05-02-2010,10.26636791229248,10.36395263671875,22094,10.36395263671875,10.3261137008667,7.724571228027344
08-02-2010,10.383869171142578,10.403783798217773,7532,10.481453895568848,10.397809028625488,7.778203010559082
09-02-2010,10.563106536865234,10.567090034484863,13055,10.72840404510498,10.652726173400879,7.968895435333252
10-02-2010,10.52725887298584,10.583022117614746,8536,10.656708717346191,10.656708717346191,7.9718756675720215
11-02-2010,10.431665420532227,10.644760131835938,15064,10.644760131835938,10.58103084564209,7.9152655601501465
12-02-2010,10.515310287475586,10.515310287475586,9540,10.632810592651367,10.616877555847168,7.942080020904541
16-02-2010,10.6109037399292,10.71446418762207,6026,10.71446418762207,10.654717445373535,7.970383167266846
17-02-2010,10.704505920410156,10.704505920410156,29123,10.818022727966309,10.814040184020996,8.089567184448242
18-02-2010,10.90764331817627,10.953448295593262,26111,11.078914642333984,10.955438613891602,8.195341110229492
19-02-2010,10.935523986816406,10.935523986816406,20587,11.058999061584473,11.053025245666504,8.268346786499023
22-02-2010,10.98929500579834,11.066965103149414,7532,11.066965103149414,11.053025245666504,8.268346786499023
23-02-2010,10.857853889465332,10.953448295593262,10545,10.953448295593262,10.94747257232666,8.189383506774902
24-02-2010,10.953448295593262,11.047050476074219,6528,11.124719619750977,11.114762306213379,8.314532279968262
25-02-2010,10.877769470214844,11.092855453491211,30630,11.104804992675781,11.104804992675781,8.307080268859863
26-02-2010,10.94747257232666,10.973362922668457,6026,10.981328964233398,10.94747257232666,8.189383506774902
01-03-2010,11.060991287231445,11.158576011657715,13557,11.270101547241211,11.168534278869629,8.354751586914062
02-03-2010,11.15260124206543,11.15260124206543,29625,11.272093772888184,11.228280067443848,8.399442672729492
03-03-2010,11.146627426147461,11.252178192138672,166203,11.566841125488281,11.325864791870117,8.472442626953125
04-03-2010,11.295991897583008,11.295991897583008,14562,11.513069152832031,11.453323364257812,8.613228797912598
05-03-2010,11.548916816711426,11.564848899841309,7030,11.600696563720703,11.594721794128418,8.719563484191895
08-03-2010,11.548916816711426,11.576799392700195,14562,11.634552955627441,11.616628646850586,8.736041069030762
09-03-2010,11.55887508392334,11.642518997192383,34145,11.650485038757324,11.606672286987305,8.728550910949707
10-03-2010,11.305950164794922,11.52900218963623,10545,11.52900218963623,11.401542663574219,8.574288368225098
11-03-2010,11.351755142211914,11.361713409423828,8536,11.465272903442383,11.43739128112793,8.601244926452637
12-03-2010,11.497137069702148,11.497137069702148,22596,11.594721794128418,11.580781936645508,8.709084510803223
15-03-2010,11.42544174194336,11.580781936645508,9038,11.580781936645508,11.4334077835083,8.59825325012207
16-03-2010,11.451332092285156,11.451332092285156,13557,11.600696563720703,11.566841125488281,8.69859790802002
17-03-2010,11.600696563720703,11.600696563720703,20587,11.81578254699707,11.81578254699707,8.885804176330566
18-03-2010,11.793875694274902,11.793875694274902,24102,12.070699691772461,11.969131469726562,9.001130104064941
19-03-2010,11.89942741394043,11.89942741394043,6528,11.989047050476074,11.89942741394043,8.948712348937988
22-03-2010,11.885486602783203,12.028877258300781,49208,12.120488166809082,12.092605590820312,9.093985557556152
23-03-2010,11.989047050476074,12.070699691772461,11047,12.072690963745117,12.028877258300781,9.046062469482422
24-03-2010,11.999004364013672,12.040825843811035,5021,12.042818069458008,12.042818069458008,9.056546211242676
25-03-2010,11.969131469726562,11.969131469726562,6026,12.05875015258789,12.024893760681152,9.043065071105957
26-03-2010,11.95518970489502,12.048792839050293,3515,12.048792839050293,11.95518970489502,8.990645408630371
29-03-2010,11.99103832244873,11.99103832244873,10043,12.174259185791016,12.17226791381836,9.153899192810059
30-03-2010,12.327608108520508,12.327608108520508,10545,12.405278205871582,12.367438316345215,9.300667762756348
31-03-2010,12.269852638244629,12.27781867980957,32638,12.50684642791748,12.50684642791748,9.405505180358887
01-04-2010,12.397311210632324,12.469006538391113,43685,12.556633949279785,12.556633949279785,9.442947387695312
05-04-2010,12.546676635742188,12.638286590576172,22596,12.676125526428223,12.620363235473633,9.490878105163574
06-04-2010,12.325615882873535,12.620363235473633,40672,12.620363235473633,12.433158874511719,9.350090980529785
07-04-2010,12.329599380493164,12.423200607299805,8034,12.423200607299805,12.329599380493164,9.272217750549316
08-04-2010,12.329599380493164,12.329599380493164,14562,12.357481002807617,12.34354019165039,9.282700538635254
09-04-2010,12.345531463623047,12.40328598022461,64272,12.415234565734863,12.349514961242676,9.287190437316895
12-04-2010,12.359472274780273,12.409260749816895,36153,12.476972579956055,12.397311210632324,9.323134422302246
13-04-2010,12.327608108520508,12.377395629882812,58247,12.429176330566406,12.347522735595703,9.285690307617188
14-04-2010,12.182226181030273,12.325615882873535,17574,12.325615882873535,12.230022430419922,9.1973295211792
15-04-2010,12.032859802246094,12.148368835449219,41676,12.196166038513184,12.196166038513184,9.171862602233887
16-04-2010,11.987054824829102,12.154343605041504,35149,12.178241729736328,11.99103832244873,9.017602920532227
19-04-2010,11.963156700134277,12.014937400817871,20085,12.082649230957031,12.082649230957031,9.086502075195312
20-04-2010,11.999004364013672,11.999004364013672,15064,12.136420249938965,12.136420249938965,9.126934051513672
21-04-2010,12.106547355651855,12.14239501953125,5021,12.17226791381836,12.166293144226074,9.149405479431152
22-04-2010,11.744088172912598,12.156335830688477,23098,12.17226791381836,12.122479438781738,9.11645221710205
23-04-2010,12.144386291503906,12.144386291503906,2009,12.17226791381836,12.17226791381836,9.153899192810059
26-04-2010,12.214090347290039,12.214090347290039,11047,12.291760444641113,12.228031158447266,9.195833206176758
27-04-2010,11.873537063598633,12.218072891235352,54732,12.25192928314209,11.951207160949707,8.987650871276855
28-04-2010,11.758028030395508,11.909384727478027,34145,11.909384727478027,11.863579750061035,8.9217529296875
29-04-2010,11.905402183532715,11.905402183532715,13557,12.080657005310059,12.040825843811035,9.055046081542969
30-04-2010,11.95518970489502,12.106547355651855,17574,12.164301872253418,11.95518970489502,8.990645408630371
03-05-2010,11.917350769042969,12.084639549255371,28621,12.084639549255371,11.977096557617188,9.007121086120605
04-05-2010,11.421459197998047,11.829724311828613,28621,11.829724311828613,11.580781936645508,8.709084510803223
05-05-2010,11.5349760055542,11.550909042358398,17072,11.670400619506836,11.670400619506836,8.776472091674805
06-05-2010,11.025142669677734,11.550909042358398,42681,11.791884422302246,11.550909042358398,8.686614036560059
07-05-2010,11.236246109008789,11.550909042358398,27115,11.550909042358398,11.307941436767578,8.503896713256836
10-05-2010,11.401542663574219,11.401542663574219,51217,11.732137680053711,11.672391891479492,8.777973175048828
11-05-2010,11.650485038757324,11.650485038757324,96910,11.750061988830566,11.730147361755371,8.821410179138184
12-05-2010,11.734129905700684,11.734129905700684,57744,12.00896167755127,11.973114013671875,9.00412654876709
13-05-2010,11.94921588897705,11.959174156188965,15064,12.038834571838379,11.97908878326416,9.008618354797363
14-05-2010,11.620612144470215,11.879511833190918,16068,11.879511833190918,11.65645980834961,8.76599407196045
17-05-2010,11.648493766784668,11.74807071685791,13055,11.809807777404785,11.779934883117676,8.858851432800293
18-05-2010,11.78989315032959,11.879511833190918,20587,12.084639549255371,11.795867919921875,8.870831489562988
19-05-2010,11.628579139709473,11.787900924682617,10545,11.787900924682617,11.740104675292969,8.828898429870605
20-05-2010,11.238237380981445,11.594721794128418,17072,11.594721794128418,11.248194694519043,8.458968162536621
21-05-2010,11.130695343017578,11.17849063873291,17072,11.331839561462402,11.331839561462402,8.521867752075195
24-05-2010,11.238237380981445,11.305950164794922,18077,11.391586303710938,11.292009353637695,8.491913795471191
25-05-2010,10.8797607421875,10.915609359741211,98919,11.029126167297363,11.023152351379395,8.289729118347168
26-05-2010,11.12272834777832,11.12272834777832,7532,11.190441131591797,11.128703117370605,8.369100570678711
27-05-2010,11.15260124206543,11.15260124206543,29123,11.46129035949707,11.411500930786133,8.58177661895752
28-05-2010,11.317898750305176,11.411500930786133,15566,11.449339866638184,11.317898750305176,8.51137924194336
01-06-2010,11.19442367553711,11.353747367858887,42681,11.421459197998047,11.258152961730957,8.466456413269043
02-06-2010,11.299975395202637,11.345780372619629,19081,11.574807167053223,11.521036148071289,8.664149284362793
03-06-2010,11.525018692016602,11.560866355895996,10043,11.680357933044434,11.634552955627441,8.795129776000977
04-06-2010,11.361713409423828,11.5349760055542,18077,11.550909042358398,11.361713409423828,8.588874816894531
07-06-2010,11.32785701751709,11.46129035949707,19583,11.46129035949707,11.353747367858887,8.582854270935059
08-06-2010,11.254170417785645,11.254170417785645,42681,11.576799392700195,11.550909042358398,8.731898307800293
09-06-2010,11.401542663574219,11.650485038757324,54230,11.758028030395508,11.758028030395508,8.888467788696289
10-06-2010,11.767986297607422,11.78989315032959,52221,12.036843299865723,11.951207160949707,9.034502983093262
11-06-2010,11.738113403320312,11.744088172912598,22094,11.903410911560059,11.903410911560059,8.998370170593262
14-06-2010,11.969131469726562,11.973114013671875,20085,12.108538627624512,11.971122741699219,9.049559593200684
15-06-2010,11.600696563720703,11.600696563720703,82851,12.084639549255371,12.078665733337402,9.130854606628418
16-06-2010,11.983072280883789,11.983072280883789,17574,12.078665733337402,12.078665733337402,9.130854606628418
17-06-2010,11.94921588897705,12.084639549255371,35651,12.10057258605957,12.05078411102295,9.10977554321289
18-06-2010,11.961165428161621,12.064724922180176,24604,12.07468318939209,12.002986907958984,9.073644638061523
21-06-2010,12.05875015258789,12.102563858032227,32638,12.241971969604492,12.05875015258789,9.115801811218262
22-06-2010,12.026885986328125,12.10057258605957,45191,12.202140808105469,12.032859802246094,9.096229553222656
23-06-2010,11.885486602783203,12.086631774902344,14060,12.086631774902344,11.959174156188965,9.04052448272705
24-06-2010,11.88747787475586,11.88747787475586,3515,11.985062599182129,11.94921588897705,9.032997131347656
25-06-2010,11.775952339172363,11.913368225097656,23098,12.04481029510498,11.785909652709961,8.909547805786133
28-06-2010,11.807817459106445,11.907394409179688,2009,11.907394409179688,11.879511833190918,8.980304718017578
29-06-2010,11.550909042358398,11.769977569580078,21591,11.779934883117676,11.682350158691406,8.83126163482666
30-06-2010,11.499129295349121,11.696290969848633,24102,11.696290969848633,11.590739250183105,8.762009620666504
01-07-2010,11.264126777648926,11.94921588897705,38664,11.94921588897705,11.590739250183105,8.762009620666504
02-07-2010,11.560866355895996,11.560866355895996,23600,11.889470100402832,11.716205596923828,8.856854438781738
06-07-2010,11.799851417541504,11.849638938903809,27115,11.95319938659668,11.855613708496094,8.962236404418945
07-07-2010,11.879511833190918,11.969131469726562,22596,12.048792839050293,12.028877258300781,9.093217849731445
08-07-2010,12.116504669189453,12.128454208374023,84859,12.347522735595703,12.347522735595703,9.33409595489502
09-07-2010,12.182226181030273,12.30769157409668,25106,12.30769157409668,12.27781867980957,9.28140640258789
12-07-2010,12.102563858032227,12.208115577697754,12553,12.208115577697754,12.164301872253418,9.195590019226074
13-07-2010,12.198158264160156,12.27781867980957,18579,12.27781867980957,12.208115577697754,9.228713989257812
14-07-2010,12.14239501953125,12.208115577697754,56740,12.377395629882812,12.33557415008545,9.325061798095703
15-07-2010,12.271844863891602,12.383371353149414,71804,12.44112491607666,12.427184104919434,9.394318580627441
16-07-2010,12.186208724975586,12.347522735595703,14562,12.347522735595703,12.216081619262695,9.234734535217285
19-07-2010,12.170275688171387,12.208115577697754,33642,12.220065116882324,12.220065116882324,9.23774242401123
20-07-2010,12.148368835449219,12.166293144226074,118502,12.520787239074707,12.498880386352539,9.448514938354492
21-07-2010,12.224047660827637,12.490914344787598,146118,12.558626174926758,12.315657615661621,9.310009956359863
22-07-2010,12.415234565734863,12.415234565734863,35149,12.5665922164917,12.534727096557617,9.475615501403809
23-07-2010,12.528753280639648,12.560617446899414,127038,12.825491905212402,12.745829582214355,9.635198593139648
26-07-2010,12.67214298248291,12.707990646362305,98417,12.871296882629395,12.871296882629395,9.730042457580566
27-07-2010,12.883246421813965,12.897187232971191,76323,12.970873832702637,12.941000938415527,9.782737731933594
28-07-2010,12.79163646697998,12.931042671203613,58749,12.931042671203613,12.795619010925293,9.672834396362305
29-07-2010,12.664176940917969,12.785660743713379,38664,12.811551094055176,12.717948913574219,9.614118576049805
30-07-2010,12.578540802001953,12.596465110778809,63770,12.775703430175781,12.76773738861084,9.65175724029541
02-08-2010,12.901169776916504,12.937018394470215,18579,13.03659439086914,12.974857330322266,9.808330535888672
03-08-2010,12.937018394470215,12.970873832702637,55234,13.026637077331543,12.974857330322266,9.808330535888672
04-08-2010,12.931042671203613,12.984814643859863,69293,13.05451774597168,12.994771957397461,9.823384284973145
05-08-2010,12.656210899353027,12.899177551269531,90383,12.899177551269531,12.698033332824707,9.599064826965332
06-08-2010,12.30570125579834,12.666169166564941,135072,12.666169166564941,12.463031768798828,9.421417236328125
09-08-2010,12.447099685668945,12.447099685668945,30630,12.59248161315918,12.522777557373047,9.466580390930176
10-08-2010,12.397311210632324,12.397311210632324,34145,12.606423377990723,12.590490341186523,9.517767906188965
11-08-2010,12.28976821899414,12.467015266418457,9038,12.467015266418457,12.329599380493164,9.320549964904785
12-08-2010,12.092605590820312,12.166293144226074,42681,12.21010684967041,12.17226791381836,9.201617240905762
13-08-2010,12.148368835449219,12.17226791381836,41174,12.241971969604492,12.226038932800293,9.242259979248047
16-08-2010,12.056758880615234,12.134428977966309,23098,12.14239501953125,12.108538627624512,9.153437614440918
17-08-2010,12.154343605041504,12.1802339553833,58247,12.522777557373047,12.478963851928711,9.43345832824707
18-08-2010,12.297735214233398,12.379387855529785,29123,12.451083183288574,12.431167602539062,9.397326469421387
19-08-2010,12.148368835449219,12.148368835449219,12553,12.273836135864258,12.273836135864258,9.27839469909668
20-08-2010,12.11252212524414,12.267862319946289,10043,12.267862319946289,12.216081619262695,9.234734535217285
23-08-2010,12.194174766540527,12.198158264160156,23098,12.353498458862305,12.224047660827637,9.24075698852539
24-08-2010,12.170275688171387,12.170275688171387,11549,12.347522735595703,12.30769157409668,9.303990364074707
25-08-2010,12.188199996948242,12.291760444641113,10043,12.329599380493164,12.29375171661377,9.293447494506836
26-08-2010,12.218072891235352,12.321633338928223,10545,12.323624610900879,12.241971969604492,9.254305839538574
27-08-2010,12.206124305725098,12.224047660827637,17072,12.349514961242676,12.33557415008545,9.325061798095703
30-08-2010,12.146377563476562,12.353498458862305,12051,12.363454818725586,12.146377563476562,9.18204402923584
31-08-2010,12.068708419799805,12.114513397216797,9038,12.178241729736328,12.164301872253418,9.195590019226074
01-09-2010,10.897685050964355,12.285784721374512,134067,12.285784721374512,11.612646102905273,8.778565406799316
02-09-2010,11.405527114868164,11.634552955627441,38162,11.716205596923828,11.630570411682129,8.837586402893066
03-09-2010,11.765995025634766,11.767986297607422,7030,11.831714630126953,11.831714630126953,8.990427017211914
07-09-2010,11.678366661071777,11.750061988830566,53225,11.897436141967773,11.847646713256836,9.002532005310059
08-09-2010,11.785909652709961,11.937267303466797,76323,11.959174156188965,11.831714630126953,8.990427017211914
09-09-2010,11.863579750061035,12.038834571838379,24604,12.038834571838379,11.877520561218262,9.025235176086426
10-09-2010,11.823748588562012,11.88150405883789,37659,11.89942741394043,11.843664169311523,8.99950885772705
13-09-2010,11.7181978225708,12.022903442382812,15566,12.022903442382812,11.720189094543457,8.905684471130371
14-09-2010,11.73612117767334,11.781927108764648,21591,12.070699691772461,12.070699691772461,9.172019004821777
15-09-2010,11.987054824829102,12.140402793884277,9038,12.140402793884277,12.024893760681152,9.137215614318848
16-09-2010,11.919342994689941,11.919342994689941,23098,12.124470710754395,12.122479438781738,9.211366653442383
17-09-2010,12.154343605041504,12.188199996948242,30630,12.327608108520508,12.327608108520508,9.36723804473877
20-09-2010,12.230022430419922,12.299725532531738,60255,12.30769157409668,12.265870094299316,9.32032299041748
21-09-2010,12.186208724975586,12.287776947021484,20587,12.36146354675293,12.206124305725098,9.274927139282227
22-09-2010,12.156335830688477,12.156335830688477,6528,12.204132080078125,12.170275688171387,9.247685432434082
23-09-2010,12.004979133605957,12.07468318939209,86868,12.176251411437988,12.128454208374023,9.215906143188477
24-09-2010,12.036843299865723,12.036843299865723,27115,12.365447044372559,12.365447044372559,9.395986557006836
27-09-2010,12.148368835449219,12.148368835449219,22094,12.347522735595703,12.216081619262695,9.282491683959961
28-09-2010,12.146377563476562,12.146377563476562,5523,12.357481002807617,12.357481002807617,9.389937400817871
29-09-2010,12.214090347290039,12.283794403076172,13055,12.283794403076172,12.257904052734375,9.3142728805542
30-09-2010,12.168285369873047,12.311675071716309,15064,12.311675071716309,12.259895324707031,9.31578254699707
01-10-2010,12.279810905456543,12.387353897094727,26111,12.387353897094727,12.3734130859375,9.402039527893066
04-10-2010,12.255911827087402,12.447099685668945,7030,12.447099685668945,12.2818021774292,9.332429885864258
05-10-2010,12.381379127502441,12.381379127502441,8536,12.445108413696289,12.423200607299805,9.439871788024902
06-10-2010,12.297735214233398,12.377395629882812,17574,12.399303436279297,12.347522735595703,9.382366180419922
07-10-2010,12.150361061096191,12.247945785522461,10043,12.247945785522461,12.170275688171387,9.247685432434082
08-10-2010,12.130446434020996,12.33159065246582,23098,12.33159065246582,12.194174766540527,9.265846252441406
11-10-2010,12.088623046875,12.287776947021484,29625,12.287776947021484,12.1802339553833,9.255253791809082
12-10-2010,12.092605590820312,12.190192222595215,12051,12.267862319946289,12.267862319946289,9.321837425231934
13-10-2010,12.297735214233398,12.333581924438477,16068,12.401293754577637,12.3734130859375,9.402039527893066
14-10-2010,12.347522735595703,12.347522735595703,10545,12.447099685668945,12.355488777160645,9.388422966003418
15-10-2010,12.301717758178711,12.41125202178955,57744,12.463031768798828,12.463031768798828,9.47014045715332
18-10-2010,12.355488777160645,12.355488777160645,33642,12.469006538391113,12.4650239944458,9.471649169921875
19-10-2010,12.33557415008545,12.4650239944458,7030,12.4650239944458,12.347522735595703,9.382366180419922
20-10-2010,12.391337394714355,12.391337394714355,9540,12.578540802001953,12.526761054992676,9.518563270568848
21-10-2010,12.480956077575684,12.546676635742188,16570,12.57455825805664,12.484938621520996,9.486783981323242
22-10-2010,12.30769157409668,12.554642677307129,10043,12.554642677307129,12.309683799743652,9.353612899780273
25-10-2010,12.182226181030273,12.502862930297852,40170,12.502862930297852,12.261886596679688,9.31729507446289
26-10-2010,12.034852027893066,12.200148582458496,32638,12.22205638885498,12.148368835449219,9.231038093566895
27-10-2010,11.750061988830566,12.000995635986328,19583,12.000995635986328,11.849638938903809,9.004048347473145
28-10-2010,11.769977569580078,11.959174156188965,20085,12.00896167755127,12.00896167755127,9.125110626220703
29-10-2010,11.95319938659668,11.95319938659668,9540,12.120488166809082,12.108538627624512,9.200774192810059
01-11-2010,12.056758880615234,12.247945785522461,26111,12.247945785522461,12.164301872253418,9.243144989013672
02-11-2010,12.168285369873047,12.170275688171387,36153,12.206124305725098,12.168285369873047,9.246171951293945
03-11-2010,12.14239501953125,12.170275688171387,7030,12.247945785522461,12.14239501953125,9.2264986038208
04-11-2010,12.30769157409668,12.30769157409668,17574,12.459049224853516,12.427184104919434,9.442902565002441
05-11-2010,12.425192832946777,12.48294734954834,59251,12.713966369628906,12.584515571594238,9.56244945526123
08-11-2010,12.502862930297852,12.516803741455078,16068,12.680109977722168,12.546676635742188,9.533696174621582
09-11-2010,12.443117141723633,12.496888160705566,12553,12.52476978302002,12.443117141723633,9.455005645751953
10-11-2010,12.311675071716309,12.395319938659668,11047,12.415234565734863,12.36146354675293,9.392959594726562
11-11-2010,12.27781867980957,12.347522735595703,60757,12.486930847167969,12.486930847167969,9.488300323486328
12-11-2010,12.341547966003418,12.463031768798828,10043,12.463031768798828,12.397311210632324,9.420199394226074
15-11-2010,12.317649841308594,12.437142372131348,9540,12.480956077575684,12.369429588317871,9.399017333984375
16-11-2010,12.27582836151123,12.33557415008545,13055,12.405278205871582,12.2818021774292,9.332429885864258
17-11-2010,12.2818021774292,12.2818021774292,8536,12.381379127502441,12.369429588317871,9.399017333984375
18-11-2010,12.596465110778809,12.646252632141113,13557,12.715956687927246,12.600447654724121,9.574557304382324
19-11-2010,12.512821197509766,12.512821197509766,11549,12.745829582214355,12.745829582214355,9.685026168823242
22-11-2010,12.6422700881958,12.735873222351074,29625,12.843415260314941,12.843415260314941,9.759180068969727
23-11-2010,12.59248161315918,12.715956687927246,6528,12.735873222351074,12.735873222351074,9.677459716796875
24-11-2010,12.72591495513916,12.735873222351074,19583,12.879262924194336,12.86133861541748,9.772794723510742
26-11-2010,12.853372573852539,12.895195007324219,8034,12.905153274536133,12.86133861541748,9.772794723510742
29-11-2010,12.686083793640137,12.761762619018555,17574,12.91511058807373,12.909135818481445,9.80911636352539
30-11-2010,12.616379737854004,12.616379737854004,30128,13.022653579711914,12.992780685424805,9.872675895690918
01-12-2010,13.14612865447998,13.219816207885742,32638,13.41896915435791,13.41896915435791,10.196515083312988
02-12-2010,13.32138442993164,13.37515640258789,50213,13.884988784790039,13.884988784790039,10.550621032714844
03-12-2010,13.542445182800293,13.542445182800293,50715,14.004481315612793,13.956684112548828,10.65400218963623
06-12-2010,13.930793762207031,13.970624923706055,71302,13.98854923248291,13.938759803771973,10.640320777893066
07-12-2010,12.933034896850586,13.130196571350098,41676,14.094099998474121,13.775453567504883,10.515657424926758
08-12-2010,13.494647979736328,13.568334579467773,25608,13.717700004577637,13.699775695800781,10.611299514770508
09-12-2010,13.61214828491211,13.797361373901367,70800,13.871047973632812,13.791386604309082,10.682255744934082
10-12-2010,13.60617446899414,13.859099388122559,27617,13.859099388122559,13.679861068725586,10.595870971679688
13-12-2010,13.669902801513672,13.669902801513672,30630,13.847149848937988,13.705751419067383,10.615927696228027
14-12-2010,13.642021179199219,13.66193675994873,42179,13.833209037780762,13.833209037780762,10.71465015411377
15-12-2010,13.683843612670898,13.753546714782715,19583,13.888972282409668,13.879014015197754,10.750128746032715
16-12-2010,13.841175079345703,13.940752029418945,11549,13.940752029418945,13.930793762207031,10.790236473083496
17-12-2010,13.843167304992676,13.877022743225098,31634,13.996515274047852,13.996515274047852,10.841141700744629
20-12-2010,13.920836448669434,13.980583190917969,187795,14.315160751342773,13.9586763381958,10.811832427978516
21-12-2010,13.950709342956543,13.950709342956543,28621,14.034354209899902,14.01842212677002,10.85810661315918
22-12-2010,13.976598739624023,13.976598739624023,61259,14.114014625549316,14.028379440307617,10.86582088470459
23-12-2010,13.936768531799316,14.028379440307617,13557,14.040328979492188,14.028379440307617,10.86582088470459
27-12-2010,13.944734573364258,13.944734573364258,22094,14.034354209899902,14.000497817993164,10.84422492980957
28-12-2010,13.879014015197754,14.070201873779297,54732,14.070201873779297,13.962658882141113,10.81491756439209
29-12-2010,13.886980056762695,14.026388168334961,16068,14.026388168334961,13.928803443908691,10.7886962890625
30-12-2010,13.845157623291016,13.916852951049805,20587,13.928803443908691,13.861089706420898,10.736245155334473
31-12-2010,13.797361373901367,13.881006240844727,16068,13.881006240844727,13.82524299621582,10.708480834960938
03-01-2011,13.763504981994629,13.8670654296875,74315,13.884988784790039,13.763504981994629,10.660660743713379
04-01-2011,13.653970718383789,13.791386604309082,16570,13.791386604309082,13.72168254852295,10.628265380859375
05-01-2011,13.610157012939453,13.66193675994873,12553,13.791386604309082,13.683843612670898,10.598958969116211
06-01-2011,13.6679105758667,13.72168254852295,7532,13.811302185058594,13.753546714782715,10.652945518493652
07-01-2011,13.524520874023438,13.761513710021973,25608,13.78740406036377,13.526512145996094,10.477093696594238
10-01-2011,13.44286823272705,13.526512145996094,12051,13.548418998718262,13.542445182800293,10.489436149597168
11-01-2011,13.532486915588379,13.642021179199219,26613,13.642021179199219,13.552401542663574,10.497146606445312
12-01-2011,13.514562606811523,13.558377265930176,80842,13.584266662597656,13.514562606811523,10.467835426330566
13-01-2011,13.452824592590332,13.490665435791016,10043,13.550411224365234,13.480707168579102,10.441617012023926
14-01-2011,13.450834274291992,13.494647979736328,1004,13.494647979736328,13.450834274291992,10.418475151062012
18-01-2011,13.385112762451172,13.385112762451172,11549,13.500621795654297,13.47274112701416,10.435447692871094
19-01-2011,13.3890962600708,13.41896915435791,8034,13.44485855102539,13.40701961517334,10.384542465209961
20-01-2011,13.424943923950195,13.44286823272705,19583,13.49863052368164,13.432909965515137,10.404595375061035
21-01-2011,13.387104988098145,13.486681938171387,16068,13.486681938171387,13.478714942932129,10.440073013305664
24-01-2011,13.359223365783691,13.478714942932129,13055,13.478714942932129,13.369180679321289,10.355231285095215
25-01-2011,13.253671646118164,13.297486305236816,33642,13.373164176940918,13.365198135375977,10.35214614868164
26-01-2011,13.301468849182129,13.301468849182129,54732,13.546427726745605,13.393078804016113,10.37374210357666
27-01-2011,13.32138442993164,13.349266052246094,24604,13.37714672088623,13.343291282653809,10.335177421569824
28-01-2011,13.132187843322754,13.283544540405273,101931,13.343291282653809,13.132187843322754,10.171669960021973
31-01-2011,13.09235668182373,13.233757019042969,112476,13.233757019042969,13.233757019042969,10.250336647033691
01-02-2011,13.249689102172852,13.249689102172852,10545,13.43091869354248,13.403037071228027,10.381458282470703
02-02-2011,13.349266052246094,13.397062301635742,19583,13.424943923950195,13.35125732421875,10.341348648071289
03-02-2011,13.287528038024902,13.361214637756348,13055,13.440876007080078,13.393078804016113,10.37374210357666
04-02-2011,13.371172904968262,13.440876007080078,8536,13.466766357421875,13.44286823272705,10.412307739257812
07-02-2011,13.409011840820312,13.409011840820312,31634,13.526512145996094,13.432909965515137,10.404595375061035
08-02-2011,13.373164176940918,13.522528648376465,51719,13.5982084274292,13.393078804016113,10.37374210357666
09-02-2011,13.327359199523926,13.369180679321289,28119,13.452824592590332,13.327359199523926,10.32283878326416
10-02-2011,13.209857940673828,13.209857940673828,5523,13.317400932312012,13.317400932312012,10.315125465393066
11-02-2011,13.3134183883667,13.327359199523926,3013,13.420961380004883,13.411003112792969,10.387626647949219
14-02-2011,13.373164176940918,13.490665435791016,5523,13.490665435791016,13.426936149597168,10.399965286254883
15-02-2011,13.343291282653809,13.343291282653809,14562,13.504605293273926,13.43490219116211,10.406139373779297
16-02-2011,13.289520263671875,13.405029296875,23600,13.514562606811523,13.468757629394531,10.432363510131836
17-02-2011,13.345282554626465,13.38113021850586,18579,13.542445182800293,13.486681938171387,10.446246147155762
18-02-2011,13.466766357421875,13.47274112701416,15566,13.546427726745605,13.500621795654297,10.457040786743164
22-02-2011,13.35125732421875,13.458800315856934,7030,13.518546104431152,13.35125732421875,10.341348648071289
23-02-2011,13.395071029663086,13.395071029663086,24604,13.604182243347168,13.578291893005371,10.517199516296387
24-02-2011,13.548418998718262,13.582275390625,8034,13.634055137634277,13.558377265930176,10.501774787902832
25-02-2011,13.562359809875488,13.562359809875488,5523,13.80134391784668,13.80134391784668,10.689972877502441
28-02-2011,13.717700004577637,13.795370101928711,80842,14.082151412963867,13.749564170837402,10.649861335754395
01-03-2011,13.582275390625,13.817276954650879,24102,13.817276954650879,13.642021179199219,10.566564559936523
02-03-2011,13.43490219116211,13.546427726745605,26613,13.564352035522461,13.554393768310547,10.498692512512207
03-03-2011,13.534478187561035,13.592232704162598,20587,13.596216201782227,13.542445182800293,10.489436149597168
04-03-2011,13.379138946533203,13.626089096069336,28621,13.626089096069336,13.528504371643066,10.478641510009766
07-03-2011,13.38113021850586,13.496639251708984,11047,13.49863052368164,13.484689712524414,10.494134902954102
08-03-2011,13.869056701660156,14.070201873779297,48204,14.605924606323242,13.98854923248291,10.886253356933594
09-03-2011,13.994523048400879,13.994523048400879,29123,14.21956729888916,14.157829284667969,11.017991065979004
10-03-2011,13.877022743225098,14.040328979492188,17072,14.040328979492188,13.882996559143066,10.80411148071289
11-03-2011,13.765497207641602,13.807318687438965,11549,13.879014015197754,13.77147102355957,10.717317581176758
14-03-2011,13.496639251708984,13.651979446411133,17072,13.689818382263184,13.496639251708984,10.503435134887695
15-03-2011,13.114263534545898,13.185959815979004,28621,13.349266052246094,13.337315559387207,10.379447937011719
16-03-2011,12.952949523925781,13.289520263671875,32136,13.333333015441895,13.058501243591309,10.162466049194336
17-03-2011,13.21782398223877,13.412995338439941,44187,13.412995338439941,13.33930778503418,10.380995750427246
18-03-2011,13.138162612915039,13.438884735107422,48204,13.542445182800293,13.542445182800293,10.539082527160645
21-03-2011,13.490665435791016,13.60816478729248,49208,13.66193675994873,13.626089096069336,10.604180335998535
22-03-2011,13.426936149597168,13.590241432189941,25106,13.590241432189941,13.426936149597168,10.449187278747559
23-03-2011,13.335325241088867,13.397062301635742,43685,13.466766357421875,13.357232093811035,10.394944190979004
24-03-2011,13.371172904968262,13.436893463134766,8536,13.436893463134766,13.414985656738281,10.439889907836914
25-03-2011,13.387104988098145,13.387104988098145,39166,13.548418998718262,13.492655754089355,10.500335693359375
28-03-2011,13.261637687683105,13.399053573608398,74315,13.420961380004883,13.399053573608398,10.42749309539795
29-03-2011,13.160070419311523,13.345282554626465,93395,13.399053573608398,13.399053573608398,10.42749309539795
30-03-2011,13.401045799255371,13.409011840820312,39668,13.482699394226074,13.464775085449219,10.478639602661133
31-03-2011,13.329350471496582,13.452824592590332,24102,13.536470413208008,13.536470413208008,10.534432411193848
01-04-2011,13.416977882385254,13.542445182800293,162186,13.59422492980957,13.572318077087402,10.562331199645996
04-04-2011,13.144137382507324,13.642021179199219,79336,13.642021179199219,13.556385040283203,10.549930572509766
05-04-2011,13.542445182800293,13.542445182800293,69795,13.66592025756836,13.651979446411133,10.624323844909668
06-04-2011,13.57032585144043,13.620115280151367,51719,13.644013404846191,13.5982084274292,10.582477569580078
07-04-2011,13.552401542663574,13.566343307495117,25106,13.582275390625,13.580284118652344,10.568531036376953
08-04-2011,13.492655754089355,13.574309349060059,16068,13.582275390625,13.534478187561035,10.532883644104004
11-04-2011,13.458800315856934,13.490665435791016,40170,13.500621795654297,13.490665435791016,10.498785018920898
12-04-2011,13.474732398986816,13.474732398986816,36655,13.783419609069824,13.783419609069824,10.726615905761719
13-04-2011,13.711725234985352,13.711725234985352,134067,13.916852951049805,13.749564170837402,10.700267791748047
14-04-2011,13.618123054504395,13.719691276550293,42179,13.910879135131836,13.884988784790039,10.805660247802734
15-04-2011,13.920836448669434,13.920836448669434,12553,14.000497817993164,13.992531776428223,10.889348983764648
18-04-2011,13.70375919342041,13.881006240844727,24604,13.881006240844727,13.789395332336426,10.731266975402832
19-04-2011,13.73363208770752,13.831216812133789,194322,13.8670654296875,13.815284729003906,10.751413345336914
20-04-2011,13.93477725982666,13.93477725982666,172731,14.072193145751953,14.010456085205078,10.903303146362305
21-04-2011,13.98854923248291,14.060243606567383,38664,14.110032081604004,14.096092224121094,10.96994400024414
25-04-2011,13.974608421325684,14.040328979492188,26111,14.060243606567383,14.060243606567383,10.942048072814941
26-04-2011,14.100074768066406,14.100074768066406,37659,14.362957000732422,14.279313087463379,11.112532615661621
27-04-2011,14.072193145751953,14.345033645629883,203361,14.368931770324707,14.117999076843262,10.986993789672852
28-04-2011,13.940752029418945,14.155838012695312,134570,14.179736137390137,13.940752029418945,10.849056243896484
29-04-2011,13.879014015197754,13.879014015197754,65276,14.036346435546875,13.954692840576172,10.859907150268555
02-05-2011,13.753546714782715,14.052277565002441,18579,14.052277565002441,13.791386604309082,10.732813835144043
03-05-2011,13.77147102355957,13.837191581726074,27617,14.139904975891113,13.803336143493652,10.742114067077637
04-05-2011,13.739606857299805,13.775453567504883,9540,13.809309959411621,13.80134391784668,10.740570068359375
05-05-2011,13.681852340698242,13.809309959411621,38162,13.813294410705566,13.709733963012695,10.669267654418945
06-05-2011,13.767487525939941,13.80134391784668,11549,13.835200309753418,13.779437065124512,10.723516464233398
09-05-2011,13.73363208770752,13.73363208770752,2511,13.789395332336426,13.749564170837402,10.700267791748047
10-05-2011,13.745580673217773,13.745580673217773,42681,13.90490436553955,13.90490436553955,10.821157455444336
11-05-2011,13.757530212402344,13.930793762207031,11047,13.930793762207031,13.815284729003906,10.751413345336914
12-05-2011,13.93477725982666,13.93477725982666,8034,14.24944019317627,14.215583801269531,11.062934875488281
13-05-2011,14.006471633911133,14.141897201538086,3515,14.141897201538086,14.040328979492188,10.92654800415039
16-05-2011,14.040328979492188,14.040328979492188,0,14.040328979492188,14.040328979492188,10.92654800415039
17-05-2011,13.940752029418945,14.08613395690918,7532,14.143888473510742,14.139904975891113,11.004040718078613
18-05-2011,14.026388168334961,14.026388168334961,9540,14.16579532623291,14.125965118408203,10.993194580078125
19-05-2011,14.119990348815918,14.145879745483398,38162,14.18969440460205,14.179736137390137,11.035037994384766
20-05-2011,13.970624923706055,14.143888473510742,126536,14.21956729888916,14.080159187316895,10.957549095153809
23-05-2011,13.737614631652832,13.96066665649414,81344,13.96066665649414,13.882996559143066,10.80411148071289
24-05-2011,13.803336143493652,13.853123664855957,73812,13.940752029418945,13.823250770568848,10.757612228393555
25-05-2011,13.657954216003418,13.70375919342041,17574,13.80134391784668,13.745580673217773,10.69717025756836
26-05-2011,13.6679105758667,13.6679105758667,36153,13.940752029418945,13.914861679077148,10.828907012939453
27-05-2011,13.914861679077148,13.926811218261719,47200,14.004481315612793,13.940752029418945,10.849056243896484
31-05-2011,13.773463249206543,13.96066665649414,27115,13.994523048400879,13.99053955078125,10.887803077697754
01-06-2011,13.831216812133789,14.064227104187012,46196,14.064227104187012,13.942743301391602,10.850604057312012
02-06-2011,13.769479751586914,13.940752029418945,73812,13.940752029418945,13.789395332336426,10.731266975402832
03-06-2011,13.63803768157959,13.781429290771484,62264,13.781429290771484,13.709733963012695,10.669267654418945
06-06-2011,13.43490219116211,13.552401542663574,11047,13.791386604309082,13.600198745727539,10.633455276489258
07-06-2011,13.647995948791504,13.725666046142578,7030,13.775453567504883,13.715707778930664,10.723770141601562
08-06-2011,13.554393768310547,13.651979446411133,17072,13.82524299621582,13.82524299621582,10.80941104888916
09-06-2011,13.795370101928711,13.843167304992676,60255,13.954692840576172,13.946725845336914,10.90439510345459
10-06-2011,13.767487525939941,13.865073204040527,50715,13.89693832397461,13.809309959411621,10.796952247619629
13-06-2011,13.69180965423584,13.785411834716797,8034,13.819268226623535,13.701766967773438,10.712867736816406
14-06-2011,13.821260452270508,13.821260452270508,7532,13.82524299621582,13.82524299621582,10.80941104888916
15-06-2011,13.831216812133789,13.942743301391602,15566,13.942743301391602,13.841175079345703,10.82186508178711
16-06-2011,13.877022743225098,13.890962600708008,61761,13.99053955078125,13.938759803771973,10.898160934448242
17-06-2011,13.948718070983887,13.948718070983887,132561,14.19168472290039,14.15185546875,11.064775466918945
20-06-2011,14.080159187316895,14.080159187316895,96910,14.235499382019043,14.215583801269531,11.114601135253906
21-06-2011,14.21956729888916,14.21956729888916,38664,14.329100608825684,14.293253898620605,11.175329208374023
22-06-2011,14.121981620788574,14.3131685256958,157667,14.3131685256958,14.167786598205566,11.077230453491211
23-06-2011,14.00248908996582,14.040328979492188,115489,14.209609031677246,14.157829284667969,11.06944465637207
24-06-2011,14.110032081604004,14.159820556640625,37659,14.24944019317627,14.209609031677246,11.10993480682373
27-06-2011,14.179736137390137,14.179736137390137,18077,14.269354820251465,14.211601257324219,11.111486434936523
28-06-2011,14.159820556640625,14.215583801269531,17574,14.24545669555664,14.18969440460205,11.094364166259766
29-06-2011,14.18969440460205,14.18969440460205,52221,14.307193756103516,14.201642990112305,11.103705406188965
30-06-2011,14.18371868133545,14.239481925964355,45191,14.339058876037598,14.339058876037598,11.211141586303711
01-07-2011,14.392829895019531,14.43863582611084,97412,14.637788772583008,14.627832412719727,11.436920166015625
05-07-2011,14.595967292785645,14.715458869934082,40672,14.723424911499023,14.717451095581055,11.506988525390625
06-07-2011,14.613890647888184,14.647747039794922,185284,14.721433639526367,14.647747039794922,11.452491760253906
07-07-2011,14.649739265441895,14.687578201293945,100927,14.76723861694336,14.649739265441895,11.45405101776123
08-07-2011,14.452576637268066,14.58999252319336,35149,14.58999252319336,14.508339881896973,11.343497276306152
11-07-2011,14.247447967529297,14.376897811889648,29123,14.434653282165527,14.331092834472656,11.204916000366211
12-07-2011,14.022404670715332,14.24944019317627,109463,14.398804664611816,14.31715202331543,11.194012641906738
13-07-2011,14.329100608825684,14.428677558898926,98919,14.502365112304688,14.339058876037598,11.211141586303711
14-07-2011,14.339058876037598,14.339058876037598,46196,14.492406845092773,14.37092399597168,11.236053466796875
15-07-2011,14.269354820251465,14.372915267944336,31634,14.372915267944336,14.351008415222168,11.22048568725586
18-07-2011,13.9527006149292,14.277320861816406,23098,14.277320861816406,14.100074768066406,11.024291038513184
19-07-2011,14.102066040039062,14.102066040039062,77327,14.374906539916992,14.31715202331543,11.194012641906738
20-07-2011,14.12795639038086,14.279313087463379,57744,14.279313087463379,14.139904975891113,11.055434226989746
21-07-2011,14.173762321472168,14.173762321472168,87370,14.50634765625,14.500372886657715,11.337267875671387
22-07-2011,14.46850872039795,14.46850872039795,32638,14.73736572265625,14.673637390136719,11.472738265991211
25-07-2011,14.488424301147461,14.512323379516602,28119,14.617874145507812,14.502365112304688,11.338826179504395
26-07-2011,14.462533950805664,14.500372886657715,35149,14.558128356933594,14.53622055053711,11.365294456481934
27-07-2011,14.305203437805176,14.532238006591797,7030,14.532238006591797,14.305203437805176,11.184673309326172
28-07-2011,14.157829284667969,14.233508110046387,29625,14.331092834472656,14.203635215759277,11.105260848999023
29-07-2011,14.070201873779297,14.070201873779297,43183,14.241474151611328,14.203635215759277,11.105260848999023
01-08-2011,13.936768531799316,14.339058876037598,11047,14.339058876037598,14.022404670715332,10.9635648727417
02-08-2011,13.755538940429688,13.936768531799316,47200,13.986557006835938,13.789395332336426,10.781379699707031
03-08-2011,13.61214828491211,13.789395332336426,44689,13.902913093566895,13.833209037780762,10.815641403198242
04-08-2011,13.15011215209961,13.928803443908691,43183,13.928803443908691,13.273587226867676,10.378089904785156
05-08-2011,13.07841682434082,13.337315559387207,46196,13.470748901367188,13.353248596191406,10.440376281738281
08-08-2011,12.68807601928711,13.112273216247559,134067,13.205875396728516,12.68807601928711,9.92030143737793
09-08-2011,12.447099685668945,12.795619010925293,150638,13.076424598693848,12.948966979980469,10.124281883239746
10-08-2011,12.170275688171387,12.901169776916504,105948,12.901169776916504,12.170275688171387,9.515458106994629
11-08-2011,11.999004364013672,11.999004364013672,54230,12.6422700881958,12.596465110778809,9.848676681518555
12-08-2011,12.69604206085205,12.69604206085205,43685,13.263629913330078,13.168036460876465,10.295567512512207
15-08-2011,13.185959815979004,13.243714332580566,75319,13.440876007080078,13.323375701904297,10.417023658752441
16-08-2011,13.261637687683105,13.261637687683105,17574,13.622105598449707,13.514562606811523,10.56650161743164
17-08-2011,13.367189407348633,13.542445182800293,44689,13.817276954650879,13.44286823272705,10.51045036315918
18-08-2011,13.014687538146973,13.223798751831055,60757,13.337315559387207,13.265621185302734,10.371865272521973
19-08-2011,13.185959815979004,13.207866668701172,43685,13.450834274291992,13.203883171081543,10.323594093322754
22-08-2011,13.32138442993164,13.343291282653809,50715,13.454816818237305,13.397062301635742,10.47463321685791
23-08-2011,13.405029296875,13.522528648376465,46196,13.938759803771973,13.938759803771973,10.898160934448242
24-08-2011,13.747572898864746,13.861089706420898,31132,13.940752029418945,13.886980056762695,10.85767936706543
25-08-2011,13.616130828857422,13.884988784790039,53727,13.884988784790039,13.616130828857422,10.645915031433105
26-08-2011,13.343291282653809,13.588250160217285,781809,13.996515274047852,13.914861679077148,10.879480361938477
29-08-2011,14.042320251464844,14.108040809631348,19583,14.31715202331543,14.31715202331543,11.194012641906738
30-08-2011,14.12795639038086,14.325118064880371,72808,14.325118064880371,14.171770095825195,11.080344200134277
31-08-2011,13.781429290771484,13.781429290771484,186791,14.199650764465332,13.974608421325684,10.926191329956055
01-09-2011,13.894946098327637,14.119990348815918,106451,14.119990348815918,13.894946098327637,10.913679122924805
02-09-2011,13.687827110290527,13.757530212402344,37659,13.851133346557617,13.763504981994629,10.810441970825195
06-09-2011,13.343291282653809,13.37714672088623,51217,13.484689712524414,13.41896915435791,10.539825439453125
07-09-2011,13.44286823272705,13.542445182800293,17574,13.835200309753418,13.835200309753418,10.866751670837402
08-09-2011,13.683843612670898,13.785411834716797,42179,13.815284729003906,13.715707778930664,10.772897720336914
09-09-2011,13.331341743469238,13.566343307495117,24604,13.572318077087402,13.331341743469238,10.470999717712402
12-09-2011,13.128205299377441,13.245705604553223,37659,13.401045799255371,13.297486305236816,10.444412231445312
13-09-2011,13.225790023803711,13.297486305236816,51217,13.546427726745605,13.524520874023438,10.622729301452637
14-09-2011,13.347273826599121,13.534478187561035,10043,13.679861068725586,13.556385040283203,10.647757530212402
15-09-2011,13.590241432189941,13.675877571105957,21591,13.914861679077148,13.823250770568848,10.857364654541016
16-09-2011,13.727657318115234,13.823250770568848,192816,13.932785987854004,13.791386604309082,10.83233642578125
19-09-2011,13.456809043884277,13.659944534301758,32638,13.659944534301758,13.456809043884277,10.569546699523926
20-09-2011,13.512572288513184,13.556385040283203,16570,13.972616195678711,13.865073204040527,10.890213966369629
21-09-2011,13.227782249450684,13.916852951049805,23098,13.916852951049805,13.227782249450684,10.38966178894043
22-09-2011,12.867314338684082,12.960915565490723,29625,13.106298446655273,12.901169776916504,10.133125305175781
23-09-2011,12.813542366027832,12.901169776916504,41676,13.253671646118164,13.042569160461426,10.244187355041504
26-09-2011,13.05252742767334,13.160070419311523,18077,13.315409660339355,13.315409660339355,10.458487510681152
27-09-2011,13.494647979736328,13.494647979736328,49208,13.898929595947266,13.85511589050293,10.88239574432373
28-09-2011,13.227782249450684,13.809309959411621,34145,13.809309959411621,13.227782249450684,10.38966178894043
29-09-2011,13.343291282653809,13.426936149597168,64272,13.6738862991333,13.468757629394531,10.578934669494629
30-09-2011,13.40701961517334,13.40701961517334,34647,13.642021179199219,13.534478187561035,10.6305513381958
03-10-2011,13.156086921691895,13.538461685180664,35651,13.538461685180664,13.177993774414062,10.350555419921875
04-10-2011,12.795619010925293,13.038585662841797,37157,13.47274112701416,13.47274112701416,10.582061767578125
05-10-2011,13.297486305236816,13.458800315856934,37659,13.54045295715332,13.532486915588379,10.628985404968262
06-10-2011,13.576300621032715,13.576300621032715,16570,14.082151412963867,14.082151412963867,11.060718536376953
07-10-2011,13.950709342956543,14.21956729888916,42179,14.21956729888916,14.016429901123047,11.009095191955566
10-10-2011,14.1359224319458,14.1359224319458,33140,14.273338317871094,14.273338317871094,11.210885047912598
11-10-2011,14.239481925964355,14.263381004333496,29625,14.35499095916748,14.309185981750488,11.23904037475586
12-10-2011,14.21956729888916,14.339058876037598,10545,14.352999687194824,14.241474151611328,11.185856819152832
13-10-2011,14.110032081604004,14.119990348815918,25106,14.229524612426758,14.149863243103027,11.113899230957031
14-10-2011,14.269354820251465,14.269354820251465,35149,14.43863582611084,14.386856079101562,11.30004596710205
17-10-2011,14.199650764465332,14.351008415222168,109965,14.352999687194824,14.281304359436035,11.217141151428223
18-10-2011,14.259398460388184,14.376897811889648,26613,14.659695625305176,14.659695625305176,11.514344215393066
19-10-2011,14.556136131286621,14.695544242858887,20085,14.864824295043945,14.562110900878906,11.437697410583496
20-10-2011,14.418720245361328,14.528255462646484,27115,14.580035209655762,14.538212776184082,11.418929100036621
21-10-2011,14.657705307006836,14.657705307006836,34145,15.075926780700684,15.016180992126465,11.794341087341309
24-10-2011,14.679612159729004,15.006223678588867,15566,15.006223678588867,14.771222114562988,11.601944923400879
25-10-2011,14.345033645629883,14.661687850952148,7030,14.661687850952148,14.345033645629883,11.267193794250488
26-10-2011,14.380881309509277,14.53622055053711,16068,14.578042984008789,14.560118675231934,11.436132431030273
27-10-2011,14.677619934082031,14.677619934082031,55234,14.986308097839355,14.817028045654297,11.637919425964355
28-10-2011,14.631814956665039,14.817028045654297,39668,14.817028045654297,14.777196884155273,11.60663890838623
31-10-2011,14.482449531555176,14.627832412719727,14562,14.713467597961426,14.508339881896973,11.395462989807129
01-11-2011,14.004481315612793,14.512323379516602,41676,14.512323379516602,14.098082542419434,11.073229789733887
02-11-2011,14.215583801269531,14.215583801269531,6528,14.380881309509277,14.380881309509277,11.2953519821167
03-11-2011,14.388847351074219,14.388847351074219,33642,14.635798454284668,14.578042984008789,11.45020866394043
04-11-2011,14.337066650390625,14.512323379516602,14562,14.538212776184082,14.446601867675781,11.34697151184082
07-11-2011,14.35897445678711,14.43863582611084,25106,14.448593139648438,14.388847351074219,11.30160903930664
08-11-2011,14.508339881896973,14.508339881896973,15566,14.815035820007324,14.815035820007324,11.636353492736816
09-11-2011,14.243465423583984,14.464526176452637,17072,14.538212776184082,14.251431465148926,11.193676948547363
10-11-2011,14.291261672973633,14.37092399597168,13055,14.454567909240723,14.440627098083496,11.342280387878418
11-11-2011,14.560118675231934,14.560118675231934,6528,14.7911376953125,14.7911376953125,11.617585182189941
14-11-2011,14.651729583740234,14.743341445922852,5523,14.771222114562988,14.687578201293945,11.536247253417969
15-11-2011,14.7911376953125,14.817028045654297,4017,14.906646728515625,14.906646728515625,11.708311080932617
16-11-2011,14.617874145507812,14.77918815612793,6528,14.82897663116455,14.673637390136719,11.525296211242676
17-11-2011,14.34105110168457,14.522279739379883,14060,14.691560745239258,14.34105110168457,11.264067649841309
18-11-2011,14.51829719543457,14.520289421081543,24604,14.617874145507812,14.570076942443848,11.443955421447754
21-11-2011,14.396814346313477,14.478466987609863,20587,14.54418659210205,14.54418659210205,11.42362117767334
22-11-2011,14.464526176452637,14.522279739379883,8034,14.562110900878906,14.562110900878906,11.437697410583496
23-11-2011,14.339058876037598,14.442619323730469,2009,14.442619323730469,14.339058876037598,11.262506484985352
25-11-2011,14.281304359436035,14.281304359436035,8536,14.490415573120117,14.490415573120117,11.381387710571289
28-11-2011,14.430669784545898,14.721433639526367,27115,14.936519622802734,14.936519622802734,11.731771469116211
29-11-2011,14.811053276062012,14.811053276062012,17072,15.012198448181152,14.96639347076416,11.755239486694336
30-11-2011,15.298978805541992,15.316903114318848,35651,15.438386917114258,15.392581939697266,12.089984893798828
01-12-2011,15.231266975402832,15.494150161743164,14060,15.494150161743164,15.458301544189453,12.141603469848633
02-12-2011,14.958427429199219,15.40453052520752,24102,15.40453052520752,15.085885047912598,11.902764320373535
05-12-2011,15.334827423095703,15.334827423095703,47702,15.858600616455078,15.693303108215332,12.3820161819458
06-12-2011,15.67338752746582,15.695295333862305,2009,15.792880058288574,15.792880058288574,12.460579872131348
07-12-2011,15.565844535827637,15.67338752746582,18579,15.816779136657715,15.772965431213379,12.444872856140137
08-12-2011,15.434404373168945,15.434404373168945,24102,15.733134269714355,15.663430213928223,12.35844898223877
09-12-2011,15.539955139160156,15.615633964538574,31132,15.747075080871582,15.747075080871582,12.424444198608398
12-12-2011,15.203386306762695,15.723176002502441,43183,15.723176002502441,15.392581939697266,12.144747734069824
13-12-2011,15.135672569274902,15.426438331604004,8034,15.428428649902344,15.135672569274902,11.942047119140625
14-12-2011,15.03410530090332,15.03410530090332,5021,15.135672569274902,15.095843315124512,11.91062068939209
15-12-2011,15.213342666625977,15.213342666625977,19583,15.334827423095703,15.253173828125,12.034754753112793
16-12-2011,15.077919006347656,15.302962303161621,58247,15.354742050170898,15.354742050170898,12.11489200592041
19-12-2011,15.135672569274902,15.205376625061035,16570,15.436394691467285,15.145630836486816,11.94990348815918
20-12-2011,15.26512336730957,15.26512336730957,31132,15.518048286437988,15.37465763092041,12.130608558654785
21-12-2011,15.330843925476074,15.366691589355469,26613,15.482200622558594,15.438386917114258,12.180888175964355
22-12-2011,15.472243309020996,15.533981323242188,13055,15.533981323242188,15.472243309020996,12.207602500915527
23-12-2011,15.55190372467041,15.555887222290039,23098,15.653472900390625,15.631566047668457,12.333303451538086
27-12-2011,14.73736572265625,16.031864166259766,53225,16.031864166259766,15.858600616455078,12.512436866760254
28-12-2011,15.675379753112793,15.872542381286621,15566,15.872542381286621,15.759023666381836,12.433871269226074
29-12-2011,15.67737102508545,15.721184730529785,22596,15.763007164001465,15.763007164001465,12.437012672424316
30-12-2011,15.679363250732422,15.763007164001465,47702,15.786906242370605,15.786906242370605,12.4558687210083
03-01-2012,15.737116813659668,15.93228816986084,66281,15.93228816986084,15.772965431213379,12.444872856140137
04-01-2012,15.587752342224121,15.772965431213379,36655,15.772965431213379,15.629573822021484,12.331734657287598
05-01-2012,15.356734275817871,15.490166664123535,2009,15.490166664123535,15.414487838745117,12.162031173706055
06-01-2012,15.21533489227295,15.48419189453125,8536,15.48419189453125,15.263132095336914,12.04261302947998
09-01-2012,15.360716819763184,15.382623672485352,3013,15.382623672485352,15.368682861328125,12.125894546508789
10-01-2012,15.51406478881836,15.51406478881836,20085,15.755041122436523,15.755041122436523,12.4307279586792
11-01-2012,15.458301544189453,15.733134269714355,24604,15.733134269714355,15.689319610595703,12.378873825073242
12-01-2012,15.410505294799805,15.689319610595703,26613,15.693303108215332,15.410505294799805,12.158891677856445
13-01-2012,15.338809967041016,15.390589714050293,16068,15.444360733032227,15.426438331604004,12.171459197998047
17-01-2012,15.500123977661133,15.533981323242188,11549,15.709236145019531,15.683345794677734,12.374161720275879
18-01-2012,15.7152099609375,15.7152099609375,10545,15.733134269714355,15.733134269714355,12.413440704345703
19-01-2012,15.818770408630371,15.818770408630371,3515,15.938261985778809,15.90241527557373,12.547005653381348
20-01-2012,15.914363861083984,15.93228816986084,5021,16.01194953918457,16.009958267211914,12.63185977935791
23-01-2012,15.914363861083984,15.980085372924805,22596,16.003982543945312,15.964152336120605,12.595720291137695
24-01-2012,15.83470344543457,15.83470344543457,9540,15.994025230407715,15.972118377685547,12.602001190185547
25-01-2012,15.84864330291748,16.091611862182617,11047,16.23699378967285,15.84864330291748,12.504579544067383
26-01-2012,15.934279441833496,16.157331466674805,16068,16.157331466674805,16.04779624938965,12.661709785461426
27-01-2012,15.842668533325195,15.990041732788086,8034,15.990041732788086,15.930295944213867,12.569002151489258
30-01-2012,15.595718383789062,15.81080436706543,24604,15.812795639038086,15.67737102508545,12.369444847106934
31-01-2012,15.645506858825684,15.687329292297363,35651,15.828727722167969,15.824745178222656,12.485724449157715
01-02-2012,16.01194953918457,16.01194953918457,12553,16.09559440612793,16.09559440612793,12.69942569732666
02-02-2012,16.09559440612793,16.097585678100586,12553,16.207120895385742,16.181230545043945,12.766989707946777
03-02-2012,16.17127227783203,16.181230545043945,50715,16.330595016479492,16.328603744506836,12.883270263671875
06-02-2012,16.12347412109375,16.244958877563477,11549,16.280807495117188,16.23101806640625,12.806275367736816
07-02-2012,16.079660415649414,16.131441116333008,37659,16.173263549804688,16.161314010620117,12.7512788772583
08-02-2012,15.93228816986084,16.031864166259766,3013,16.06572151184082,16.06572151184082,12.675856590270996
09-02-2012,15.966143608093262,15.966143608093262,8536,16.145381927490234,16.1015682220459,12.704137802124023
10-02-2012,15.858600616455078,15.978093147277832,10043,15.978093147277832,15.9083890914917,12.551716804504395
13-02-2012,15.944236755371094,15.944236755371094,6026,16.04779624938965,16.001991271972656,12.625572204589844
14-02-2012,15.940254211425781,15.95817756652832,3013,16.0,16.0,12.623997688293457
15-02-2012,15.892457008361816,15.972118377685547,8034,15.978093147277832,15.892457008361816,12.53914737701416
16-02-2012,15.8068208694458,15.900423049926758,21089,15.950211524963379,15.880508422851562,12.529722213745117
17-02-2012,15.709236145019531,15.838685989379883,49710,15.854618072509766,15.770973205566406,12.443299293518066
21-02-2012,15.633557319641113,15.822752952575684,23600,15.822752952575684,15.633557319641113,12.334877967834473
22-02-2012,15.613641738891602,15.637539863586426,25608,15.707243919372559,15.613641738891602,12.31916618347168
23-02-2012,15.585761070251465,15.663430213928223,39166,15.683345794677734,15.591734886169434,12.301877975463867
24-02-2012,15.557879447937012,15.563854217529297,16068,15.641524314880371,15.621607780456543,12.325448036193848
27-02-2012,15.615633964538574,15.621607780456543,36153,15.721184730529785,15.721184730529785,12.404013633728027
28-02-2012,15.741100311279297,15.757033348083496,2511,15.757033348083496,15.753049850463867,12.429154396057129
29-02-2012,15.764999389648438,15.764999389648438,6026,15.83470344543457,15.826736450195312,12.48729419708252
01-03-2012,15.816779136657715,15.882498741149902,16068,15.884490966796875,15.862584114074707,12.570943832397461
02-03-2012,15.442370414733887,15.743091583251953,27115,15.743091583251953,15.675379753112793,12.422588348388672
05-03-2012,15.563854217529297,15.695295333862305,26613,15.709236145019531,15.643514633178711,12.397336959838867
06-03-2012,15.444360733032227,15.5379638671875,5523,15.68533706665039,15.55190372467041,12.32473373413086
07-03-2012,15.267114639282227,15.334827423095703,12553,15.533981323242188,15.456311225891113,12.248978614807129
08-03-2012,15.36270809173584,15.749066352844238,18579,15.749066352844238,15.420462608337402,12.22057056427002
09-03-2012,15.38660717010498,15.392581939697266,16570,15.520039558410645,15.432412147521973,12.230036735534668
12-03-2012,15.533981323242188,15.533981323242188,2009,15.561861991882324,15.561861991882324,12.332626342773438
13-03-2012,15.601693153381348,15.764999389648438,25106,15.812795639038086,15.812795639038086,12.531486511230469
14-03-2012,15.547921180725098,15.832711219787598,20085,15.84864330291748,15.591734886169434,12.356298446655273
15-03-2012,15.442370414733887,15.603684425354004,24102,15.603684425354004,15.442370414733887,12.237926483154297
16-03-2012,15.436394691467285,15.561861991882324,7030,15.561861991882324,15.543937683105469,12.31842041015625
19-03-2012,15.474234580993652,15.589743614196777,14060,15.589743614196777,15.5379638671875,12.313685417175293
20-03-2012,15.460293769836426,15.460293769836426,8034,15.545929908752441,15.49614143371582,12.280542373657227
21-03-2012,15.524023056030273,15.524023056030273,5021,15.633557319641113,15.623600006103516,12.381551742553711
22-03-2012,15.406521797180176,15.504108428955078,12553,15.711227416992188,15.711227416992188,12.450992584228516
23-03-2012,15.653472900390625,15.653472900390625,9540,15.842668533325195,15.842668533325195,12.555160522460938
26-03-2012,15.838685989379883,15.838685989379883,26111,16.20114517211914,16.181230545043945,12.823466300964355
27-03-2012,16.181230545043945,16.181230545043945,0,16.181230545043945,16.181230545043945,12.823466300964355
28-03-2012,16.08364486694336,16.181230545043945,37659,16.181230545043945,16.08364486694336,12.746131896972656
29-03-2012,15.93228816986084,15.93228816986084,2511,16.087627410888672,16.087627410888672,12.749285697937012
30-03-2012,16.087627410888672,16.087627410888672,16068,16.264873504638672,16.264873504638672,12.889756202697754
02-04-2012,16.193178176879883,16.195171356201172,46196,16.43813705444336,16.418222427368164,13.011279106140137
03-04-2012,16.131441116333008,16.37839126586914,21089,16.380382537841797,16.274831771850586,12.897647857666016
04-04-2012,16.282798767089844,16.282798767089844,27617,16.549663543701172,16.430171966552734,13.020752906799316
05-04-2012,16.173263549804688,16.29673957824707,8536,16.30271339416504,16.286781311035156,12.907118797302246
09-04-2012,16.043813705444336,16.043813705444336,11047,16.141399383544922,16.141399383544922,12.791900634765625
10-04-2012,15.894449234008789,16.061737060546875,16068,16.127458572387695,15.998007774353027,12.678263664245605
11-04-2012,15.90440559387207,15.912371635437012,42681,16.179237365722656,16.1075439453125,12.7650728225708
12-04-2012,16.027881622314453,16.027881622314453,9540,16.139408111572266,16.139408111572266,12.790325164794922
13-04-2012,16.103559494018555,16.121484756469727,11549,16.15534019470215,16.11750030517578,12.77296257019043
16-04-2012,16.11750030517578,16.26686668395996,38664,16.308687210083008,16.221059799194336,12.855032920837402
17-04-2012,16.270849227905273,16.270849227905273,8034,16.330595016479492,16.280807495117188,12.902381896972656
18-04-2012,16.143390655517578,16.23101806640625,13055,16.256908416748047,16.187204360961914,12.828202247619629
19-04-2012,16.161314010620117,16.193178176879883,15064,16.330595016479492,16.280807495117188,12.902381896972656
20-04-2012,16.394323348999023,16.394323348999023,6528,16.513816833496094,16.464027404785156,13.04758358001709
23-04-2012,16.175254821777344,16.394323348999023,19583,16.394323348999023,16.308687210083008,12.924477577209473
24-04-2012,16.346527099609375,16.346527099609375,13055,16.50983238220215,16.47995948791504,13.060212135314941
25-04-2012,16.529748916625977,16.529748916625977,32136,16.72890281677246,16.72292709350586,13.25275707244873
26-04-2012,16.505849838256836,16.505849838256836,23600,16.95992088317871,16.90017318725586,13.393221855163574
27-04-2012,16.736867904663086,17.017675399780273,20587,17.017675399780273,16.76474952697754,13.285901069641113
30-04-2012,16.70500373840332,16.76873207092285,18077,16.86432647705078,16.846403121948242,13.350615501403809
01-05-2012,16.828479766845703,17.109285354614258,62766,17.109285354614258,16.828479766845703,13.336404800415039
02-05-2012,16.90614891052246,16.90614891052246,14562,17.097335815429688,17.097335815429688,13.54947280883789
03-05-2012,16.91809844970703,17.04953956604004,60255,17.123226165771484,16.93602180480957,13.421628952026367
04-05-2012,16.808563232421875,16.878267288208008,3515,16.997760772705078,16.820512771606445,13.33009147644043
07-05-2012,16.75877571105957,16.75877571105957,2009,16.858352661132812,16.858352661132812,13.360084533691406
08-05-2012,16.756784439086914,16.8483943939209,9540,16.86432647705078,16.824495315551758,13.333250999450684
09-05-2012,16.599451065063477,16.70500373840332,22094,16.792631149291992,16.685087203979492,13.222768783569336
10-05-2012,16.703012466430664,16.703012466430664,15064,16.888225555419922,16.824495315551758,13.333250999450684
11-05-2012,16.820512771606445,16.928056716918945,37659,16.943988800048828,16.836444854736328,13.342718124389648
14-05-2012,16.599451065063477,16.718944549560547,3013,16.76873207092285,16.736867904663086,13.263805389404297
15-05-2012,16.673139572143555,16.673139572143555,55234,17.07941246032715,17.07941246032715,13.535269737243652
16-05-2012,16.938013076782227,17.055513381958008,9540,17.159074783325195,17.159074783325195,13.598400115966797
17-05-2012,16.846403121948242,17.101318359375,22596,17.111276626586914,16.87627601623535,13.374288558959961
18-05-2012,16.62135887145996,16.826486587524414,21591,16.826486587524414,16.778690338134766,13.296947479248047
21-05-2012,16.691062927246094,16.724918365478516,10545,16.724918365478516,16.708986282348633,13.241711616516113
22-05-2012,16.770723342895508,16.920089721679688,7532,16.920089721679688,16.770723342895508,13.290632247924805
23-05-2012,16.66318130493164,16.726911544799805,4519,16.744834899902344,16.72292709350586,13.25275707244873
24-05-2012,16.832462310791016,16.832462310791016,2009,16.993776321411133,16.957929611206055,13.438994407653809
25-05-2012,16.955936431884766,16.993776321411133,12553,17.09136199951172,16.987802505493164,13.462666511535645
29-05-2012,17.07941246032715,17.139158248901367,6528,17.139158248901367,17.127208709716797,13.573147773742676
30-05-2012,16.945980072021484,17.21483612060547,19081,17.21483612060547,17.017675399780273,13.486342430114746
31-05-2012,16.928056716918945,16.99576759338379,10545,17.005725860595703,16.955936431884766,13.43741512298584
01-06-2012,16.362459182739258,16.77669906616211,28119,16.81852149963379,16.362459182739258,12.967090606689453
04-06-2012,16.330595016479492,16.3544921875,25608,16.3544921875,16.350509643554688,13.013054847717285
05-06-2012,16.21309471130371,16.21309471130371,17574,16.531740188598633,16.529748916625977,13.15571117401123
06-06-2012,16.42220687866211,16.42220687866211,29123,17.312421798706055,17.312421798706055,13.7786226272583
07-06-2012,17.252676010131836,17.39805793762207,15566,17.402040481567383,17.252676010131836,13.73107624053955
08-06-2012,17.278566360473633,17.318397521972656,10545,17.360218048095703,17.286531448364258,13.75801944732666
11-06-2012,17.015682220458984,17.525516510009766,19081,17.525516510009766,17.015682220458984,13.542452812194824
12-06-2012,17.067462921142578,17.069454193115234,14562,17.376150131225586,17.222803115844727,13.707295417785645
13-06-2012,17.24471092224121,17.312421798706055,4017,17.320388793945312,17.24471092224121,13.724736213684082
14-06-2012,17.266616821289062,17.266616821289062,26111,17.625093460083008,17.61115264892578,14.01638126373291
15-06-2012,17.66492462158203,17.83022117614746,56238,18.118993759155273,17.66492462158203,14.05917739868164
18-06-2012,17.764501571655273,17.764501571655273,23600,17.995519638061523,17.94373893737793,14.281073570251465
19-06-2012,18.00348472595215,18.00348472595215,22596,18.1648006439209,18.120986938476562,14.422148704528809
20-06-2012,18.023401260375977,18.03734016418457,2009,18.043315887451172,18.033357620239258,14.352402687072754
21-06-2012,18.025392532348633,18.150859832763672,5021,18.150859832763672,18.025392532348633,14.34606647491455
22-06-2012,17.90789031982422,18.077171325683594,21591,18.150859832763672,18.150859832763672,14.445921897888184
25-06-2012,17.951705932617188,18.011451721191406,15566,18.041324615478516,18.01941680908203,14.341301918029785
26-06-2012,18.071197509765625,18.071197509765625,39668,18.64276885986328,18.640777587890625,14.835831642150879
27-06-2012,18.308189392089844,18.650733947753906,12553,18.670650482177734,18.308189392089844,14.571137428283691
28-06-2012,18.122976303100586,18.254419326782227,16068,18.37590217590332,18.37590217590332,14.62502670288086
29-06-2012,18.59696388244629,18.59696388244629,23098,19.064973831176758,18.919591903686523,15.05774211883545
02-07-2012,18.760269165039062,18.86183738708496,36655,18.907642364501953,18.83196449279785,14.988003730773926
03-07-2012,18.640777587890625,18.9116268157959,12553,18.9116268157959,18.662683486938477,14.853270530700684
05-07-2012,18.421707153320312,18.72043800354004,10545,18.72043800354004,18.551158905029297,14.764510154724121
06-07-2012,18.32213020324707,18.55314826965332,51217,18.55314826965332,18.32213020324707,14.582236289978027
09-07-2012,18.122976303100586,18.3420467376709,27115,18.3420467376709,18.188697814941406,14.476038932800293
10-07-2012,18.14488410949707,18.355987548828125,44187,18.39382553100586,18.158824920654297,14.452261924743652
11-07-2012,18.11501121520996,18.188697814941406,45693,18.196664810180664,18.152849197387695,14.447503089904785
12-07-2012,18.065223693847656,18.152849197387695,19081,18.608911514282227,18.57704734802246,14.785114288330078
13-07-2012,18.668657302856445,18.871795654296875,22094,18.899675369262695,18.74433708190918,14.918257713317871
16-07-2012,18.497386932373047,18.668657302856445,17072,18.782175064086914,18.541200637817383,14.75658893585205
17-07-2012,18.67861557006836,18.67861557006836,502,18.67861557006836,18.67861557006836,14.86595344543457
18-07-2012,18.698530197143555,18.698530197143555,11549,18.770227432250977,18.770227432250977,14.938863754272461
19-07-2012,18.620861053466797,18.704505920410156,8536,18.752302169799805,18.65471649169922,14.846925735473633
20-07-2012,18.37590217590332,18.59696388244629,9540,18.59696388244629,18.381877899169922,14.629779815673828
23-07-2012,18.049291610717773,18.1648006439209,10043,18.1648006439209,18.071197509765625,14.382515907287598
24-07-2012,17.802339553833008,18.071197509765625,8034,18.071197509765625,17.891958236694336,14.239866256713867
25-07-2012,17.812297821044922,18.001493453979492,21591,18.001493453979492,17.812297821044922,14.176464080810547
26-07-2012,18.02738380432129,18.033357620239258,7532,18.224546432495117,18.122976303100586,14.423731803894043
27-07-2012,18.178739547729492,18.182722091674805,13055,18.38785171508789,18.338062286376953,14.594907760620117
30-07-2012,18.18073272705078,18.242469787597656,4519,18.3420467376709,18.32213020324707,14.582236289978027
31-07-2012,18.122976303100586,18.28827476501465,15064,18.28827476501465,18.122976303100586,14.423731803894043
01-08-2012,18.122976303100586,18.33407974243164,49208,18.539207458496094,18.122976303100586,14.423731803894043
02-08-2012,17.7784423828125,17.989543914794922,38162,17.989543914794922,17.882001876831055,14.231939315795898
03-08-2012,18.1329345703125,18.1329345703125,5523,18.272342681884766,18.2086124420166,14.491891860961914
06-08-2012,17.96166229248047,18.385860443115234,23098,18.385860443115234,18.023401260375977,14.344482421875
07-08-2012,18.023401260375977,18.023401260375977,2009,18.023401260375977,18.023401260375977,14.344482421875
08-08-2012,17.85013771057129,17.923824310302734,11047,17.923824310302734,17.856111526489258,14.211338996887207
09-08-2012,17.654966354370117,17.726661682128906,14060,17.74259376525879,17.74259376525879,14.120986938476562
10-08-2012,17.525516510009766,17.525516510009766,13055,17.844161987304688,17.83818817138672,14.197068214416504
13-08-2012,17.625093460083008,17.902912139892578,20085,17.902912139892578,17.723674774169922,14.105934143066406
14-08-2012,17.55937385559082,17.768484115600586,39835,17.876026153564453,17.738611221313477,14.117820739746094
15-08-2012,17.78939437866211,17.822254180908203,25106,17.93278694152832,17.87303924560547,14.224809646606445
16-08-2012,17.75354766845703,17.890962600708008,16403,17.974607467651367,17.87303924560547,14.224809646606445
17-08-2012,17.68782615661621,17.85511589050293,29458,17.947721481323242,17.870052337646484,14.222427368164062
20-08-2012,17.702762603759766,17.953697204589844,18411,17.953697204589844,17.92681121826172,14.267606735229492
21-08-2012,17.747573852539062,18.004480361938477,13390,18.004480361938477,17.828229904174805,14.189148902893066
22-08-2012,17.708738327026367,17.708738327026367,44522,17.953697204589844,17.953697204589844,14.289002418518066
23-08-2012,17.759521484375,17.82524299621582,11047,17.870052337646484,17.81926727294922,14.182011604309082
24-08-2012,17.876026153564453,17.893951416015625,4687,18.028379440307617,18.013442993164062,14.336552619934082
27-08-2012,18.070201873779297,18.213592529296875,4352,18.213592529296875,18.1329345703125,14.43165111541748
28-08-2012,18.08513832092285,18.147872924804688,8369,18.285287857055664,18.08513832092285,14.393617630004883
29-08-2012,18.279312133789062,18.279312133789062,9708,18.72442054748535,18.53622055053711,14.7526216506958
30-08-2012,18.4047794342041,18.545183181762695,9373,18.55414581298828,18.4047794342041,14.64801025390625
31-08-2012,18.479461669921875,18.6138916015625,11716,18.72740936279297,18.482450485229492,14.709827423095703
04-09-2012,18.527259826660156,18.527259826660156,15399,18.799104690551758,18.78416633605957,14.949959754943848
05-09-2012,18.73935890197754,18.790142059326172,15399,18.89768409729004,18.73935890197754,14.969758033752441
06-09-2012,18.864824295043945,18.95145606994629,33140,19.28304672241211,19.28304672241211,15.404083251953125
07-09-2012,18.96340560913086,19.250186920166016,15733,19.27707290649414,19.24122428894043,15.37067985534668
10-09-2012,19.112770080566406,19.112770080566406,35484,19.22330093383789,19.220314025878906,15.353967666625977
11-09-2012,18.876773834228516,19.23525047302246,14729,19.23525047302246,18.876773834228516,15.079536437988281
12-09-2012,18.539207458496094,18.855863571166992,16403,18.855863571166992,18.539207458496094,14.809871673583984
13-09-2012,18.56011962890625,18.655712127685547,5021,18.742345809936523,18.640777587890625,14.891010284423828
14-09-2012,18.428678512573242,18.694547653198242,16738,18.694547653198242,18.461538314819336,14.747833251953125
17-09-2012,18.306198120117188,18.455564498901367,9373,18.461538314819336,18.324121475219727,14.638055801391602
18-09-2012,18.46452522277832,18.46452522277832,13390,18.712472915649414,18.640777587890625,14.891010284423828
19-09-2012,18.595966339111328,18.76923179626465,23433,18.76923179626465,18.628826141357422,14.881465911865234
20-09-2012,18.551158905029297,18.694547653198242,7699,18.700523376464844,18.551158905029297,14.819424629211426
21-09-2012,18.135921478271484,18.595966339111328,83688,18.655712127685547,18.135921478271484,14.487715721130371
24-09-2012,18.276325225830078,18.374906539916992,28789,18.431665420532227,18.35100746154785,14.65953540802002
25-09-2012,18.452577590942383,18.47647476196289,39501,18.551158905029297,18.48842430114746,14.769311904907227
26-09-2012,18.368932723999023,18.545183181762695,24772,18.625839233398438,18.431665420532227,14.723971366882324
27-09-2012,18.321134567260742,18.339059829711914,18411,18.637788772583008,18.637788772583008,14.888625144958496
28-09-2012,18.345033645629883,18.58999252319336,108794,18.978342056274414,18.67363739013672,14.917263984680176
01-10-2012,18.805078506469727,18.828977584838867,112811,20.672143936157227,18.969379425048828,15.153517723083496
02-10-2012,18.9873046875,19.079910278320312,12386,19.21732521057129,19.058998107910156,15.225110054016113
03-10-2012,19.064973831176758,19.064973831176758,15064,19.462284088134766,19.462284088134766,15.547266960144043
04-10-2012,19.19342803955078,19.423450469970703,29458,19.441373825073242,19.29499626159668,15.413629531860352
05-10-2012,19.163555145263672,19.27109718322754,13390,19.32486915588379,19.28304672241211,15.404083251953125
08-10-2012,19.184465408325195,19.214338302612305,1674,19.226287841796875,19.226287841796875,15.358741760253906
09-10-2012,19.175504684448242,19.24122428894043,6360,19.244211196899414,19.226287841796875,15.358741760253906
10-10-2012,18.760269165039062,18.978342056274414,13390,18.978342056274414,18.760269165039062,14.986474990844727
11-10-2012,18.834951400756836,18.969379425048828,10712,18.97535514831543,18.864824295043945,15.069992065429688
12-10-2012,18.73935890197754,18.855863571166992,54899,19.014190673828125,18.89768409729004,15.09624195098877
15-10-2012,18.91560935974121,18.91560935974121,66281,19.208364486694336,19.148618698120117,15.296701431274414
16-10-2012,18.894697189331055,19.154592514038086,11716,19.256160736083984,19.256160736083984,15.382607460021973
17-10-2012,19.160568237304688,19.369678497314453,24437,19.387603759765625,19.30097007751465,15.418403625488281
18-10-2012,18.90963363647461,19.09783363342285,6695,19.09783363342285,18.90963363647461,15.105785369873047
19-10-2012,18.449588775634766,18.82001495361328,20085,18.82001495361328,18.449588775634766,14.738283157348633
22-10-2012,18.431665420532227,18.53622055053711,14060,18.598953247070312,18.45855140686035,14.745444297790527
23-10-2012,18.17475700378418,18.31217384338379,9373,18.39282989501953,18.207618713378906,14.544984817504883
24-10-2012,18.088125228881836,18.374906539916992,21089,18.374906539916992,18.1389102935791,14.490094184875488
25-10-2012,18.16280746459961,18.291261672973633,4017,18.291261672973633,18.28230094909668,14.604643821716309
26-10-2012,18.171770095825195,18.309186935424805,2678,18.348020553588867,18.171770095825195,14.516349792480469
31-10-2012,18.129947662353516,18.276325225830078,13390,18.38088035583496,18.279312133789062,14.602253913879395
01-11-2012,18.201642990112305,18.41075325012207,13055,18.48842430114746,18.48842430114746,14.769311904907227
02-11-2012,18.53622055053711,18.56609344482422,43183,18.637788772583008,18.56609344482422,14.831352233886719
05-11-2012,18.28827476501465,18.455564498901367,5356,18.54817008972168,18.515310287475586,14.790783882141113
06-11-2012,18.44660186767578,18.44660186767578,3682,18.63181495666504,18.57206916809082,14.836124420166016
07-11-2012,18.15683364868164,18.30022430419922,23098,18.4047794342041,18.4047794342041,14.702486991882324
08-11-2012,18.39282989501953,18.39282989501953,33475,18.581031799316406,18.521284103393555,14.795553207397461
09-11-2012,18.141897201538086,18.374906539916992,50882,18.557132720947266,18.386856079101562,14.688172340393066
12-11-2012,17.91486167907715,18.315160751342773,56238,18.315160751342773,18.159820556640625,14.50680923461914
13-11-2012,18.013442993164062,18.013442993164062,8369,18.533233642578125,18.455564498901367,14.743057250976562
14-11-2012,18.237491607666016,18.264375686645508,15733,18.374906539916992,18.237491607666016,14.56884765625
15-11-2012,18.219566345214844,18.348020553588867,12721,18.5123233795166,18.44660186767578,14.735899925231934
16-11-2012,18.240478515625,18.443614959716797,22094,18.61986541748047,18.61986541748047,14.874307632446289
19-11-2012,18.712472915649414,18.712472915649414,11716,18.954444885253906,18.954444885253906,15.141586303710938
20-11-2012,18.682598114013672,18.86781120300293,15064,19.178491592407227,19.175504684448242,15.3181791305542
21-11-2012,19.00522804260254,19.22330093383789,38496,19.321882247924805,19.163555145263672,15.308633804321289
23-11-2012,19.27707290649414,19.27707290649414,2343,19.417476654052734,19.417476654052734,15.511473655700684
26-11-2012,19.268110275268555,19.268110275268555,42848,19.492158889770508,19.381628036499023,15.482841491699219
27-11-2012,19.749065399169922,20.038835525512695,67285,20.038835525512695,19.799850463867188,15.816926956176758
28-11-2012,19.623600006103516,19.937267303466797,67954,19.937267303466797,19.90440559387207,15.9004545211792
29-11-2012,19.868558883666992,20.0,103103,20.43913459777832,20.295743942260742,16.21307373046875
30-11-2012,19.563854217529297,19.94025421142578,65946,20.21807289123535,20.21807289123535,16.151023864746094
03-12-2012,20.09559440612793,20.224048614501953,35484,20.31964111328125,20.134429931640625,16.145036697387695
04-12-2012,19.907394409179688,20.07169532775879,50213,20.209110260009766,20.002986907958984,16.039636611938477
05-12-2012,19.865570068359375,20.310680389404297,50547,20.463031768798828,19.907394409179688,15.962981224060059
06-12-2012,19.59073829650879,20.146377563476562,40505,20.146377563476562,19.8924560546875,15.951003074645996
07-12-2012,19.716205596923828,19.865570068359375,62598,19.94025421142578,19.8924560546875,15.951003074645996
10-12-2012,18.745332717895508,18.7781925201416,49208,19.053024291992188,18.999252319335938,16.208404541015625
11-12-2012,18.846900939941406,19.14264488220215,28119,19.14264488220215,18.954444885253906,16.17017936706543
12-12-2012,18.455564498901367,18.745332717895508,23767,18.745332717895508,18.455564498901367,15.744579315185547
13-12-2012,18.177745819091797,18.428678512573242,32471,18.503360748291016,18.318147659301758,15.62734603881836
14-12-2012,18.016429901123047,18.303211212158203,154655,18.389842987060547,18.150859832763672,15.484636306762695
17-12-2012,17.8610897064209,18.207618713378906,96073,18.249439239501953,18.135921478271484,15.471893310546875
18-12-2012,18.08513832092285,18.135921478271484,31132,18.297237396240234,18.297237396240234,15.609505653381348
19-12-2012,18.15683364868164,18.249439239501953,62598,18.297237396240234,18.21060562133789,15.535598754882812
20-12-2012,18.147872924804688,18.222553253173828,41844,18.356983184814453,18.356983184814453,15.660480499267578
21-12-2012,18.070201873779297,18.15683364868164,88039,18.497386932373047,18.1389102935791,15.474435806274414
24-12-2012,17.995519638061523,18.076175689697266,16738,18.18670654296875,18.18073272705078,15.510115623474121
26-12-2012,18.117998123168945,18.21060562133789,91387,18.28827476501465,18.16878318786621,15.499921798706055
27-12-2012,18.040328979492188,18.67363739013672,73645,18.67363739013672,18.44660186767578,15.736936569213867
28-12-2012,18.14488410949707,18.401792526245117,56238,18.452577590942383,18.273338317871094,15.58912181854248
31-12-2012,18.028379440307617,18.106048583984375,39166,18.569080352783203,18.371919631958008,15.673219680786133
02-01-2013,18.449588775634766,18.587005615234375,45191,18.8797607421875,18.8797607421875,16.106460571289062
03-01-2013,18.670650482177734,18.823001861572266,107790,19.011201858520508,18.834951400756836,16.0682373046875
04-01-2013,18.840925216674805,18.918596267700195,29123,18.960418701171875,18.94548225402832,16.16252326965332
07-01-2013,18.67363739013672,18.82001495361328,24772,18.823001861572266,18.76923179626465,16.012170791625977
08-01-2013,18.527259826660156,18.63181495666504,20085,19.044063568115234,19.01717758178711,16.22369384765625
09-01-2013,18.799104690551758,19.190441131591797,75654,19.190441131591797,18.834951400756836,16.0682373046875
10-01-2013,18.811052322387695,18.924570083618164,140595,19.121732711791992,18.972366333007812,16.185468673706055
11-01-2013,18.68558692932129,18.90963363647461,43183,19.020164489746094,18.787155151367188,16.02745819091797
14-01-2013,18.706497192382812,18.706497192382812,68959,19.08588409423828,19.08588409423828,16.282312393188477
15-01-2013,18.94548225402832,19.079910278320312,93061,19.208364486694336,19.18147850036621,16.363866806030273
16-01-2013,19.029125213623047,19.232263565063477,2009,19.232263565063477,19.067960739135742,16.267017364501953
17-01-2013,19.20537757873535,19.20537757873535,15399,19.351755142211914,19.31291961669922,16.47599220275879
18-01-2013,19.315906524658203,19.357730865478516,2009,19.357730865478516,19.339805603027344,16.498933792114258
22-01-2013,19.268110275268555,19.33084487915039,9038,19.417476654052734,19.30694580078125,16.470895767211914
23-01-2013,19.21732521057129,19.30694580078125,12386,19.3607177734375,19.2591495513916,16.43012046813965
24-01-2013,19.3547420501709,19.3547420501709,3013,19.465272903442383,19.384614944458008,16.537155151367188
25-01-2013,19.417476654052734,19.417476654052734,11382,19.683345794677734,19.683345794677734,16.792009353637695
28-01-2013,19.411500930786133,19.68035888671875,9373,19.68035888671875,19.453323364257812,16.59577751159668
29-01-2013,19.438386917114258,19.438386917114258,8704,19.647497177124023,19.647497177124023,16.76142120361328
30-01-2013,19.39059066772461,19.39059066772461,9373,19.895444869995117,19.787900924682617,16.881206512451172
31-01-2013,19.545930862426758,19.784914016723633,9373,19.784914016723633,19.60866355895996,16.728294372558594
01-02-2013,19.69828224182129,19.71023178100586,16068,19.826736450195312,19.826736450195312,16.91433334350586
04-02-2013,19.519044876098633,19.808813095092773,25776,19.808813095092773,19.6265869140625,16.743589401245117
05-02-2013,19.510082244873047,19.510082244873047,25776,19.778940200805664,19.6265869140625,16.743589401245117
06-02-2013,19.611650466918945,19.775951385498047,17407,19.820762634277344,19.820762634277344,16.90924072265625
07-02-2013,19.734130859375,19.817773818969727,10043,19.853622436523438,19.799850463867188,16.891399383544922
08-02-2013,19.838685989379883,19.880508422851562,9708,19.961164474487305,19.922330856323242,16.99588394165039
11-02-2013,19.605676651000977,20.044809341430664,10377,20.044809341430664,19.701269149780273,16.807300567626953
12-02-2013,19.671396255493164,19.856609344482422,8034,19.86258316040039,19.671396255493164,16.781808853149414
13-02-2013,19.56086540222168,19.64451026916504,23098,19.716205596923828,19.653472900390625,16.76651954650879
14-02-2013,19.569828033447266,19.823749542236328,11047,19.835697174072266,19.69230842590332,16.79965591430664
15-02-2013,19.725168228149414,19.841672897338867,9708,20.074682235717773,20.06572151184082,17.118213653564453
19-02-2013,20.05974578857422,20.089618682861328,24437,20.316654205322266,20.31366729736328,17.32973861694336
20-02-2013,20.286781311035156,20.328603744506836,6695,20.463031768798828,20.31366729736328,17.32973861694336
21-02-2013,20.050783157348633,20.191186904907227,8369,20.191186904907227,20.089618682861328,17.138599395751953
22-02-2013,20.086631774902344,20.086631774902344,8034,20.412248611450195,20.412248611450195,17.413841247558594
25-02-2013,20.122478485107422,20.334577560424805,30128,20.48693084716797,20.122478485107422,17.166635513305664
26-02-2013,19.92830467224121,20.02987289428711,8704,20.09559440612793,20.062732696533203,17.11566925048828
27-02-2013,19.94025421142578,19.94025421142578,15064,20.05974578857422,19.946229934692383,17.016273498535156
28-02-2013,19.925317764282227,20.05974578857422,11716,20.15534019470215,20.044809341430664,17.100372314453125
01-03-2013,19.847646713256836,20.03584861755371,6026,20.03584861755371,19.847646713256836,16.932172775268555
04-03-2013,19.901418685913086,19.901418685913086,19750,20.4749813079834,20.454069137573242,17.44951629638672
05-03-2013,20.576549530029297,20.642269134521484,13725,20.869304656982422,20.85735511779785,17.79356575012207
06-03-2013,20.597461700439453,20.75877571105957,14729,20.75877571105957,20.713966369628906,17.73601531982422
07-03-2013,20.477968215942383,20.549663543701172,8369,20.561613082885742,20.558626174926758,17.60300636291504
08-03-2013,20.46900749206543,20.657207489013672,10712,20.657207489013672,20.546676635742188,17.5927677154541
11-03-2013,20.59148597717285,20.59148597717285,23098,20.69305419921875,20.68110466003418,17.707874298095703
12-03-2013,20.702016830444336,20.702016830444336,15399,20.84242057800293,20.84242057800293,17.84600257873535
13-03-2013,20.630321502685547,20.630321502685547,4687,20.743839263916016,20.73487663269043,17.753915786743164
14-03-2013,20.719940185546875,20.9111270904541,34479,20.91411590576172,20.890216827392578,17.88692855834961
15-03-2013,20.68708038330078,20.68708038330078,94400,21.478715896606445,21.478715896606445,18.390819549560547
18-03-2013,21.075429916381836,21.212844848632812,13055,21.2218074798584,21.075429916381836,18.045509338378906
19-03-2013,21.0126953125,21.0126953125,12721,21.344287872314453,21.197908401489258,18.15038299560547
20-03-2013,21.269603729248047,21.44585418701172,12386,21.44585418701172,21.401046752929688,18.324316024780273
21-03-2013,21.159074783325195,21.278566360473633,11382,21.281553268432617,21.242717742919922,18.188751220703125
22-03-2013,21.224794387817383,21.36818504333496,9708,21.371173858642578,21.23076820373535,18.17852210998535
25-03-2013,21.365198135375977,21.418968200683594,7365,21.616130828857422,21.365198135375977,18.293624877929688
26-03-2013,21.389095306396484,21.389095306396484,36823,21.75354766845703,21.68782615661621,18.569862365722656
27-03-2013,21.56534767150879,21.6579532623291,3682,21.68782615661621,21.637042999267578,18.526382446289062
28-03-2013,21.5952205657959,21.672889709472656,41509,21.986557006835938,21.986557006835938,18.825647354125977
01-04-2013,21.882001876831055,22.09111213684082,19416,22.09111213684082,22.010456085205078,18.846113204956055
02-04-2013,22.055265426635742,22.06721305847168,24437,22.22852897644043,22.183719635009766,18.994462966918945
03-04-2013,21.83719253540039,21.99253273010254,11382,21.99253273010254,21.88498878479004,18.738677978515625
04-04-2013,21.58924674987793,21.828229904174805,14729,21.828229904174805,21.58924674987793,18.485456466674805
05-04-2013,21.293502807617188,21.374160766601562,18077,21.45780372619629,21.329349517822266,18.262924194335938
08-04-2013,21.347274780273438,21.371173858642578,2343,21.478715896606445,21.46975326538086,18.383142471313477
09-04-2013,21.266616821289062,21.266616821289062,5691,21.475727081298828,21.401046752929688,18.324316024780273
10-04-2013,21.31441307067871,21.50560188293457,40170,21.586257934570312,21.55339813232422,18.45476531982422
11-04-2013,21.44585418701172,21.568334579467773,30797,21.72964859008789,21.72964859008789,18.60567855834961
12-04-2013,21.45182991027832,21.454816818237305,5356,21.622106552124023,21.622106552124023,18.513591766357422
15-04-2013,21.460792541503906,21.622106552124023,7365,21.750560760498047,21.460792541503906,18.375476837158203
16-04-2013,21.320388793945312,21.508588790893555,10043,21.762508392333984,21.762508392333984,18.633811950683594
17-04-2013,21.200895309448242,21.598207473754883,19416,21.598207473754883,21.293502807617188,18.232227325439453
18-04-2013,21.209857940673828,21.317401885986328,6695,21.48170280456543,21.27259063720703,18.214332580566406
19-04-2013,21.472740173339844,21.472740173339844,5021,21.684839248657227,21.684839248657227,18.567310333251953
22-04-2013,21.36818504333496,21.643016815185547,54230,21.681852340698242,21.568334579467773,18.467552185058594
23-04-2013,21.508588790893555,21.75354766845703,5021,21.75354766845703,21.508588790893555,18.416397094726562
24-04-2013,21.251680374145508,21.478715896606445,5356,21.538461685180664,21.281553268432617,18.222002029418945
25-04-2013,21.075429916381836,21.251680374145508,17407,21.251680374145508,21.182971954345703,18.13759422302246
26-04-2013,21.171022415161133,21.171022415161133,5691,21.302465438842773,21.257654190063477,18.2015323638916
29-04-2013,21.117252349853516,21.117252349853516,8369,21.26064109802246,21.200895309448242,18.152936935424805
30-04-2013,20.926063537597656,21.1202392578125,20420,21.16803550720215,21.093353271484375,18.060853958129883
01-05-2013,20.887229919433594,21.033607482910156,7365,21.200895309448242,21.030620574951172,18.00714683532715
02-05-2013,20.967885971069336,21.0186710357666,14394,21.365198135375977,21.365198135375977,18.293624877929688
03-05-2013,21.236743927001953,21.236743927001953,2343,21.42195701599121,21.371173858642578,18.29874610900879
06-05-2013,21.15011215209961,21.571321487426758,21089,21.571321487426758,21.305452346801758,18.242464065551758
07-05-2013,21.200895309448242,21.200895309448242,670,21.317401885986328,21.317401885986328,18.2526912689209
08-05-2013,21.404033660888672,21.583271026611328,14060,21.616130828857422,21.583271026611328,18.4803466796875
09-05-2013,21.353248596191406,21.660940170288086,22094,21.660940170288086,21.50560188293457,18.41383934020996
10-05-2013,21.209857940673828,21.38013458251953,6026,21.52352523803711,21.52352523803711,18.42919158935547
13-05-2013,21.60418128967285,21.60418128967285,335,21.60418128967285,21.60418128967285,18.498247146606445
14-05-2013,21.478715896606445,21.478715896606445,12386,21.902912139892578,21.828229904174805,18.690086364746094
15-05-2013,21.810306549072266,21.974607467651367,3348,22.267364501953125,21.810306549072266,18.674739837646484
16-05-2013,21.882001876831055,21.882001876831055,8369,22.35100746154785,22.1389102935791,18.956098556518555
17-05-2013,22.064226150512695,22.088125228881836,7365,22.19865608215332,22.17475700378418,18.98678970336914
20-05-2013,21.882001876831055,22.28827476501465,33810,22.33607292175293,21.96265983581543,18.80518341064453
21-05-2013,21.792381286621094,21.99253273010254,8034,21.995519638061523,21.83121681213379,18.692649841308594
22-05-2013,21.738611221313477,22.016429901123047,30462,22.183719635009766,21.8610897064209,18.718223571777344
23-05-2013,21.643016815185547,21.71172523498535,7030,21.85511589050293,21.723674774169922,18.600561141967773
24-05-2013,21.669902801513672,21.669902801513672,7699,21.941747665405273,21.870052337646484,18.72589683532715
28-05-2013,21.681852340698242,21.738611221313477,17407,22.106048583984375,21.774459838867188,18.644044876098633
29-05-2013,21.547422409057617,21.675878524780273,11047,21.723674774169922,21.60418128967285,18.498247146606445
30-05-2013,21.68782615661621,21.68782615661621,4017,21.846153259277344,21.777446746826172,18.64659881591797
31-05-2013,21.144136428833008,21.53547477722168,13725,21.56534767150879,21.248693466186523,18.19386863708496
03-06-2013,20.896190643310547,21.212844848632812,11382,21.329349517822266,20.985809326171875,18.03342628479004
04-06-2013,20.896190643310547,20.985809326171875,14060,21.188947677612305,21.093353271484375,18.125835418701172
05-06-2013,20.854368209838867,20.949962615966797,7365,21.03659439086914,20.949962615966797,18.00262451171875
06-06-2013,20.84242057800293,20.84242057800293,2343,20.896190643310547,20.896190643310547,17.95641326904297
07-06-2013,20.926063537597656,20.926063537597656,12051,21.5952205657959,21.36818504333496,18.36200714111328
10-06-2013,21.209857940673828,21.209857940673828,3013,21.407020568847656,21.287527084350586,18.292694091796875
11-06-2013,20.845407485961914,21.057506561279297,3682,21.532487869262695,21.41000747680664,18.397945404052734
12-06-2013,21.039581298828125,21.206871032714844,4352,21.206871032714844,21.117252349853516,18.146381378173828
13-06-2013,20.949962615966797,21.06049346923828,6360,21.239730834960938,21.239730834960938,18.25162696838379
14-06-2013,21.209857940673828,21.48170280456543,5021,21.526512145996094,21.254667282104492,18.264455795288086
17-06-2013,21.03659439086914,21.496639251708984,16403,21.56534767150879,21.209857940673828,18.225948333740234
18-06-2013,21.209857940673828,21.209857940673828,7699,21.302465438842773,21.302465438842773,18.305532455444336
19-06-2013,20.824495315551758,21.508588790893555,21759,21.56534767150879,20.836444854736328,17.905075073242188
20-06-2013,20.077669143676758,20.582523345947266,34479,20.7528018951416,20.077669143676758,17.2530460357666
21-06-2013,20.014936447143555,20.014936447143555,72641,20.531740188598633,20.224048614501953,17.37883949279785
24-06-2013,20.02987289428711,20.310680389404297,22428,20.448095321655273,20.274831771850586,17.42247200012207
25-06-2013,20.074682235717773,20.238983154296875,13055,20.238983154296875,20.164302825927734,17.327491760253906
26-06-2013,20.020910263061523,20.164302825927734,28119,20.238983154296875,20.104555130004883,17.276142120361328
27-06-2013,20.13741683959961,20.233009338378906,29123,20.31366729736328,20.21807289123535,17.373695373535156
28-06-2013,20.119491577148438,20.209110260009766,29123,20.253921508789062,20.212099075317383,17.368566513061523
01-07-2013,20.253921508789062,20.31366729736328,46530,20.546676635742188,20.43913459777832,17.563657760620117
02-07-2013,20.34354019165039,20.489917755126953,32136,20.672143936157227,20.54070281982422,17.650936126708984
03-07-2013,20.463031768798828,20.495891571044922,18411,20.624347686767578,20.597461700439453,17.699708938598633
05-07-2013,20.537715911865234,20.770723342895508,33140,20.770723342895508,20.654220581054688,17.74848747253418
08-07-2013,20.678117752075195,20.836444854736328,29458,21.063480377197266,21.06049346923828,18.09760284423828
09-07-2013,21.18596076965332,21.21583366394043,15733,21.404033660888672,21.341299057006836,18.33890151977539
10-07-2013,21.344287872314453,21.344287872314453,9373,21.672889709472656,21.562360763549805,18.52886390686035
11-07-2013,21.822254180908203,21.822254180908203,8369,22.1329345703125,22.028379440307617,18.929319381713867
12-07-2013,21.956684112548828,22.10306167602539,9708,22.106048583984375,22.088125228881836,18.98066520690918
15-07-2013,21.96265983581543,22.046302795410156,14060,22.21657943725586,22.195667266845703,19.073070526123047
16-07-2013,22.135921478271484,22.135921478271484,7699,22.30022430419922,22.261388778686523,19.12955093383789
17-07-2013,22.28230094909668,22.485437393188477,10043,22.509334564208984,22.38088035583496,19.23222541809082
18-07-2013,22.356983184814453,22.545183181762695,25441,22.545183181762695,22.407766342163086,19.25533676147461
19-07-2013,22.359970092773438,22.473487854003906,2678,22.473487854003906,22.371919631958008,19.224533081054688
22-07-2013,22.189693450927734,22.416728973388672,10712,22.416728973388672,22.30022430419922,19.162919998168945
23-07-2013,22.315160751342773,22.324121475219727,3682,22.43465232849121,22.315160751342773,19.175750732421875
24-07-2013,21.89693832397461,22.16878318786621,4017,22.16878318786621,21.905899047851562,18.824068069458008
25-07-2013,21.953697204589844,21.953697204589844,1004,22.123973846435547,22.123973846435547,19.01146697998047
26-07-2013,21.80731964111328,22.070201873779297,7030,22.070201873779297,22.046302795410156,18.944721221923828
29-07-2013,21.79537010192871,21.956684112548828,25106,21.959671020507812,21.923824310302734,18.839475631713867
30-07-2013,21.822254180908203,21.822254180908203,3682,22.12696075439453,21.846153259277344,18.77273178100586
31-07-2013,22.055265426635742,22.088125228881836,13390,22.22852897644043,22.055265426635742,18.952423095703125
01-08-2013,21.953697204589844,22.276325225830078,14394,22.30022430419922,22.30022430419922,19.162919998168945
02-08-2013,21.81329345703125,22.150859832763672,5691,22.150859832763672,21.902912139892578,18.821500778198242
05-08-2013,21.80134391784668,21.849140167236328,17407,21.92681121826172,21.80731964111328,18.739362716674805
06-08-2013,21.696788787841797,21.974607467651367,11382,21.974607467651367,21.768484115600586,18.70598793029785
07-08-2013,21.472740173339844,21.58924674987793,6695,21.6579532623291,21.472740173339844,18.45185089111328
08-08-2013,21.475727081298828,21.643016815185547,42179,21.681852340698242,21.52352523803711,18.49549674987793
09-08-2013,21.484689712524414,21.601194381713867,8704,21.601194381713867,21.508588790893555,18.482656478881836
12-08-2013,21.144136428833008,21.335325241088867,8369,21.335325241088867,21.144136428833008,18.169483184814453
13-08-2013,21.200895309448242,21.350261688232422,30797,21.508588790893555,21.508588790893555,18.482656478881836
14-08-2013,21.15011215209961,21.640029907226562,29458,21.643016815185547,21.203882217407227,18.220813751220703
15-08-2013,20.98282241821289,21.317401885986328,15064,21.317401885986328,21.06049346923828,18.09760284423828
16-08-2013,20.836444854736328,20.958925247192383,28454,21.063480377197266,20.836444854736328,17.905075073242188
19-08-2013,20.946975708007812,20.95294952392578,3013,21.06049346923828,21.06049346923828,18.09760284423828
20-08-2013,20.8483943939209,20.988798141479492,17407,21.051530838012695,20.90216636657715,17.9615535736084
21-08-2013,20.731889724731445,21.030620574951172,4687,21.030620574951172,20.73487663269043,17.817790985107422
22-08-2013,20.31366729736328,20.666168212890625,73310,20.815534591674805,20.489917755126953,17.6072940826416
23-08-2013,20.57953643798828,20.636295318603516,25441,20.761762619018555,20.612396240234375,17.712543487548828
26-08-2013,20.492904663085938,20.746826171875,14729,20.746826171875,20.60940933227539,17.709976196289062
27-08-2013,20.507841110229492,20.567588806152344,11716,20.612396240234375,20.543689727783203,17.65351104736328
28-08-2013,20.268856048583984,20.340553283691406,21089,20.370426177978516,20.2718448638916,17.419902801513672
29-08-2013,20.16728973388672,20.388349533081055,12051,20.40926170349121,20.16728973388672,17.330059051513672
30-08-2013,20.0059757232666,20.116504669189453,25776,20.158327102661133,20.0059757232666,17.191444396972656
03-09-2013,19.737117767333984,20.45705795288086,61259,20.45705795288086,19.901418685913086,17.166963577270508
04-09-2013,19.755041122436523,19.95220375061035,109129,20.05974578857422,19.98207664489746,17.236530303955078
05-09-2013,19.772964477539062,20.014936447143555,53560,20.014936447143555,19.853622436523438,17.125732421875
06-09-2013,19.704256057739258,19.8984317779541,70632,19.907394409179688,19.790889739990234,17.071617126464844
09-09-2013,19.69230842590332,19.69230842590332,141934,19.979089736938477,19.853622436523438,17.125732421875
10-09-2013,19.84465980529785,20.02987289428711,119841,20.02987289428711,19.93427848815918,17.19530487060547
11-09-2013,19.931291580200195,19.949216842651367,78332,20.179237365722656,20.032859802246094,17.28034210205078
12-09-2013,20.044809341430664,20.1075439453125,45861,20.164302825927734,20.1075439453125,17.34476089477539
13-09-2013,20.074682235717773,20.194175720214844,83688,20.209110260009766,20.209110260009766,17.43236541748047
16-09-2013,20.28976821899414,20.46900749206543,42513,20.57953643798828,20.30769157409668,17.517406463623047
17-09-2013,20.31366729736328,20.31366729736328,18746,20.51082992553711,20.38536262512207,17.58441162109375
18-09-2013,20.328603744506836,20.543689727783203,15064,20.839431762695312,20.839431762695312,17.976083755493164
19-09-2013,20.696041107177734,20.839431762695312,31132,20.9111270904541,20.71097755432129,17.86528205871582
20-09-2013,20.074682235717773,20.707990646362305,74649,20.839431762695312,20.074682235717773,17.31641387939453
23-09-2013,20.077669143676758,20.077669143676758,30797,20.349515914916992,20.295743942260742,17.507104873657227
24-09-2013,20.074682235717773,20.31366729736328,33140,20.31366729736328,20.08364486694336,17.32414436340332
25-09-2013,20.07169532775879,20.074682235717773,49543,20.176250457763672,20.12546730041504,17.36022186279297
26-09-2013,20.08364486694336,20.173263549804688,5356,20.238983154296875,20.1075439453125,17.34476089477539
27-09-2013,19.94025421142578,20.40328598022461,33140,20.40328598022461,20.05974578857422,17.303525924682617
30-09-2013,19.769977569580078,19.880508422851562,7365,19.985063552856445,19.769977569580078,17.05357551574707
01-10-2013,19.856609344482422,20.014936447143555,35818,20.28976821899414,20.28976821899414,17.5019474029541
02-10-2013,19.838685989379883,20.292755126953125,45526,20.292755126953125,20.062732696533203,17.306102752685547
03-10-2013,19.907394409179688,20.116504669189453,35484,20.116504669189453,20.0,17.251995086669922
04-10-2013,19.98805046081543,20.0,30462,20.349515914916992,20.224048614501953,17.445253372192383
07-10-2013,19.961164474487305,19.961164474487305,38831,20.41523551940918,20.32561683654785,17.53287696838379
08-10-2013,20.044809341430664,20.418222427368164,64272,20.430171966552734,20.044809341430664,17.290645599365234
09-10-2013,19.55489158630371,20.179237365722656,63268,20.179237365722656,19.775951385498047,17.058727264404297
10-10-2013,19.931291580200195,19.931291580200195,35818,20.442121505737305,20.442121505737305,17.633371353149414
11-10-2013,20.397310256958008,20.397310256958008,26780,20.62135887145996,20.582523345947266,17.75447654724121
14-10-2013,20.57953643798828,20.57953643798828,22428,20.78267478942871,20.678117752075195,17.83693504333496
15-10-2013,20.519790649414062,20.6392822265625,11382,20.654220581054688,20.534727096557617,17.7132511138916
16-10-2013,20.31964111328125,20.31964111328125,23767,20.878267288208008,20.803585052490234,17.94516944885254
17-10-2013,20.767736434936523,20.767736434936523,8704,21.218820571899414,21.209857940673828,18.295616149902344
18-10-2013,21.15011215209961,21.165048599243164,12051,21.383121490478516,21.302465438842773,18.375497817993164
21-10-2013,21.129201889038086,21.365198135375977,20420,21.514562606811523,21.36818504333496,18.432186126708984
22-10-2013,21.43390655517578,21.448841094970703,13725,21.613143920898438,21.55339813232422,18.591960906982422
23-10-2013,21.263629913330078,21.290515899658203,2009,21.320388793945312,21.2845401763916,18.36003303527832
24-10-2013,21.135175704956055,21.135175704956055,28119,21.329349517822266,21.31441307067871,18.385805130004883
25-10-2013,21.224794387817383,21.224794387817383,7699,21.472740173339844,21.31441307067871,18.385805130004883
28-10-2013,21.359222412109375,21.359222412109375,6695,21.74159812927246,21.68782615661621,18.707914352416992
29-10-2013,21.637042999267578,21.637042999267578,25106,21.91486167907715,21.8670654296875,18.862516403198242
30-10-2013,21.56534767150879,21.777446746826172,15064,21.882001876831055,21.586257934570312,18.62030029296875
31-10-2013,21.374160766601562,21.374160766601562,28454,21.71769905090332,21.532487869262695,18.57392120361328
01-11-2013,21.257654190063477,21.6579532623291,25776,21.6579532623291,21.53547477722168,18.576494216918945
04-11-2013,21.377147674560547,21.377147674560547,25441,21.714712142944336,21.64600372314453,18.67183494567871
05-11-2013,21.227781295776367,21.227781295776367,12386,21.88498878479004,21.732635498046875,18.746564865112305
06-11-2013,21.517549514770508,21.517549514770508,3013,21.810306549072266,21.669902801513672,18.69244956970215
07-11-2013,21.484689712524414,21.882001876831055,12721,21.905899047851562,21.669902801513672,18.69244956970215
08-11-2013,21.209857940673828,21.209857940673828,6695,21.920835494995117,21.732635498046875,18.746564865112305
11-11-2013,21.708738327026367,21.708738327026367,10712,21.917848587036133,21.852127075195312,18.849639892578125
12-11-2013,21.732635498046875,21.732635498046875,3013,21.929798126220703,21.777446746826172,18.78521156311035
13-11-2013,21.508588790893555,21.508588790893555,8704,21.89693832397461,21.89693832397461,18.888290405273438
14-11-2013,21.89693832397461,21.89693832397461,13390,22.201642990112305,22.106048583984375,19.068666458129883
15-11-2013,22.02240562438965,22.50037384033203,4687,22.50037384033203,22.06123924255371,19.030012130737305
18-11-2013,22.046302795410156,22.11501121520996,25441,22.225540161132812,22.094100952148438,19.058366775512695
19-11-2013,22.01941680908203,22.01941680908203,38162,22.109037399291992,22.10306167602539,19.066091537475586
20-11-2013,21.852127075195312,21.882001876831055,34145,22.21657943725586,22.076175689697266,19.04289436340332
21-11-2013,22.0313663482666,22.070201873779297,8034,22.255413055419922,22.18073272705078,19.133089065551758
22-11-2013,22.18073272705078,22.18073272705078,9038,22.240478515625,22.222553253173828,19.169170379638672
25-11-2013,22.28827476501465,22.4047794342041,15064,22.482450485229492,22.28827476501465,19.225858688354492
26-11-2013,22.213592529296875,22.39581871032715,3682,22.39581871032715,22.225540161132812,19.171743392944336
27-11-2013,22.123973846435547,22.4047794342041,22428,22.449588775634766,22.356983184814453,19.285127639770508
29-11-2013,22.18073272705078,22.4047794342041,25776,22.4047794342041,22.249439239501953,19.192359924316406
02-12-2013,21.720687866210938,22.628826141357422,14729,22.628826141357422,21.723674774169922,18.81207847595215
03-12-2013,21.702762603759766,21.79537010192871,45861,22.02240562438965,22.02240562438965,19.07077980041504
04-12-2013,21.879013061523438,22.09111213684082,34145,22.24645233154297,22.222553253173828,19.244094848632812
05-12-2013,21.965646743774414,22.225540161132812,33475,22.225540161132812,22.079164505004883,19.119922637939453
06-12-2013,22.02240562438965,22.27035140991211,50547,22.634801864624023,22.50634765625,19.48984718322754
09-12-2013,22.318147659301758,22.604928970336914,19416,22.604928970336914,22.389842987060547,19.38896369934082
10-12-2013,22.14488410949707,22.14488410949707,14394,22.482450485229492,22.297237396240234,19.308778762817383
11-12-2013,22.19268035888672,22.255413055419922,20085,22.470500946044922,22.19268035888672,19.218229293823242
12-12-2013,21.56534767150879,22.043315887451172,22094,22.043315887451172,21.583271026611328,18.690502166748047
13-12-2013,21.51157569885254,21.792381286621094,35149,21.792381286621094,21.544435501098633,18.6568603515625
16-12-2013,21.52352523803711,21.52352523803711,15399,21.79537010192871,21.651979446411133,18.749996185302734
17-12-2013,21.48170280456543,21.54144859313965,27115,21.631067276000977,21.571321487426758,18.68015480041504
18-12-2013,21.365198135375977,21.586257934570312,49208,21.956684112548828,21.956684112548828,19.013858795166016
19-12-2013,21.628080368041992,21.675878524780273,17407,21.82524299621582,21.777446746826172,18.858642578125
20-12-2013,21.792381286621094,21.816280364990234,76993,21.995519638061523,21.80731964111328,18.88451385498047
23-12-2013,21.8670654296875,21.911874771118164,14394,22.013442993164062,21.8670654296875,18.93625259399414
24-12-2013,21.78939437866211,21.917848587036133,3348,21.9686336517334,21.78939437866211,18.868988037109375
26-12-2013,21.777446746826172,21.78342056274414,31467,21.92681121826172,21.92681121826172,18.987993240356445
27-12-2013,21.750560760498047,26.46452522277832,20420,26.46452522277832,22.016429901123047,19.065601348876953
30-12-2013,22.00746726989746,22.19268035888672,24437,22.19268035888672,22.016429901123047,19.065601348876953
31-12-2013,21.959671020507812,21.959671020507812,6026,22.079164505004883,22.03734016418457,19.083707809448242
02-01-2014,21.77147102355957,22.225540161132812,27115,22.225540161132812,21.956684112548828,19.013858795166016
03-01-2014,21.83719253540039,21.83719253540039,24102,22.016429901123047,21.99253273010254,19.044904708862305
06-01-2014,21.762508392333984,21.953697204589844,16403,21.956684112548828,21.80731964111328,18.88451385498047
07-01-2014,21.80134391784668,21.941747665405273,33140,22.02240562438965,21.846153259277344,18.918149948120117
08-01-2014,21.616130828857422,21.747573852539062,39835,21.8610897064209,21.852127075195312,18.923322677612305
09-01-2014,21.738611221313477,21.738611221313477,14729,22.058252334594727,21.917848587036133,18.98023223876953
10-01-2014,21.956684112548828,22.013442993164062,70632,22.106048583984375,22.02240562438965,19.07077980041504
13-01-2014,21.995519638061523,21.995519638061523,158002,22.80806541442871,22.703510284423828,19.66059112548828
14-01-2014,22.742345809936523,22.742345809936523,32806,22.942493438720703,22.790142059326172,19.735612869262695
15-01-2014,22.721433639526367,22.888723373413086,33810,23.053024291992188,23.053024291992188,19.963258743286133
16-01-2014,23.118745803833008,23.37864112854004,45191,23.498132705688477,23.33681869506836,20.209016799926758
17-01-2014,23.109783172607422,23.48917007446289,37492,23.847646713256836,23.208364486694336,20.097782135009766
21-01-2014,23.238237380981445,23.447349548339844,36488,23.447349548339844,23.3547420501709,20.22454071044922
22-01-2014,23.244211196899414,23.315906524658203,17742,23.423450469970703,23.29499626159668,20.172801971435547
23-01-2014,23.103809356689453,23.357730865478516,52221,23.357730865478516,23.121732711791992,20.02275848388672
24-01-2014,22.92755889892578,23.121732711791992,53895,23.154592514038086,22.972366333007812,19.893413543701172
27-01-2014,22.8797607421875,22.972366333007812,29793,23.196414947509766,23.178491592407227,20.07191276550293
28-01-2014,23.160568237304688,23.363704681396484,29793,23.516056060791016,23.411500930786133,20.27369499206543
29-01-2014,22.894697189331055,23.37864112854004,44857,23.37864112854004,22.906646728515625,19.83650016784668
30-01-2014,22.796117782592773,22.92755889892578,28789,23.184465408325195,23.061986923217773,19.97102165222168
31-01-2014,22.54219627380371,22.667661666870117,71637,23.008214950561523,23.008214950561523,19.92445945739746
03-02-2014,22.339059829711914,23.118745803833008,60925,23.118745803833008,22.4047794342041,19.401899337768555
04-02-2014,22.368932723999023,22.401792526245117,31801,22.730396270751953,22.628826141357422,19.595918655395508
05-02-2014,22.306198120117188,22.679611206054688,37157,22.697534561157227,22.416728973388672,19.412250518798828
06-02-2014,22.452577590942383,22.53622055053711,21424,22.73935890197754,22.73935890197754,19.691640853881836
07-02-2014,22.942493438720703,22.9813289642334,6026,23.148618698120117,23.056011199951172,19.96584701538086
10-02-2014,22.91560935974121,22.95145606994629,14394,23.405527114868164,23.12770652770996,20.027936935424805
11-02-2014,23.12770652770996,23.12770652770996,88374,23.417476654052734,23.417476654052734,20.278867721557617
12-02-2014,23.33681869506836,23.414487838745117,24102,23.56684112548828,23.357730865478516,20.22713279724121
13-02-2014,23.27109718322754,23.27109718322754,11382,23.716205596923828,23.716205596923828,20.537555694580078
14-02-2014,23.569828033447266,23.581777572631836,10712,23.823749542236328,23.778940200805664,20.591882705688477
18-02-2014,23.641523361206055,23.778940200805664,19081,23.95220375061035,23.829723358154297,20.635868072509766
19-02-2014,23.778940200805664,23.787900924682617,14729,24.089618682861328,23.859596252441406,20.661733627319336
20-02-2014,23.961164474487305,24.03584861755371,25441,24.134429931640625,24.014936447143555,20.796253204345703
21-02-2014,23.991037368774414,24.104555130004883,15064,24.164302825927734,24.080656051635742,20.85316276550293
24-02-2014,24.161314010620117,24.197162628173828,50547,24.72292709350586,24.72292709350586,21.40934944152832
25-02-2014,24.59148597717285,24.725915908813477,87705,24.941001892089844,24.78864860534668,21.466262817382812
26-02-2014,24.483943939208984,24.961912155151367,13725,24.961912155151367,24.492904663085938,21.210155487060547
27-02-2014,24.489917755126953,24.543689727783203,10712,24.770723342895508,24.546676635742188,21.256725311279297
28-02-2014,24.552650451660156,24.552650451660156,17072,24.851381301879883,24.702016830444336,21.39124298095703
03-03-2014,24.442121505737305,24.606422424316406,17072,24.66915512084961,24.48693084716797,21.20498275756836
04-03-2014,24.731889724731445,24.91411590576172,12051,24.985809326171875,24.985809326171875,21.636999130249023
05-03-2014,25.182971954345703,25.182971954345703,44187,26.141897201538086,25.7654972076416,22.389812469482422
06-03-2014,25.723674774169922,25.723674774169922,22094,26.153846740722656,26.1329345703125,22.709115982055664
07-03-2014,25.956684112548828,26.1389102935791,82014,26.56011962890625,26.183719635009766,22.753246307373047
10-03-2014,26.097087860107422,26.243465423583984,14729,26.359970092773438,26.10306167602539,22.683155059814453
11-03-2014,26.001493453979492,26.165794372558594,19416,26.231515884399414,26.001493453979492,22.59489631652832
12-03-2014,25.78939437866211,26.117998123168945,15733,26.177745819091797,26.135921478271484,22.711711883544922
13-03-2014,25.822254180908203,26.368932723999023,11716,26.368932723999023,25.822254180908203,22.439144134521484
14-03-2014,25.91486167907715,26.010456085205078,35149,26.56011962890625,26.028379440307617,22.61825180053711
17-03-2014,26.052278518676758,26.189693450927734,18077,26.28827476501465,26.243465423583984,22.805171966552734
18-03-2014,26.16878318786621,26.16878318786621,7030,26.44660186767578,26.345033645629883,22.893423080444336
19-03-2014,26.362957000732422,26.437639236450195,10712,26.649738311767578,26.362957000732422,22.90900230407715
20-03-2014,26.273338317871094,26.53622055053711,15733,26.6138916015625,26.54817008972168,23.0699520111084
21-03-2014,26.60194206237793,26.60194206237793,57242,27.184465408325195,27.184465408325195,23.622882843017578
24-03-2014,26.141897201538086,27.118745803833008,28454,27.118745803833008,26.35399627685547,22.901212692260742
25-03-2014,26.15683364868164,26.21657943725586,24102,26.407766342163086,26.327110290527344,22.877857208251953
26-03-2014,26.443614959716797,26.587005615234375,19081,26.604928970336914,26.54817008972168,23.0699520111084
27-03-2014,26.201642990112305,26.398805618286133,20085,26.53024673461914,26.362957000732422,22.90900230407715
28-03-2014,26.28827476501465,26.28827476501465,7365,26.748319625854492,26.622852325439453,23.134843826293945
31-03-2014,26.56609344482422,26.76624298095703,8034,26.781179428100586,26.56609344482422,23.08552360534668
01-04-2014,26.581031799316406,26.825990676879883,16738,26.870798110961914,26.840925216674805,23.3243465423584
02-04-2014,26.551158905029297,26.8857364654541,9708,26.8857364654541,26.6138916015625,23.127056121826172
03-04-2014,26.437639236450195,26.706497192382812,12386,26.736370086669922,26.736370086669922,23.233491897583008
04-04-2014,26.35100746154785,26.742345809936523,6026,26.742345809936523,26.35100746154785,22.898618698120117
07-04-2014,26.28827476501465,26.461538314819336,11382,26.461538314819336,26.348020553588867,22.89601707458496
08-04-2014,26.345033645629883,26.348020553588867,15733,26.57206916809082,26.467512130737305,22.999858856201172
09-04-2014,26.587005615234375,26.61986541748047,33140,26.876773834228516,26.76923179626465,23.262052536010742
10-04-2014,26.449588775634766,26.8857364654541,18746,26.91560935974121,26.449588775634766,22.984275817871094
11-04-2014,25.822254180908203,26.449588775634766,34479,26.449588775634766,26.028379440307617,22.61825180053711
14-04-2014,25.45780372619629,26.195667266845703,15399,26.195667266845703,25.690813064575195,22.324918746948242
15-04-2014,25.305452346801758,25.54144859313965,21424,25.80731964111328,25.681852340698242,22.31713104248047
16-04-2014,25.935773849487305,25.935773849487305,5691,26.255413055419922,26.255413055419922,22.815547943115234
17-04-2014,26.01941680908203,26.371919631958008,15399,26.41075325012207,26.231515884399414,22.79477310180664
21-04-2014,26.1389102935791,26.1389102935791,12721,26.569080352783203,26.285287857055664,22.84151268005371
22-04-2014,26.055265426635742,26.255413055419922,23767,26.294248580932617,26.243465423583984,22.805171966552734
23-04-2014,25.91486167907715,25.950708389282227,7030,26.004480361938477,25.91486167907715,22.519611358642578
24-04-2014,26.013442993164062,26.12696075439453,32806,26.31217384338379,26.109037399291992,22.688350677490234
25-04-2014,25.90888786315918,25.90888786315918,16738,26.264375686645508,26.120986938476562,22.69873046875
28-04-2014,26.11501121520996,26.285287857055664,14060,26.407766342163086,26.35399627685547,22.901212692260742
29-04-2014,26.491411209106445,26.49439811706543,5021,26.670650482177734,26.491411209106445,23.02062225341797
30-04-2014,26.285287857055664,26.587005615234375,9038,26.625839233398438,26.625839233398438,23.137441635131836
01-05-2014,26.30022430419922,26.625839233398438,7030,26.625839233398438,26.598953247070312,23.11408042907715
02-05-2014,26.467512130737305,26.551158905029297,5691,26.736370086669922,26.736370086669922,23.233491897583008
05-05-2014,26.748319625854492,26.87378692626953,9373,26.912620544433594,26.912620544433594,23.38665199279785
06-05-2014,26.452577590942383,26.667661666870117,8704,26.793128967285156,26.610904693603516,23.12445831298828
07-05-2014,26.58999252319336,26.610904693603516,9373,26.78416633605957,26.709484100341797,23.210126876831055
08-05-2014,26.587005615234375,26.817028045654297,4687,26.828977584838867,26.587005615234375,23.10369873046875
09-05-2014,26.36594581604004,26.36594581604004,9373,26.81403923034668,26.81403923034668,23.300983428955078
12-05-2014,26.39282989501953,26.68558692932129,38831,26.8857364654541,26.61986541748047,23.132247924804688
13-05-2014,26.634801864624023,26.876773834228516,9038,26.91560935974121,26.91560935974121,23.389245986938477
14-05-2014,26.805078506469727,26.91560935974121,8034,27.2591495513916,27.2591495513916,23.687780380249023
15-05-2014,26.637788772583008,27.00522804260254,14060,27.00522804260254,26.694547653198242,23.197147369384766
16-05-2014,26.587005615234375,26.587005615234375,5691,27.00522804260254,27.00522804260254,23.467121124267578
19-05-2014,26.852874755859375,27.109783172607422,24437,27.109783172607422,26.972366333007812,23.438566207885742
20-05-2014,26.700523376464844,27.115758895874023,10377,27.115758895874023,26.751306533813477,23.24646759033203
21-05-2014,26.796117782592773,26.796117782592773,6695,27.041074752807617,26.87378692626953,23.352903366088867
22-05-2014,26.8857364654541,26.8857364654541,23098,27.2591495513916,27.2591495513916,23.687780380249023
23-05-2014,26.84988784790039,27.056011199951172,11382,27.056011199951172,26.84988784790039,23.33213996887207
27-05-2014,26.84391212463379,26.87378692626953,13725,27.04705047607422,26.86781120300293,23.34771156311035
28-05-2014,26.790142059326172,26.990291595458984,7030,27.011201858520508,26.796117782592773,23.285415649414062
29-05-2014,26.960418701171875,27.079910278320312,6026,27.079910278320312,26.960418701171875,23.428180694580078
30-05-2014,27.058998107910156,27.229276657104492,15064,27.30097007751465,27.28304672241211,23.708541870117188
02-06-2014,27.333831787109375,27.557878494262695,11047,27.557878494262695,27.533981323242188,24.002817153930664
03-06-2014,27.286033630371094,27.438386917114258,15399,27.572816848754883,27.39059066772461,23.8778133392334
04-06-2014,27.094846725463867,27.226287841796875,15064,27.417476654052734,27.339805603027344,23.833545684814453
05-06-2014,27.339805603027344,27.339805603027344,39835,28.086631774902344,28.050783157348633,24.453346252441406
06-06-2014,27.737117767333984,27.97012710571289,7030,27.97012710571289,27.856609344482422,24.284067153930664
09-06-2014,27.483196258544922,27.98805046081543,8704,27.98805046081543,27.483196258544922,23.95854377746582
10-06-2014,27.516056060791016,27.581777572631836,8369,27.719192504882812,27.516056060791016,23.987192153930664
11-06-2014,27.522031784057617,27.719192504882812,12051,27.775951385498047,27.775951385498047,24.213754653930664
12-06-2014,27.539955139160156,27.647497177124023,14394,27.647497177124023,27.58476448059082,24.047088623046875
13-06-2014,27.57879066467285,27.778940200805664,3013,27.778940200805664,27.57879066467285,24.04188346862793
16-06-2014,27.47124671936035,27.510082244873047,9373,27.57879066467285,27.483196258544922,23.95854377746582
17-06-2014,27.393577575683594,27.393577575683594,6360,27.516056060791016,27.516056060791016,23.987192153930664
18-06-2014,27.716205596923828,27.716205596923828,16068,28.09559440612793,28.08364486694336,24.481990814208984
19-06-2014,28.04779624938965,28.286781311035156,9708,28.286781311035156,28.283794403076172,24.656471252441406
20-06-2014,28.170276641845703,28.3793888092041,23433,28.466018676757812,28.430171966552734,24.784074783325195
23-06-2014,27.853622436523438,28.227035522460938,24437,28.23599624633789,27.931291580200195,24.34917449951172
24-06-2014,27.647497177124023,27.931291580200195,28454,27.961164474487305,27.66243553161621,24.114803314208984
25-06-2014,27.557878494262695,27.611650466918945,25106,27.796863555908203,27.75205421447754,24.192928314208984
26-06-2014,27.587751388549805,27.775951385498047,6695,27.775951385498047,27.635549545288086,24.09136390686035
27-06-2014,27.438386917114258,27.438386917114258,4017,27.557878494262695,27.557878494262695,24.023656845092773
30-06-2014,27.5250186920166,27.55489158630371,50213,27.811800003051758,27.58476448059082,24.047088623046875
01-07-2014,27.581777572631836,27.769977569580078,58916,27.976102828979492,27.856609344482422,24.284067153930664
02-07-2014,27.617624282836914,27.92830467224121,19081,27.92830467224121,27.755041122436523,24.195528030395508
03-07-2014,27.617624282836914,27.838685989379883,11382,27.838685989379883,27.7281551361084,24.17209815979004
07-07-2014,27.817773818969727,27.84465980529785,5356,28.002986907958984,27.865570068359375,24.291879653930664
08-07-2014,27.659446716308594,27.883495330810547,4352,27.883495330810547,27.746078491210938,24.187713623046875
09-07-2014,27.53099250793457,27.69828224182129,4687,27.69828224182129,27.53099250793457,24.00021743774414
10-07-2014,27.396564483642578,27.396564483642578,6695,27.587751388549805,27.486183166503906,23.961149215698242
11-07-2014,27.450336456298828,27.51306915283203,4352,27.66243553161621,27.450336456298828,23.929908752441406
14-07-2014,27.581777572631836,27.581777572631836,2678,27.581777572631836,27.581777572631836,24.044483184814453
15-07-2014,27.31889533996582,27.653472900390625,5021,27.653472900390625,27.522031784057617,23.992408752441406
16-07-2014,27.214338302612305,27.342792510986328,6360,27.342792510986328,27.214338302612305,23.72416877746582
17-07-2014,26.912620544433594,27.214338302612305,12386,27.214338302612305,26.936519622802734,23.481979370117188
18-07-2014,27.253173828125,27.321882247924805,6026,27.399551391601562,27.253173828125,23.758028030395508
21-07-2014,26.972366333007812,27.079910278320312,26780,27.268110275268555,27.268110275268555,23.77104377746582
22-07-2014,27.172517776489258,27.268110275268555,7030,27.28304672241211,27.28304672241211,23.7840633392334
23-07-2014,26.954444885253906,27.351755142211914,6695,27.351755142211914,27.056011199951172,23.58614730834961
24-07-2014,26.960418701171875,27.0888729095459,7030,27.0888729095459,26.960418701171875,23.502811431884766
25-07-2014,26.87378692626953,27.160568237304688,14729,27.160568237304688,26.990291595458984,23.528854370117188
28-07-2014,26.437639236450195,26.9873046875,59586,27.008214950561523,26.45855140686035,23.065311431884766
29-07-2014,26.473487854003906,26.473487854003906,10377,26.84391212463379,26.721433639526367,23.294479370117188
30-07-2014,26.058252334594727,26.527259826660156,12051,26.527259826660156,26.135921478271484,22.784059524536133
31-07-2014,25.684839248657227,26.06123924255371,41509,26.12696075439453,25.750560760498047,22.448118209838867
01-08-2014,25.810306549072266,25.974607467651367,17072,26.15683364868164,25.989543914794922,22.656448364257812
04-08-2014,25.8610897064209,26.052278518676758,9708,26.285287857055664,26.285287857055664,22.91427230834961
05-08-2014,26.1389102935791,26.28230094909668,11716,26.47647476196289,26.321134567260742,22.94551658630371
06-08-2014,26.28827476501465,26.28827476501465,6695,26.840925216674805,26.587005615234375,23.177291870117188
07-08-2014,26.592979431152344,26.6079158782959,8369,26.92755889892578,26.592979431152344,23.18250274658203
08-08-2014,26.622852325439453,26.622852325439453,12386,27.10082244873047,26.84988784790039,23.406457901000977
11-08-2014,27.109783172607422,27.40851402282715,10043,27.40851402282715,27.345779418945312,23.83875274658203
12-08-2014,27.29499626159668,27.3607177734375,10712,27.3607177734375,27.31889533996582,23.815317153930664
13-08-2014,27.103809356689453,27.309932708740234,10043,27.309932708740234,27.268110275268555,23.77104377746582
14-08-2014,27.226287841796875,27.28902244567871,16403,27.56086540222168,27.39059066772461,23.8778133392334
15-08-2014,27.498132705688477,27.659446716308594,5356,27.683345794677734,27.66840934753418,24.12000846862793
18-08-2014,27.483196258544922,27.76400375366211,13725,27.76400375366211,27.557878494262695,24.023656845092773
19-08-2014,27.303958892822266,27.303958892822266,10043,27.758028030395508,27.758028030395508,24.198129653930664
20-08-2014,27.375652313232422,27.75205421447754,13055,27.75205421447754,27.557878494262695,24.023656845092773
21-08-2014,27.557878494262695,27.557878494262695,7699,27.69230842590332,27.68035888671875,24.13042640686035
22-08-2014,27.432411193847656,27.68035888671875,5021,27.68035888671875,27.432411193847656,23.914276123046875
25-08-2014,27.48917007446289,27.6325626373291,13390,27.769977569580078,27.545930862426758,24.013233184814453
26-08-2014,27.40851402282715,27.78192710876465,48204,27.808813095092773,27.808813095092773,24.24241065979004
27-08-2014,27.163555145263672,27.163555145263672,14729,27.468259811401367,27.39059066772461,23.8778133392334
28-08-2014,27.064973831176758,27.22330093383789,8704,27.244211196899414,27.136669158935547,23.65645980834961
29-08-2014,27.136669158935547,27.136669158935547,16068,27.522031784057617,27.522031784057617,23.992408752441406
02-09-2014,27.3607177734375,27.602689743041992,5021,27.701269149780273,27.483196258544922,23.95854377746582
03-09-2014,27.375652313232422,27.483196258544922,7030,27.48917007446289,27.450336456298828,23.929908752441406
04-09-2014,27.303958892822266,27.414487838745117,12051,27.545930862426758,27.33084487915039,23.901166915893555
05-09-2014,27.050037384033203,27.050037384033203,9708,27.3547420501709,27.30694580078125,23.88026237487793
08-09-2014,26.799104690551758,27.12770652770996,18411,27.208364486694336,27.03510093688965,23.642534255981445
09-09-2014,26.763256072998047,27.03510093688965,8704,27.03510093688965,26.793128967285156,23.430927276611328
10-09-2014,26.91560935974121,26.978342056274414,4687,27.082897186279297,26.924570083618164,23.545867919921875
11-09-2014,26.383869171142578,26.736370086669922,24102,27.091859817504883,27.091859817504883,23.692171096801758
12-09-2014,26.742345809936523,26.748319625854492,6026,26.81403923034668,26.799104690551758,23.436159133911133
15-09-2014,26.882747650146484,26.93950653076172,8369,27.050037384033203,26.882747650146484,23.509300231933594
16-09-2014,26.8797607421875,26.8797607421875,12721,27.465272903442383,27.402538299560547,23.963863372802734
17-09-2014,27.053024291992188,27.3547420501709,3013,27.3547420501709,27.053024291992188,23.658206939697266
18-09-2014,27.256160736083984,27.256160736083984,4687,27.545930862426758,27.375652313232422,23.94034767150879
19-09-2014,27.375652313232422,27.40851402282715,25106,27.725168228149414,27.69828224182129,24.222490310668945
22-09-2014,27.333831787109375,27.333831787109375,11716,27.60866355895996,27.429424285888672,23.987369537353516
23-09-2014,26.936519622802734,27.40851402282715,19416,27.40851402282715,26.990291595458984,23.60334587097168
24-09-2014,26.93950653076172,27.202390670776367,12386,27.202390670776367,27.184465408325195,23.773157119750977
25-09-2014,26.706497192382812,27.053024291992188,17742,27.053024291992188,26.864824295043945,23.493623733520508
26-09-2014,26.563106536865234,26.799104690551758,9038,26.799104690551758,26.563106536865234,23.229772567749023
29-09-2014,26.437639236450195,26.437639236450195,8369,26.772218704223633,26.757282257080078,23.399572372436523
30-09-2014,26.64376449584961,26.676624298095703,6360,26.9813289642334,26.64376449584961,23.30030632019043
01-10-2014,26.255413055419922,26.8857364654541,17742,26.8857364654541,26.416728973388672,23.10175323486328
02-10-2014,25.950708389282227,26.35100746154785,41509,26.35100746154785,26.10306167602539,22.82745361328125
03-10-2014,26.00746726989746,26.00746726989746,21759,26.57206916809082,26.57206916809082,23.23760223388672
06-10-2014,26.285287857055664,26.497386932373047,8704,26.497386932373047,26.28827476501465,22.989421844482422
07-10-2014,25.911874771118164,26.189693450927734,9038,26.39581871032715,25.911874771118164,22.660263061523438
08-10-2014,25.792381286621094,25.792381286621094,7699,26.4047794342041,26.4047794342041,23.091312408447266
09-10-2014,26.070201873779297,26.467512130737305,4352,26.467512130737305,26.070201873779297,22.7987117767334
10-10-2014,25.705751419067383,25.971620559692383,10377,26.094100952148438,25.714712142944336,22.48783302307129
13-10-2014,25.171022415161133,25.583271026611328,23767,25.583271026611328,25.21583366394043,22.051559448242188
14-10-2014,24.85735511779785,25.395071029663086,18077,25.395071029663086,24.943988800048828,21.813833236694336
15-10-2014,24.310680389404297,24.570575714111328,37827,24.824495315551758,24.52875328063965,21.450700759887695
16-10-2014,24.60940933227539,24.615385055541992,22763,24.917102813720703,24.72292709350586,21.620506286621094
17-10-2014,24.78864860534668,24.881254196166992,12051,25.418968200683594,25.418968200683594,22.229202270507812
20-10-2014,25.1202392578125,25.1202392578125,10377,25.72964859008789,25.72964859008789,22.500898361206055
21-10-2014,25.1142635345459,25.81329345703125,82014,25.989543914794922,25.78939437866211,22.553142547607422
22-10-2014,25.660940170288086,25.660940170288086,19750,26.16878318786621,26.1389102935791,22.858800888061523
23-10-2014,25.8610897064209,25.947721481323242,14729,26.02240562438965,25.890962600708008,22.641969680786133
24-10-2014,25.959671020507812,25.959671020507812,12721,26.31217384338379,26.31217384338379,23.010326385498047
27-10-2014,26.141897201538086,26.213592529296875,11047,26.362957000732422,26.141897201538086,22.861419677734375
28-10-2014,26.39282989501953,26.54219627380371,15399,26.790142059326172,26.790142059326172,23.428314208984375
29-10-2014,26.479461669921875,26.587005615234375,14394,26.840925216674805,26.557132720947266,23.22454261779785
30-10-2014,26.64376449584961,26.664674758911133,11047,26.799104690551758,26.736370086669922,23.381288528442383
31-10-2014,26.763256072998047,26.763256072998047,17072,27.429424285888672,27.1516056060791,23.744422912597656
03-11-2014,27.13965606689453,27.22330093383789,12386,27.47423553466797,27.32486915588379,23.895936965942383
04-11-2014,27.214338302612305,27.3607177734375,7030,27.384614944458008,27.333831787109375,23.903776168823242
05-11-2014,27.3547420501709,27.357730865478516,14060,27.522031784057617,27.426437377929688,23.984764099121094
06-11-2014,27.31291961669922,27.31291961669922,16068,27.650484085083008,27.650484085083008,24.18069839477539
07-11-2014,27.528005599975586,27.533981323242188,8034,27.647497177124023,27.64451026916504,24.17546844482422
10-11-2014,27.602689743041992,27.71023178100586,12721,27.889469146728516,27.889469146728516,24.389690399169922
11-11-2014,27.381628036499023,27.396564483642578,21424,27.95220375061035,27.820762634277344,24.329599380493164
12-11-2014,27.659446716308594,27.769977569580078,7365,27.820762634277344,27.659446716308594,24.18853187561035
13-11-2014,27.778940200805664,27.78192710876465,58916,28.164302825927734,27.931291580200195,24.4262638092041
14-11-2014,27.483196258544922,27.784914016723633,17072,27.931291580200195,27.761016845703125,24.277353286743164
17-11-2014,27.641523361206055,27.659446716308594,22763,27.838685989379883,27.838685989379883,24.34528160095215
18-11-2014,27.78192710876465,27.811800003051758,16068,28.002986907958984,27.78192710876465,24.29564094543457
19-11-2014,27.737117767333984,27.78192710876465,66950,27.91635513305664,27.78192710876465,24.29564094543457
20-11-2014,27.78192710876465,27.78192710876465,33140,28.008962631225586,28.008962631225586,24.494192123413086
21-11-2014,27.931291580200195,28.008962631225586,15733,28.292755126953125,27.931291580200195,24.4262638092041
24-11-2014,28.140403747558594,28.286781311035156,11382,28.364450454711914,28.200149536132812,24.66138458251953
25-11-2014,28.227035522460938,28.227035522460938,7699,28.480955123901367,28.286781311035156,24.737144470214844
26-11-2014,28.179237365722656,28.346527099609375,9708,28.388349533081055,28.182226181030273,24.64570426940918
28-11-2014,28.230022430419922,28.230022430419922,43518,28.854368209838867,28.854368209838867,25.233501434326172
01-12-2014,28.418222427368164,29.27557945251465,11716,29.27557945251465,28.418222427368164,24.852096557617188
02-12-2014,28.40926170349121,28.442121505737305,17742,28.690067291259766,28.60940933227539,25.102413177490234
03-12-2014,27.27109718322754,27.9940242767334,165701,27.9940242767334,27.30097007751465,23.954360961914062
04-12-2014,27.056011199951172,27.68035888671875,15064,27.68035888671875,27.124719619750977,23.79971694946289
05-12-2014,26.8857364654541,26.8857364654541,20755,27.345779418945312,27.345779418945312,23.993671417236328
08-12-2014,26.95145606994629,27.1516056060791,15399,27.2591495513916,27.2591495513916,23.917661666870117
09-12-2014,26.54817008972168,26.790142059326172,22094,26.882747650146484,26.855863571166992,23.563814163208008
10-12-2014,26.237491607666016,26.616878509521484,14060,26.616878509521484,26.377893447875977,23.144432067871094
11-12-2014,26.28230094909668,26.533233642578125,25776,26.930545806884766,26.598953247070312,23.338394165039062
12-12-2014,25.864078521728516,26.407766342163086,23433,26.407766342163086,25.864078521728516,22.693603515625
15-12-2014,25.71172523498535,25.8610897064209,33140,26.02240562438965,25.71172523498535,22.559932708740234
16-12-2014,25.490665435791016,25.690813064575195,58916,26.153846740722656,25.517549514770508,22.389551162719727
17-12-2014,25.490665435791016,25.672889709472656,29793,25.974607467651367,25.917848587036133,22.740779876708984
18-12-2014,26.058252334594727,26.058252334594727,45191,26.407766342163086,26.267364501953125,23.047454833984375
19-12-2014,25.989543914794922,26.21657943725586,136913,26.243465423583984,25.998506546020508,22.811552047729492
22-12-2014,26.094100952148438,26.094100952148438,33810,26.449588775634766,26.28827476501465,23.065797805786133
23-12-2014,26.401792526245117,26.557132720947266,16068,26.655712127685547,26.56011962890625,23.304325103759766
24-12-2014,26.57206916809082,26.57206916809082,20085,26.793128967285156,26.676624298095703,23.406545639038086
26-12-2014,26.790142059326172,27.002239227294922,12721,27.002239227294922,26.84988784790039,23.558576583862305
29-12-2014,26.5123233795166,26.676624298095703,8704,26.676624298095703,26.5123233795166,23.26238441467285
30-12-2014,26.25840187072754,26.658700942993164,48204,26.658700942993164,26.25840187072754,23.03959083557129
31-12-2014,26.109037399291992,26.255413055419922,27784,26.28230094909668,26.21657943725586,23.00289535522461
02-01-2015,25.995519638061523,26.207618713378906,17072,26.225540161132812,26.1329345703125,22.92950439453125
05-01-2015,26.141897201538086,26.153846740722656,16738,26.318147659301758,26.25840187072754,23.03959083557129
06-01-2015,25.986557006835938,26.38088035583496,23767,26.38088035583496,25.989543914794922,22.803686141967773
07-01-2015,25.974607467651367,26.040328979492188,18077,26.587005615234375,26.587005615234375,23.327909469604492
08-01-2015,26.515310287475586,26.515310287475586,30462,26.87378692626953,26.811052322387695,23.524497985839844
09-01-2015,26.551158905029297,26.742345809936523,9038,26.742345809936523,26.551158905029297,23.29645538330078
12-01-2015,26.533233642578125,26.539207458496094,16738,26.736370086669922,26.709484100341797,23.435379028320312
13-01-2015,26.587005615234375,26.912620544433594,55234,27.133682250976562,26.72442054748535,23.448484420776367
14-01-2015,26.1389102935791,26.1389102935791,24437,26.61986541748047,26.6138916015625,23.35150146484375
15-01-2015,26.57206916809082,26.72442054748535,44187,26.72442054748535,26.706497192382812,23.432756423950195
16-01-2015,26.50037384033203,26.527259826660156,7699,26.760269165039062,26.760269165039062,23.479938507080078
20-01-2015,26.8857364654541,27.09783363342285,60925,27.444360733032227,27.345779418945312,23.993671417236328
21-01-2015,26.95743179321289,26.95743179321289,32471,27.551904678344727,27.551904678344727,24.174531936645508
22-01-2015,27.342792510986328,27.483196258544922,19081,27.991037368774414,27.95220375061035,24.5257625579834
23-01-2015,27.719192504882812,28.316654205322266,6360,28.316654205322266,27.719192504882812,24.321311950683594
26-01-2015,27.6325626373291,28.01792335510254,9708,28.01792335510254,27.7281551361084,24.32918357849121
27-01-2015,27.184465408325195,27.184465408325195,10712,27.447349548339844,27.274084091186523,23.930770874023438
28-01-2015,27.03510093688965,27.6325626373291,7365,27.6325626373291,27.03510093688965,23.721084594726562
29-01-2015,26.751306533813477,27.064973831176758,11382,27.184465408325195,27.184465408325195,23.852134704589844
30-01-2015,26.503360748291016,26.751306533813477,14394,26.763256072998047,26.503360748291016,23.254518508911133
02-02-2015,26.50037384033203,27.002239227294922,26780,27.002239227294922,26.80806541442871,23.52187156677246
03-02-2015,26.604928970336914,26.8797607421875,13390,26.91560935974121,26.91560935974121,23.61623764038086
04-02-2015,26.78416633605957,26.90963363647461,9708,27.133682250976562,26.793128967285156,23.508771896362305
05-02-2015,26.948469161987305,27.023151397705078,4352,27.023151397705078,26.990291595458984,23.6817626953125
06-02-2015,26.840925216674805,26.840925216674805,11047,27.160568237304688,26.94548225402832,23.642444610595703
09-02-2015,26.72740936279297,27.050037384033203,51886,27.050037384033203,26.91560935974121,23.61623764038086
10-02-2015,26.80806541442871,27.032114028930664,30462,27.032114028930664,26.825990676879883,23.537601470947266
11-02-2015,26.930545806884766,27.056011199951172,12051,27.21135139465332,27.21135139465332,23.875730514526367
12-02-2015,27.044063568115234,27.044063568115234,6360,27.333831787109375,27.208364486694336,23.873111724853516
13-02-2015,26.969379425048828,27.303958892822266,29793,27.303958892822266,27.079910278320312,23.760393142700195
17-02-2015,26.882747650146484,26.882747650146484,3013,27.33084487915039,27.244211196899414,23.904565811157227
18-02-2015,27.124719619750977,27.244211196899414,7365,27.483196258544922,27.438386917114258,24.074928283691406
19-02-2015,27.417476654052734,27.58476448059082,9373,27.58476448059082,27.417476654052734,24.056583404541016
20-02-2015,27.124719619750977,27.417476654052734,40170,27.659446716308594,27.65645980834961,24.266273498535156
23-02-2015,27.653472900390625,27.847646713256836,13390,27.847646713256836,27.758028030395508,24.355388641357422
24-02-2015,27.665422439575195,27.74010467529297,13055,27.75205421447754,27.75205421447754,24.350147247314453
25-02-2015,27.749065399169922,27.749065399169922,4017,27.749065399169922,27.749065399169922,24.34752655029297
26-02-2015,27.629573822021484,27.629573822021484,13725,27.880508422851562,27.734130859375,24.334423065185547
27-02-2015,27.47124671936035,27.784914016723633,11047,27.784914016723633,27.528005599975586,24.153562545776367
02-03-2015,27.387603759765625,27.387603759765625,3348,27.507095336914062,27.507095336914062,24.13521957397461
03-03-2015,27.28304672241211,27.55489158630371,11716,27.55489158630371,27.510082244873047,24.137842178344727
04-03-2015,27.020164489746094,27.689319610595703,25776,27.689319610595703,27.163555145263672,23.83378791809082
05-03-2015,27.04705047607422,27.12770652770996,8704,27.226287841796875,27.226287841796875,23.888830184936523
06-03-2015,26.652725219726562,26.763256072998047,13390,26.817028045654297,26.67363739013672,23.485095977783203
09-03-2015,26.49439811706543,26.78416633605957,7699,26.78416633605957,26.49439811706543,23.327281951904297
10-03-2015,26.330097198486328,26.491411209106445,22094,26.667661666870117,26.38088035583496,23.227333068847656
11-03-2015,26.24645233154297,26.28230094909668,17407,26.50634765625,26.3420467376709,23.193147659301758
12-03-2015,26.473487854003906,26.5123233795166,65611,26.799104690551758,26.799104690551758,23.595565795898438
13-03-2015,26.389842987060547,26.8857364654541,27784,26.8857364654541,26.467512130737305,23.303611755371094
16-03-2015,26.44062614440918,26.6138916015625,19416,26.730396270751953,26.730396270751953,23.535062789916992
17-03-2015,26.35399627685547,26.622852325439453,42513,26.622852325439453,26.356983184814453,23.2062931060791
18-03-2015,25.944734573364258,26.425691604614258,17742,26.793128967285156,26.72740936279297,23.532438278198242
19-03-2015,26.503360748291016,26.595966339111328,24772,26.676624298095703,26.503360748291016,23.335176467895508
20-03-2015,26.213592529296875,26.825990676879883,93061,26.89768409729004,26.213592529296875,23.080047607421875
23-03-2015,26.509334564208984,26.646751403808594,46196,26.733383178710938,26.58401870727539,23.406192779541016
24-03-2015,26.31217384338379,26.31217384338379,35149,26.6079158782959,26.386856079101562,23.232593536376953
25-03-2015,26.08513832092285,26.587005615234375,36153,26.587005615234375,26.08513832092285,22.966949462890625
26-03-2015,26.237491607666016,26.467512130737305,22763,26.63181495666504,26.58999252319336,23.411447525024414
27-03-2015,26.539207458496094,26.697534561157227,27784,26.8857364654541,26.8857364654541,23.671842575073242
30-03-2015,26.8857364654541,26.8857364654541,20420,27.333831787109375,27.13965606689453,23.895408630371094
31-03-2015,26.9813289642334,26.9813289642334,28789,27.274084091186523,27.118745803833008,23.876995086669922
01-04-2015,26.640777587890625,27.220314025878906,24102,27.220314025878906,26.736370086669922,23.540332794189453
02-04-2015,26.55414581298828,26.55414581298828,17072,27.399551391601562,27.399551391601562,24.124235153198242
06-04-2015,27.109783172607422,27.109783172607422,60590,27.817773818969727,27.56086540222168,24.266267776489258
07-04-2015,27.61463737487793,27.6325626373291,36823,27.895444869995117,27.689319610595703,24.379364013671875
08-04-2015,27.423450469970703,27.468259811401367,16738,27.725168228149414,27.725168228149414,24.410926818847656
09-04-2015,27.34876823425293,27.34876823425293,33140,28.08364486694336,28.080656051635742,24.723918914794922
10-04-2015,27.967140197753906,27.979089736938477,39166,28.286781311035156,28.227035522460938,24.852798461914062
13-04-2015,27.93427848815918,28.250934600830078,50213,28.250934600830078,27.997013092041016,24.65027618408203
14-04-2015,27.802837371826172,27.850635528564453,41844,28.09559440612793,28.09559440612793,24.737075805664062
15-04-2015,28.05974578857422,28.304704666137695,51552,28.304704666137695,28.194175720214844,24.823869705200195
16-04-2015,27.976102828979492,28.43315887451172,37827,28.43315887451172,28.36146354675293,24.97116470336914
17-04-2015,27.8924560546875,28.406272888183594,66281,28.406272888183594,28.131441116333008,24.76863670349121
20-04-2015,28.250934600830078,28.394323348999023,11047,28.448095321655273,28.358476638793945,24.968530654907227
21-04-2015,28.182226181030273,28.188199996948242,17072,28.442121505737305,28.340553283691406,24.952749252319336
22-04-2015,28.03584861755371,28.188199996948242,18077,28.188199996948242,28.140403747558594,24.776525497436523
23-04-2015,27.829723358154297,27.967140197753906,42513,28.02987289428711,27.871545791625977,24.539806365966797
24-04-2015,27.769977569580078,27.769977569580078,39166,27.955190658569336,27.925317764282227,24.58715057373047
27-04-2015,27.69230842590332,27.758028030395508,42513,27.87453269958496,27.704256057739258,24.392515182495117
28-04-2015,27.68035888671875,27.68035888671875,26445,28.203136444091797,28.080656051635742,24.723918914794922
29-04-2015,27.7281551361084,27.95817756652832,42179,28.014936447143555,27.84465980529785,24.516138076782227
30-04-2015,27.450336456298828,27.808813095092773,30128,27.817773818969727,27.581777572631836,24.284671783447266
01-05-2015,27.64451026916504,27.97012710571289,24772,28.032859802246094,28.032859802246094,24.68183708190918
04-05-2015,27.943241119384766,27.946229934692383,28789,28.238983154296875,28.16728973388672,24.800195693969727
05-05-2015,27.78192710876465,28.182226181030273,52221,28.182226181030273,27.90440559387207,24.568742752075195
06-05-2015,27.659446716308594,27.90440559387207,50213,27.92830467224121,27.808813095092773,24.484573364257812
07-05-2015,27.6325626373291,27.707244873046875,90717,28.134429931640625,28.053770065307617,24.70025062561035
08-05-2015,28.265869140625,28.316654205322266,59251,28.731889724731445,28.603435516357422,25.184206008911133
11-05-2015,28.54070281982422,28.66318130493164,140930,29.111276626586914,28.85735511779785,25.40777587890625
12-05-2015,28.400299072265625,28.657207489013672,104442,29.07841682434082,29.063480377197266,25.58926010131836
13-05-2015,28.80657196044922,28.821508407592773,37492,29.111276626586914,28.938013076782227,25.478796005249023
14-05-2015,28.979835510253906,28.979835510253906,45191,29.4876766204834,29.466766357421875,25.94434356689453
15-05-2015,29.371173858642578,29.383121490478516,33140,29.80134391784668,29.774459838867188,26.215248107910156
18-05-2015,29.58924674987793,29.780433654785156,48204,29.917848587036133,29.887975692749023,26.315195083618164
19-05-2015,29.690813064575195,29.690813064575195,68959,30.09111213684082,30.025392532348633,26.436182022094727
20-05-2015,29.887975692749023,30.339059829711914,58247,30.339059829711914,30.16280746459961,26.55717658996582
21-05-2015,29.834205627441406,29.834205627441406,95739,30.19268035888672,30.16878318786621,26.562437057495117
22-05-2015,29.902912139892578,30.12696075439453,79001,30.213592529296875,30.177745819091797,26.570327758789062
26-05-2015,29.941747665405273,30.297237396240234,110468,30.297237396240234,30.097087860107422,26.499309539794922
27-05-2015,30.02240562438965,30.02240562438965,40170,30.261388778686523,30.261388778686523,26.643964767456055
28-05-2015,30.183719635009766,30.252426147460938,80340,30.718446731567383,30.718446731567383,27.046390533447266
29-05-2015,30.491411209106445,30.996265411376953,75319,30.996265411376953,30.733383178710938,27.05954360961914
01-06-2015,30.294248580932617,30.551158905029297,113480,31.790889739990234,31.71023178100586,28.0053653717041
02-06-2015,31.507095336914062,31.71023178100586,79671,32.1583251953125,32.074684143066406,28.327241897583008
03-06-2015,31.253173828125,31.36669158935547,161350,31.93427848815918,31.417476654052734,27.7468204498291
04-06-2015,30.83793830871582,30.9873046875,106785,31.814786911010742,31.66243553161621,27.963157653808594
05-06-2015,30.781179428100586,31.18745231628418,81010,31.56086540222168,30.978342056274414,27.358991622924805
08-06-2015,30.634801864624023,30.634801864624023,54564,31.208364486694336,31.133682250976562,27.49618148803711
09-06-2015,30.90365982055664,31.214338302612305,42513,31.30097007751465,30.999252319335938,27.377452850341797
10-06-2015,31.303958892822266,31.36669158935547,53560,31.417476654052734,31.417476654052734,27.7468204498291
11-06-2015,31.050037384033203,31.050037384033203,37157,31.87453269958496,31.829723358154297,28.110897064208984
12-06-2015,31.528005599975586,31.775951385498047,52891,32.262882232666016,31.96415138244629,28.2296199798584
15-06-2015,31.504108428955078,31.504108428955078,87035,32.0955924987793,31.850635528564453,28.129369735717773
16-06-2015,31.545930862426758,31.623600006103516,96743,32.34354019165039,32.188201904296875,28.427492141723633
17-06-2015,31.68035888671875,31.68035888671875,59251,32.406272888183594,32.286781311035156,28.51456069946289
18-06-2015,32.34951400756836,32.50186538696289,87370,32.86034393310547,32.642269134521484,28.82851219177246
19-06-2015,32.28379440307617,32.34354019165039,53560,32.69305419921875,32.346527099609375,28.56731605529785
22-06-2015,32.552650451660156,32.69902801513672,45526,32.86034393310547,32.666168212890625,28.849620819091797
23-06-2015,32.35548782348633,32.645259857177734,59251,32.65422058105469,32.44211959838867,28.651742935180664
24-06-2015,31.979089736938477,32.62434768676758,116828,32.62434768676758,32.02987289428711,28.28766632080078
25-06-2015,31.856609344482422,32.42718505859375,133900,32.57057571411133,32.30769348144531,28.53302574157715
26-06-2015,32.17326354980469,32.30769348144531,2830311,32.887229919433594,32.719940185546875,28.89710807800293
29-06-2015,32.34951400756836,32.48693084716797,203193,32.98879623413086,32.424198150634766,28.63591766357422
30-06-2015,32.394325256347656,32.67811965942383,475680,33.58327102661133,33.284542083740234,29.3957462310791
01-07-2015,32.93502426147461,33.284542083740234,145282,33.568336486816406,33.329349517822266,29.435319900512695
02-07-2015,32.42718505859375,33.61613082885742,108124,33.61613082885742,32.45705795288086,28.66494369506836
06-07-2015,31.967140197753906,32.11351776123047,209888,32.448097229003906,32.41224670410156,28.6253604888916
07-07-2015,32.002986907958984,32.28080749511719,156328,32.98282241821289,32.77669906616211,28.947240829467773
08-07-2015,32.322628021240234,32.621360778808594,102434,32.719940185546875,32.38835144042969,28.604257583618164
09-07-2015,32.567588806152344,32.6392822265625,65611,33.048545837402344,32.81254577636719,28.978891372680664
10-07-2015,32.86631774902344,33.15907287597656,78332,33.16205978393555,32.9499626159668,29.100252151489258
13-07-2015,33.00373458862305,33.00373458862305,84357,33.53547286987305,33.335323333740234,29.440589904785156
14-07-2015,33.09036636352539,33.3980598449707,100090,33.49365234375,33.466766357421875,29.55668067932129
15-07-2015,33.17998504638672,33.45780563354492,44857,33.45780563354492,33.17998504638672,29.30340003967285
16-07-2015,33.191932678222656,33.221805572509766,35149,33.61314392089844,33.544437408447266,29.62527084350586
17-07-2015,33.311424255371094,33.43390655517578,55234,33.61613082885742,33.565345764160156,29.643747329711914
20-07-2015,33.43390655517578,33.61613082885742,43518,33.76549530029297,33.75056076049805,29.807313919067383
21-07-2015,33.23674392700195,33.50261306762695,32806,33.81926727294922,33.299476623535156,29.408933639526367
22-07-2015,33.08140563964844,33.08140563964844,27115,33.74757385253906,33.51157760620117,29.596248626708984
23-07-2015,33.15907287597656,33.60717010498047,51886,33.625091552734375,33.24869155883789,29.364078521728516
24-07-2015,33.00672149658203,33.23375701904297,35818,33.3861083984375,33.15907287597656,29.28493881225586
27-07-2015,32.86930465698242,33.17401123046875,90048,33.254669189453125,33.02763366699219,29.168853759765625
28-07-2015,32.93502426147461,32.938011169433594,69628,34.028377532958984,33.95071029663086,29.984079360961914
29-07-2015,33.94473648071289,34.19865417480469,50882,34.610904693603516,34.610904693603516,30.567140579223633
30-07-2015,34.14488220214844,34.14488220214844,99756,35.17550277709961,35.044063568115234,30.9497013092041
31-07-2015,35.10380935668945,35.118743896484375,73645,35.69529342651367,35.69529342651367,31.52482795715332
03-08-2015,35.554893493652344,35.69529342651367,56573,35.87154769897461,35.87154769897461,31.68049430847168
04-08-2015,35.87154769897461,35.87154769897461,58916,36.22703552246094,36.0955924987793,31.878366470336914
05-08-2015,36.21209716796875,36.316654205322266,83353,36.725914001464844,36.534725189208984,32.26618576049805
06-08-2015,35.94622802734375,36.38536071777344,99421,36.474979400634766,36.01194763183594,31.804489135742188
07-08-2015,35.50410842895508,35.683345794677734,42179,36.00597381591797,35.784912109375,31.603988647460938
10-08-2015,35.60866165161133,35.60866165161133,86700,36.28080749511719,36.08961868286133,31.873088836669922
11-08-2015,35.75503921508789,35.9372673034668,124192,36.22106170654297,36.0955924987793,31.878366470336914
12-08-2015,35.13069534301758,35.84764862060547,187125,36.09260559082031,35.32188034057617,31.195045471191406
13-08-2015,35.17550277709961,35.45929718017578,101764,35.47423553466797,35.21732711791992,31.10271453857422
14-08-2015,34.75728225708008,35.3159065246582,75319,35.38162612915039,35.07991027832031,30.981351852416992
17-08-2015,34.718448638916016,34.718448638916016,34145,35.309932708740234,35.26512145996094,31.144922256469727
18-08-2015,35.10380935668945,35.51904296875,76993,35.551902770996094,35.48917007446289,31.342792510986328
19-08-2015,35.02613830566406,35.21732711791992,46196,35.41448974609375,35.24421310424805,31.12646484375
20-08-2015,34.63779067993164,35.220314025878906,81344,35.220314025878906,34.640777587890625,30.593523025512695
21-08-2015,33.756534576416016,34.09410095214844,98417,34.39282989501953,33.76848220825195,29.82314109802246
24-08-2015,31.504108428955078,31.504108428955078,152646,33.254669189453125,32.5765495300293,28.770465850830078
25-08-2015,32.376399993896484,32.591487884521484,130218,33.412994384765625,32.51082992553711,28.71242904663086
26-08-2015,31.441373825073242,32.504852294921875,173735,32.63330841064453,32.34354019165039,28.564678192138672
27-08-2015,31.695295333862305,32.45705795288086,116158,32.68110656738281,32.080657958984375,28.3325138092041
28-08-2015,31.919343948364258,31.919343948364258,57242,32.45108413696289,32.4182243347168,28.63064193725586
31-08-2015,32.161312103271484,32.588497161865234,88374,32.588497161865234,32.424198150634766,28.63591766357422
01-09-2015,31.539955139160156,31.868558883666992,82349,31.907394409179688,31.790889739990234,28.07660484313965
02-09-2015,31.796863555908203,31.883495330810547,65276,32.14936447143555,31.979089736938477,28.242813110351562
03-09-2015,31.847646713256836,31.847646713256836,51217,32.47199249267578,32.34354019165039,28.648984909057617
04-09-2015,31.599700927734375,32.050785064697266,39835,32.050785064697266,31.6265869140625,28.013919830322266
08-09-2015,31.847646713256836,31.847646713256836,93730,32.504852294921875,32.49589157104492,28.783933639526367
09-09-2015,31.967140197753906,32.400299072265625,89713,32.567588806152344,31.976102828979492,28.323518753051758
10-09-2015,31.931291580200195,32.03883361816406,128544,32.87527847290039,32.63330841064453,28.905658721923828
11-09-2015,31.856609344482422,32.5436897277832,121180,32.5436897277832,32.5436897277832,28.826269149780273
14-09-2015,31.88648223876953,32.55563735961914,62598,32.642269134521484,32.188201904296875,28.511390686035156
15-09-2015,31.835697174072266,32.04779815673828,73645,32.83943176269531,32.74085235595703,29.000911712646484
16-09-2015,32.56161117553711,32.56161117553711,54230,32.95294952392578,32.94398880004883,29.180845260620117
17-09-2015,32.86034393310547,32.86034393310547,146286,33.53547286987305,33.21881866455078,29.424280166625977
18-09-2015,32.262882232666016,33.07244110107422,710005,33.50858688354492,32.262882232666016,28.57753562927246
21-09-2015,32.41523361206055,32.54966354370117,85361,33.47871398925781,33.38013458251953,29.567171096801758
22-09-2015,32.86034393310547,32.86034393310547,35818,33.47572708129883,33.36818313598633,29.55657958984375
23-09-2015,33.07841873168945,33.07841873168945,47869,33.45183181762695,33.305450439453125,29.50101661682129
24-09-2015,32.908138275146484,33.26362991333008,52891,33.460792541503906,33.00672149658203,29.236412048339844
25-09-2015,33.009708404541016,33.30843734741211,57242,33.598209381103516,33.15907287597656,29.37136459350586
28-09-2015,31.997013092041016,33.311424255371094,55903,33.311424255371094,32.0627326965332,28.400253295898438
29-09-2015,31.53099250793457,32.22703552246094,51217,32.48095703125,31.775951385498047,28.146223068237305
30-09-2015,31.769977569580078,32.238983154296875,64272,32.238983154296875,31.961164474487305,28.31028938293457
01-10-2015,31.87453269958496,32.209110260009766,89713,32.406272888183594,32.406272888183594,28.704547882080078
02-10-2015,31.76400375366211,31.850635528564453,65276,32.881256103515625,32.675132751464844,28.942697525024414
05-10-2015,32.63032150268555,32.63032150268555,93395,34.27632522583008,34.27632522583008,30.360992431640625
06-10-2015,33.786407470703125,34.38685607910156,30128,34.38685607910156,34.29425048828125,30.376867294311523
07-10-2015,33.82823181152344,34.81105422973633,29793,34.81105422973633,34.01941680908203,30.133432388305664
08-10-2015,34.046302795410156,34.046302795410156,26445,34.50634765625,34.434654235839844,30.501245498657227
09-10-2015,34.351009368896484,34.58401870727539,34479,34.94846725463867,34.59895324707031,30.646760940551758
12-10-2015,34.50634765625,34.50634765625,17072,34.81404113769531,34.78118133544922,30.808183670043945
13-10-2015,34.57804489135742,34.646751403808594,21089,34.966392517089844,34.775203704833984,30.802886962890625
14-10-2015,34.297237396240234,34.62583923339844,49543,34.721435546875,34.51829528808594,30.575319290161133
15-10-2015,34.33905792236328,34.772216796875,45191,34.772216796875,34.42867660522461,30.49593734741211
16-10-2015,34.159820556640625,34.159820556640625,41844,34.87080001831055,34.87080001831055,30.88755989074707
19-10-2015,34.54518127441406,34.69753646850586,66281,34.990291595458984,34.990291595458984,30.9934024810791
20-10-2015,34.89469909667969,34.91859436035156,21759,35.24421310424805,35.19940185546875,31.178621292114258
21-10-2015,34.58401870727539,34.912620544433594,55569,35.13666915893555,34.69156265258789,30.728796005249023
22-10-2015,34.404781341552734,34.694549560546875,86366,34.96937942504883,34.89170837402344,30.906082153320312
23-10-2015,34.35997009277344,34.74234390258789,38162,34.82001495361328,34.65272521972656,30.69439697265625
26-10-2015,34.2852897644043,34.52427291870117,36488,34.63779067993164,34.2852897644043,30.368934631347656
27-10-2015,34.05526351928711,34.38386917114258,53225,34.43764114379883,34.058250427246094,30.167829513549805
28-10-2015,33.917850494384766,34.315162658691406,43852,34.4436149597168,34.09111404418945,30.19693374633789
29-10-2015,33.96564483642578,34.11500930786133,12051,34.14488220214844,34.01045608520508,30.125486373901367
30-10-2015,33.977596282958984,34.26437759399414,43518,34.42867660522461,34.27931213378906,30.363636016845703
02-11-2015,34.38386917114258,34.38386917114258,19750,34.73039627075195,34.473487854003906,30.535627365112305
03-11-2015,34.213592529296875,34.63779067993164,19081,34.70649719238281,34.65571212768555,30.697040557861328
04-11-2015,34.646751403808594,34.67961120605469,56238,35.10978317260742,35.10978317260742,31.099241256713867
05-11-2015,34.69753646850586,34.79014205932617,31801,35.08588409423828,34.951454162597656,30.958995819091797
06-11-2015,34.1777458190918,34.772216796875,39835,34.772216796875,34.4436149597168,30.509164810180664
09-11-2015,33.5563850402832,34.18670654296875,45526,34.18670654296875,34.18073272705078,30.27631378173828
10-11-2015,33.816280364990234,34.183719635009766,75988,34.688575744628906,34.22853088378906,30.31865692138672
11-11-2015,34.10903549194336,34.10903549194336,10377,34.81404113769531,34.75130844116211,30.781719207763672
12-11-2015,34.261390686035156,34.57804489135742,20420,34.57804489135742,34.449588775634766,30.51446533203125
13-11-2015,33.45780563354492,34.14488220214844,23098,34.37789535522461,33.57132339477539,29.73652458190918
16-11-2015,33.32038879394531,33.32038879394531,26111,34.35997009277344,34.22853088378906,30.31865692138672
17-11-2015,34.025390625,34.025390625,38162,34.404781341552734,34.159820556640625,30.257787704467773
18-11-2015,33.810306549072266,34.09708786010742,17742,34.503360748291016,34.342044830322266,30.419206619262695
19-11-2015,33.786407470703125,33.786407470703125,34814,34.721435546875,34.41672897338867,30.48535919189453
20-11-2015,34.395816802978516,34.80208969116211,33810,34.90963363647461,34.395816802978516,30.466833114624023
23-11-2015,34.53622055053711,34.53622055053711,20755,34.912620544433594,34.57804489135742,30.62824058532715
24-11-2015,34.135921478271484,34.62583923339844,25441,34.62583923339844,34.18073272705078,30.27631378173828
25-11-2015,34.04331588745117,34.24943923950195,14729,34.30619812011719,34.207618713378906,30.300132751464844
27-11-2015,34.45854949951172,34.49738693237305,13725,35.01120376586914,35.01120376586914,31.01192283630371
30-11-2015,33.82524490356445,34.83196258544922,25441,34.83196258544922,33.91486358642578,30.040821075439453
01-12-2015,33.648990631103516,34.557132720947266,27115,34.557132720947266,34.165794372558594,30.35399055480957
02-12-2015,33.31740188598633,33.69380187988281,38496,33.95071029663086,33.568336486816406,29.823179244995117
03-12-2015,32.86034393310547,33.580284118652344,60925,34.0373420715332,33.039581298828125,29.353424072265625
04-12-2015,32.746826171875,32.908138275146484,55234,34.0373420715332,33.89096450805664,30.109819412231445
07-12-2015,33.1829719543457,34.26437759399414,20755,34.26437759399414,33.389095306396484,29.6639461517334
08-12-2015,32.985809326171875,33.015682220458984,25441,33.923824310302734,33.87602615356445,30.09654998779297
09-12-2015,33.436893463134766,33.496639251708984,34145,33.726661682128906,33.726661682128906,29.963851928710938
10-12-2015,33.00373458862305,33.00373458862305,36153,33.71770095825195,33.063480377197266,29.374658584594727
11-12-2015,32.66318130493164,33.07841873168945,37157,33.10530090332031,32.73487854003906,29.082714080810547
14-12-2015,32.04182052612305,32.2778205871582,106451,33.194923400878906,32.92307662963867,29.249921798706055
15-12-2015,32.773712158203125,32.773712158203125,73310,33.407020568847656,33.09634017944336,29.40384864807129
16-12-2015,33.0575065612793,33.0575065612793,57242,33.98357009887695,33.85511779785156,30.077974319458008
17-12-2015,32.985809326171875,33.26362991333008,74984,33.5892448425293,33.00672149658203,29.32423210144043
18-12-2015,32.39133834838867,32.908138275146484,299267,33.13218688964844,33.13218688964844,29.43570327758789
21-12-2015,32.567588806152344,32.83943176269531,41174,33.194923400878906,32.68110656738281,29.034942626953125
22-12-2015,32.316654205322266,32.54966354370117,89044,33.53248596191406,33.526512145996094,29.786029815673828
23-12-2015,33.227783203125,33.227783203125,19416,33.864078521728516,33.66094207763672,29.905467987060547
24-12-2015,33.35026168823242,33.565345764160156,17742,33.87303924560547,33.42195510864258,29.693140029907227
28-12-2015,32.76475143432617,32.76475143432617,21089,33.45780563354492,33.221805572509766,29.515321731567383
29-12-2015,33.29648971557617,33.6967887878418,16738,33.6967887878418,33.39506912231445,29.669252395629883
30-12-2015,32.89021682739258,32.89021682739258,37492,33.58625793457031,33.45780563354492,29.724992752075195
31-12-2015,32.696041107177734,33.12919998168945,31132,33.12919998168945,32.89320373535156,29.223373413085938
04-01-2016,31.716205596923828,32.57953643798828,43518,32.57953643798828,32.002986907958984,28.432483673095703
05-01-2016,31.372665405273438,31.650484085083008,43518,32.15235137939453,31.758028030395508,28.214853286743164
06-01-2016,31.115758895874023,31.387603759765625,29458,31.548917770385742,31.492158889770508,27.9786434173584
07-01-2016,30.775205612182617,30.948469161987305,53225,31.32486915588379,30.825990676879883,27.386798858642578
08-01-2016,30.575056076049805,30.825990676879883,38162,30.966392517089844,30.96340560913086,27.50888442993164
11-01-2016,30.64376449584961,31.414487838745117,17072,31.414487838745117,30.94548225402832,27.492956161499023
12-01-2016,30.90365982055664,30.90365982055664,21424,31.309932708740234,31.280059814453125,27.790212631225586
13-01-2016,30.046302795410156,31.124719619750977,49208,31.124719619750977,30.309186935424805,26.927656173706055
14-01-2016,30.010456085205078,30.010456085205078,21424,30.509334564208984,30.44062614440918,27.044429779052734
15-01-2016,29.705751419067383,29.93876075744629,63603,30.333084106445312,30.333084106445312,26.948888778686523
19-01-2016,30.08513832092285,30.08513832092285,50882,30.587005615234375,30.473487854003906,27.073627471923828
20-01-2016,29.556385040283203,29.870052337646484,26445,30.17475700378418,30.055265426635742,26.70206069946289
21-01-2016,29.52352523803711,29.756534576416016,29458,30.24645233154297,29.723674774169922,26.407470703125
22-01-2016,29.834205627441406,29.834205627441406,30462,30.24645233154297,30.112024307250977,26.752490997314453
25-01-2016,30.129947662353516,30.14488410949707,50213,30.55414581298828,30.348020553588867,26.9621524810791
26-01-2016,30.195667266845703,30.195667266845703,55569,31.079910278320312,30.50037384033203,27.097515106201172
27-01-2016,30.264375686645508,30.38088035583496,13725,30.858850479125977,30.345033645629883,26.959501266479492
28-01-2016,30.48842430114746,30.91560935974121,41174,30.91560935974121,30.858850479125977,27.415992736816406
29-01-2016,30.709484100341797,30.709484100341797,48204,31.910381317138672,31.75205421447754,28.209545135498047
01-02-2016,31.103809356689453,31.593727111816406,34814,31.955190658569336,31.29499626159668,27.80347442626953
02-02-2016,30.894697189331055,31.067960739135742,30128,31.342792510986328,31.178491592407227,27.699974060058594
03-02-2016,31.023151397705078,31.023151397705078,21759,31.701269149780273,31.66840934753418,28.135231018066406
04-02-2016,31.30694580078125,31.351755142211914,14729,31.790889739990234,31.551904678344727,28.031723022460938
05-02-2016,31.09783363342285,31.09783363342285,18746,31.435400009155273,31.40851402282715,27.904329299926758
08-02-2016,30.8797607421875,31.345779418945312,67285,31.345779418945312,30.89768409729004,27.45049476623535
09-02-2016,31.160568237304688,31.468259811401367,18746,31.725168228149414,31.548917770385742,28.029071807861328
10-02-2016,31.13965606689453,31.342792510986328,41509,31.605676651000977,31.154592514038086,27.678743362426758
11-02-2016,30.321134567260742,30.362957000732422,12721,31.31889533996582,31.061986923217773,27.59646987915039
12-02-2016,31.47423553466797,31.707244873046875,17072,31.93427848815918,31.93427848815918,28.371442794799805
16-02-2016,31.605676651000977,31.605676651000977,26445,32.233009338378906,31.8924560546875,28.33428192138672
17-02-2016,32.020912170410156,32.54070281982422,46196,32.72890090942383,32.63032150268555,28.989830017089844
18-02-2016,32.424198150634766,32.50186538696289,36823,32.96788787841797,32.80059814453125,29.141101837158203
19-02-2016,32.75279998779297,33.29648971557617,14394,33.39208221435547,33.191932678222656,29.488780975341797
22-02-2016,32.93502426147461,32.93502426147461,45191,33.75354766845703,33.39208221435547,29.666603088378906
23-02-2016,33.20388412475586,33.49962615966797,18746,33.49962615966797,33.45780563354492,29.724992752075195
24-02-2016,32.81553268432617,33.45780563354492,21424,33.52949905395508,33.52949905395508,29.788681030273438
25-02-2016,33.12621307373047,33.53248596191406,63937,33.66691589355469,33.50559997558594,29.767454147338867
26-02-2016,32.3106803894043,33.0246467590332,52891,33.08439254760742,32.55563735961914,28.923479080200195
29-02-2016,31.841672897338867,32.39133834838867,49208,32.48693084716797,31.841672897338867,28.289165496826172
01-03-2016,31.716205596923828,32.41224670410156,24772,32.41224670410156,31.719192504882812,28.18035125732422
02-03-2016,30.171770095825195,30.50037384033203,112476,31.28304672241211,31.184465408325195,27.70528221130371
03-03-2016,30.76923179626465,30.840925216674805,49543,31.557878494262695,31.280059814453125,27.790212631225586
04-03-2016,30.864824295043945,31.814786911010742,18077,31.817773818969727,31.58476448059082,28.06092643737793
07-03-2016,31.480209350585938,32.215087890625,18411,32.215087890625,31.50111961364746,28.076900482177734
08-03-2016,31.545930862426758,31.772964477539062,20420,31.865570068359375,31.545930862426758,28.11683464050293
09-03-2016,31.21732521057129,31.704256057739258,20420,31.841672897338867,31.232263565063477,27.837261199951172
10-03-2016,31.01717758178711,31.01717758178711,21759,31.805824279785156,31.516056060791016,28.090208053588867
11-03-2016,31.396564483642578,31.405527114868164,54564,31.787900924682617,31.68633270263672,28.24197006225586
14-03-2016,31.31889533996582,31.536968231201172,18411,31.955190658569336,31.539955139160156,28.11151123046875
15-03-2016,30.912620544433594,30.912620544433594,33475,31.6325626373291,31.16952896118164,27.781349182128906
16-03-2016,30.401792526245117,31.00522804260254,58916,31.196414947509766,30.83793830871582,27.48579978942871
17-03-2016,30.828977584838867,30.828977584838867,25776,31.734130859375,31.510082244873047,28.084880828857422
18-03-2016,31.438386917114258,31.510082244873047,68959,31.796863555908203,31.66243553161621,28.220678329467773
21-03-2016,31.492158889770508,31.811800003051758,17742,31.811800003051758,31.492158889770508,28.068906784057617
22-03-2016,31.08588409423828,31.08588409423828,21424,31.650484085083008,31.363704681396484,27.954416275024414
23-03-2016,31.053024291992188,31.814786911010742,23098,31.814786911010742,31.118745803833008,27.7360897064209
24-03-2016,30.924570083618164,31.038087844848633,21759,31.333831787109375,31.136669158935547,27.752059936523438
28-03-2016,31.008214950561523,31.402538299560547,24772,31.426437377929688,31.118745803833008,27.7360897064209
29-03-2016,30.900672912597656,30.900672912597656,22763,31.772964477539062,31.551904678344727,28.12215805053711
30-03-2016,31.587751388549805,31.895444869995117,45861,31.895444869995117,31.587751388549805,28.154109954833984
31-03-2016,31.426437377929688,31.587751388549805,68959,31.871545791625977,31.871545791625977,28.40705680847168
01-04-2016,31.746078491210938,31.871545791625977,27784,32.02987289428711,32.02987289428711,28.548168182373047
04-04-2016,31.450336456298828,32.30470657348633,27784,32.30470657348633,31.480209350585938,28.058259963989258
05-04-2016,31.396564483642578,31.66840934753418,22428,31.677370071411133,31.60866355895996,28.172754287719727
06-04-2016,31.148618698120117,31.59073829650879,14060,31.611650466918945,31.375652313232422,27.965068817138672
07-04-2016,30.66168785095215,31.0888729095459,41509,31.184465408325195,30.84391212463379,27.491127014160156
08-04-2016,30.598953247070312,30.694547653198242,42848,31.053024291992188,31.050037384033203,27.674846649169922
11-04-2016,30.533233642578125,30.751306533813477,25776,31.067960739135742,30.557132720947266,27.235517501831055
12-04-2016,30.658700942993164,30.658700942993164,21759,30.87378692626953,30.691560745239258,27.355337142944336
13-04-2016,30.437639236450195,30.67363739013672,27115,30.67363739013672,30.637788772583008,27.307403564453125
14-04-2016,30.664674758911133,30.682598114013672,21424,30.8857364654541,30.75429344177246,27.4112491607666
15-04-2016,30.634801864624023,30.76923179626465,12386,30.84391212463379,30.76923179626465,27.4245662689209
18-04-2016,30.39282989501953,30.694547653198242,12051,30.733383178710938,30.54817008972168,27.227535247802734
19-04-2016,30.330097198486328,30.330097198486328,14729,31.058998107910156,30.954444885253906,27.589645385742188
20-04-2016,30.924570083618164,30.924570083618164,22763,31.426437377929688,31.42046356201172,28.005001068115234
21-04-2016,30.153846740722656,30.918596267700195,20085,30.918596267700195,30.177745819091797,26.897377014160156
22-04-2016,29.99253273010254,30.106048583984375,10712,30.195667266845703,29.99253273010254,26.732297897338867
25-04-2016,29.899925231933594,29.96265983581543,20420,30.359970092773438,30.21060562133789,26.926660537719727
26-04-2016,29.87303924560547,29.986557006835938,31467,30.309186935424805,30.09111213684082,26.820152282714844
27-04-2016,29.959671020507812,29.959671020507812,46530,30.431665420532227,30.237491607666016,26.95062828063965
28-04-2016,30.321134567260742,30.321134567260742,15733,30.825990676879883,30.473487854003906,27.16097068786621
29-04-2016,30.22852897644043,30.960418701171875,24437,30.9813289642334,30.9813289642334,27.613603591918945
02-05-2016,30.50634765625,31.339805603027344,43518,31.339805603027344,30.888723373413086,27.531068801879883
03-05-2016,30.595966339111328,30.796117782592773,20420,31.073936462402344,30.846900939941406,27.49379539489746
04-05-2016,30.348020553588867,30.348020553588867,15733,30.72740936279297,30.721433639526367,27.381961822509766
05-05-2016,30.637788772583008,30.80806541442871,40840,31.190441131591797,30.670650482177734,27.336702346801758
06-05-2016,30.688573837280273,31.04705047607422,18411,31.160568237304688,31.061986923217773,27.685497283935547
09-05-2016,31.297983169555664,31.297983169555664,66615,31.841672897338867,31.53099250793457,28.10352325439453
10-05-2016,31.435400009155273,31.665422439575195,85361,32.020912170410156,31.973114013671875,28.497581481933594
11-05-2016,31.426437377929688,31.79387664794922,28789,31.805824279785156,31.438386917114258,28.020978927612305
12-05-2016,31.653472900390625,31.766990661621094,58247,32.02987289428711,31.87453269958496,28.409719467163086
13-05-2016,31.363704681396484,31.64451026916504,23433,31.695295333862305,31.363704681396484,27.954416275024414
16-05-2016,31.067960739135742,31.067960739135742,39166,31.784914016723633,31.492158889770508,28.068906784057617
17-05-2016,31.058998107910156,31.3607177734375,59586,31.504108428955078,31.357730865478516,27.949094772338867
18-05-2016,30.60194206237793,31.082897186279297,27784,31.082897186279297,30.888723373413086,27.531068801879883
19-05-2016,30.73935890197754,30.76923179626465,7030,30.894697189331055,30.894697189331055,27.536388397216797
20-05-2016,30.622852325439453,30.622852325439453,16738,30.95743179321289,30.95743179321289,27.59230613708496
23-05-2016,30.682598114013672,30.936519622802734,23098,30.9873046875,30.76923179626465,27.4245662689209
24-05-2016,30.772218704223633,31.064973831176758,30797,31.226287841796875,31.202390670776367,27.81064224243164
25-05-2016,31.01717758178711,31.01717758178711,20420,31.315906524658203,31.20537757873535,27.813302993774414
26-05-2016,31.032114028930664,31.23525047302246,27784,31.315906524658203,31.130695343017578,27.74673080444336
27-05-2016,31.28304672241211,31.286033630371094,34479,31.76400375366211,31.647497177124023,28.20736312866211
31-05-2016,31.3607177734375,31.47423553466797,64942,31.647497177124023,31.37864112854004,27.967731475830078
01-06-2016,31.26512336730957,31.650484085083008,34479,31.66243553161621,31.522031784057617,28.09553337097168
02-06-2016,31.32486915588379,31.372665405273438,44522,31.51306915283203,31.47423553466797,28.143613815307617
03-06-2016,31.30097007751465,31.42046356201172,47200,31.59671401977539,31.56086540222168,28.221078872680664
06-06-2016,31.611650466918945,31.65645980834961,49878,32.06870651245117,31.961164474487305,28.579021453857422
07-06-2016,31.396564483642578,31.84465980529785,39835,31.97012710571289,31.399551391601562,28.07683753967285
08-06-2016,31.766990661621094,31.766990661621094,71302,32.60343551635742,32.42718505859375,28.9957218170166
09-06-2016,32.01792526245117,32.322628021240234,40840,32.47199249267578,32.04779815673828,28.656484603881836
10-06-2016,31.683345794677734,31.895444869995117,24102,31.955190658569336,31.949216842651367,28.568330764770508
13-06-2016,31.327856063842773,32.01792526245117,86700,32.01792526245117,31.345779418945312,28.02875328063965
14-06-2016,31.166542053222656,31.351755142211914,43518,31.581777572631836,31.45929718017578,28.1302547454834
15-06-2016,31.423450469970703,31.707244873046875,23767,31.901418685913086,31.510082244873047,28.175668716430664
16-06-2016,31.18745231628418,31.190441131591797,37492,31.599700927734375,31.483196258544922,28.151626586914062
17-06-2016,30.966392517089844,31.429424285888672,93061,31.429424285888672,30.966392517089844,27.689512252807617
20-06-2016,31.3607177734375,31.36669158935547,65611,31.551904678344727,31.369678497314453,28.05012321472168
21-06-2016,31.399551391601562,31.399551391601562,38162,31.605676651000977,31.492158889770508,28.159637451171875
22-06-2016,31.130695343017578,31.749065399169922,34479,31.749065399169922,31.18745231628418,27.887174606323242
23-06-2016,31.082897186279297,31.082897186279297,34145,31.516056060791016,31.417476654052734,28.092866897583008
24-06-2016,30.18670654296875,30.793128967285156,232651,31.103809356689453,30.33607292175293,27.125892639160156
27-06-2016,29.920835494995117,30.02240562438965,26780,30.48842430114746,30.461538314819336,27.23807716369629
28-06-2016,30.294248580932617,30.90365982055664,15064,30.90365982055664,30.422704696655273,27.20336151123047
29-06-2016,30.709484100341797,30.709484100341797,24102,30.930545806884766,30.81403923034668,27.55327606201172
30-06-2016,31.115758895874023,31.115758895874023,52556,32.271846771240234,32.271846771240234,28.856822967529297
01-07-2016,31.856609344482422,32.51082992553711,48539,32.51082992553711,31.92830467224121,28.549631118774414
05-07-2016,31.64451026916504,32.25093460083008,22428,32.25093460083008,31.799850463867188,28.43477439880371
06-07-2016,31.18147850036621,31.31291961669922,43852,31.432411193847656,31.202390670776367,27.90053939819336
07-07-2016,31.15757942199707,31.510082244873047,42513,31.6206111907959,31.178491592407227,27.879165649414062
08-07-2016,30.92755889892578,31.36669158935547,82349,31.602689743041992,31.483196258544922,28.151626586914062
11-07-2016,31.456310272216797,31.510082244873047,32471,31.850635528564453,31.75205421447754,28.39203453063965
12-07-2016,31.572816848754883,31.769977569580078,33475,31.769977569580078,31.731143951416016,28.373336791992188
13-07-2016,31.262136459350586,31.456310272216797,57912,31.50111961364746,31.414487838745117,28.09018898010254
14-07-2016,31.423450469970703,31.426437377929688,46196,31.665422439575195,31.557878494262695,28.218406677246094
15-07-2016,31.36669158935547,31.50111961364746,40170,31.56086540222168,31.516056060791016,28.18100929260254
18-07-2016,31.292009353637695,31.57879066467285,19750,31.58476448059082,31.321882247924805,28.00737762451172
19-07-2016,31.2471981048584,31.327856063842773,46196,31.405527114868164,31.3607177734375,28.0421085357666
20-07-2016,31.393577575683594,31.498132705688477,21424,31.611650466918945,31.528005599975586,28.191694259643555
21-07-2016,31.30694580078125,31.30694580078125,19750,31.59073829650879,31.462284088134766,28.13292694091797
22-07-2016,31.650484085083008,31.653472900390625,24772,32.140403747558594,31.943241119384766,28.56298828125
25-07-2016,31.486183166503906,31.841672897338867,15733,31.943241119384766,31.704256057739258,28.349294662475586
26-07-2016,31.381628036499023,31.444360733032227,12051,31.548917770385742,31.483196258544922,28.151626586914062
27-07-2016,30.924570083618164,31.36669158935547,19081,31.369678497314453,31.094846725463867,27.804370880126953
28-07-2016,31.199403762817383,31.202390670776367,16403,31.453323364257812,31.40851402282715,28.084842681884766
29-07-2016,31.154592514038086,31.528005599975586,33140,31.563854217529297,31.563854217529297,28.223745346069336
01-08-2016,31.12770652770996,31.647497177124023,21424,31.647497177124023,31.14264488220215,27.847116470336914
02-08-2016,30.882747650146484,30.942493438720703,27784,31.175504684448242,31.08588409423828,27.796361923217773
03-08-2016,30.870798110961914,31.058998107910156,16403,31.058998107910156,31.04705047607422,27.761632919311523
04-08-2016,30.8857364654541,31.2591495513916,20755,31.2591495513916,31.014190673828125,27.732254028320312
05-08-2016,30.888723373413086,30.888723373413086,48874,31.33084487915039,31.109783172607422,27.817731857299805
08-08-2016,30.7781925201416,31.106796264648438,27784,31.208364486694336,31.008214950561523,27.726911544799805
09-08-2016,30.89768409729004,31.09783363342285,41844,31.20537757873535,30.978342056274414,27.700199127197266
10-08-2016,31.067960739135742,31.067960739135742,58581,31.456310272216797,31.34876823425293,28.031421661376953
11-08-2016,31.23525047302246,31.36669158935547,37157,31.492158889770508,31.45929718017578,28.1302547454834
12-08-2016,31.121732711791992,31.480209350585938,41174,31.480209350585938,31.333831787109375,28.0180721282959
15-08-2016,31.061986923217773,31.333831787109375,30797,31.351755142211914,31.333831787109375,28.0180721282959
16-08-2016,31.256160736083984,31.256160736083984,25106,31.811800003051758,31.665422439575195,28.3145694732666
17-08-2016,31.581777572631836,31.581777572631836,11382,31.814786911010742,31.725168228149414,28.367992401123047
18-08-2016,31.671396255493164,31.671396255493164,17407,31.925317764282227,31.835697174072266,28.466829299926758
19-08-2016,31.784914016723633,32.477970123291016,34647,33.045555114746094,32.11949157714844,28.720590591430664
22-08-2016,31.84465980529785,32.5436897277832,49041,32.5436897277832,32.02987289428711,28.640451431274414
23-08-2016,31.93427848815918,31.93427848815918,45693,32.11351776123047,32.04182052612305,28.65113639831543
24-08-2016,32.05974578857422,32.14339065551758,40003,32.394325256347656,32.27483367919922,28.859493255615234
25-08-2016,32.185211181640625,32.185211181640625,26445,32.71097946166992,32.53173828125,29.089210510253906
26-08-2016,31.910381317138672,32.71097946166992,42848,32.8543701171875,32.14339065551758,28.74196434020996
29-08-2016,32.11351776123047,32.14339065551758,22094,32.370426177978516,32.30470657348633,28.88620948791504
30-08-2016,31.689319610595703,32.30470657348633,41342,32.322628021240234,31.90440559387207,28.618242263793945
31-08-2016,30.416728973388672,31.22330093383789,63100,31.22330093383789,30.912620544433594,27.72861099243164
01-09-2016,30.123973846435547,30.787155151367188,97747,30.787155151367188,30.422704696655273,27.28915786743164
02-09-2016,30.368932723999023,30.6079158782959,31801,30.679611206054688,30.428678512573242,27.294517517089844
06-09-2016,30.040328979492188,30.339059829711914,34312,30.339059829711914,30.100074768066406,26.999759674072266
07-09-2016,29.622106552124023,30.159820556640625,55569,30.159820556640625,29.78939437866211,26.7210750579834
08-09-2016,29.442867279052734,29.735624313354492,58749,29.735624313354492,29.556385040283203,26.512062072753906
09-09-2016,28.815534591674805,29.299476623535156,17909,29.299476623535156,28.821508407592773,25.852882385253906
12-09-2016,28.52875328063965,28.52875328063965,56238,29.383121490478516,29.317401885986328,26.297700881958008
13-09-2016,28.851381301879883,29.06049346923828,47367,29.174009323120117,28.946975708007812,25.965429306030273
14-09-2016,28.678117752075195,28.946975708007812,26780,29.10828971862793,28.743839263916016,25.783214569091797
15-09-2016,28.684093475341797,28.684093475341797,15231,29.12621307373047,28.893203735351562,25.917192459106445
16-09-2016,28.707990646362305,28.707990646362305,114652,29.13218879699707,28.737863540649414,25.777854919433594
19-09-2016,28.803585052490234,28.803585052490234,40840,29.496639251708984,29.305452346801758,26.2869873046875
20-09-2016,29.257654190063477,29.281553268432617,26947,29.705751419067383,29.371173858642578,26.345930099487305
21-09-2016,29.09634017944336,29.466766357421875,36990,29.514562606811523,29.407020568847656,26.378089904785156
22-09-2016,29.514562606811523,29.514562606811523,30964,29.950708389282227,29.8610897064209,26.785388946533203
23-09-2016,29.418968200683594,29.418968200683594,47032,29.920835494995117,29.68782615661621,26.629966735839844
26-09-2016,29.418968200683594,29.681852340698242,98082,29.8670654296875,29.424943923950195,26.3941707611084
27-09-2016,29.401046752929688,29.401046752929688,34981,29.622106552124023,29.496639251708984,26.458480834960938
28-09-2016,29.395071029663086,29.69977569580078,23600,29.69977569580078,29.490665435791016,26.4531192779541
29-09-2016,29.454816818237305,29.502613067626953,27282,29.705751419067383,29.526512145996094,26.485271453857422
30-09-2016,29.538461685180664,29.7654972076416,60255,29.8610897064209,29.723674774169922,26.662126541137695
03-10-2016,29.556385040283203,29.693801879882812,51384,30.02240562438965,29.628080368041992,26.57637596130371
04-10-2016,29.19193458557129,29.19193458557129,34479,29.72964859008789,29.389095306396484,26.362009048461914
05-10-2016,29.19193458557129,29.496639251708984,24772,29.574308395385742,29.209857940673828,26.201234817504883
06-10-2016,29.05451774597168,29.09036636352539,31801,29.281553268432617,29.23375701904297,26.22266960144043
07-10-2016,29.0126953125,29.371173858642578,32806,29.371173858642578,29.07244110107422,26.077972412109375
10-10-2016,29.15608787536621,29.323375701904297,33475,29.466766357421875,29.412994384765625,26.383445739746094
11-10-2016,29.10231590270996,29.424943923950195,31634,29.454816818237305,29.311426162719727,26.29233741760254
12-10-2016,28.678117752075195,28.678117752075195,26947,29.13218879699707,28.935026168823242,25.954710006713867
13-10-2016,28.815534591674805,28.863330841064453,41676,29.21583366394043,29.07244110107422,26.077972412109375
14-10-2016,28.33159065246582,29.424943923950195,56740,29.424943923950195,28.516803741455078,25.579565048217773
17-10-2016,28.086631774902344,28.397310256958008,27450,28.492904663085938,28.2718448638916,25.359832763671875
18-10-2016,28.3674373626709,28.504854202270508,21926,28.684093475341797,28.51082992553711,25.574201583862305
19-10-2016,28.224048614501953,28.522777557373047,14896,28.522777557373047,28.31964111328125,25.402711868286133
20-10-2016,27.997013092041016,28.33756446838379,16905,28.33756446838379,28.080656051635742,25.188337326049805
21-10-2016,27.925317764282227,28.21807289123535,51719,28.558626174926758,28.32561683654785,25.408063888549805
24-10-2016,28.200149536132812,28.200149536132812,40003,28.767736434936523,28.731889724731445,25.772497177124023
25-10-2016,28.570575714111328,28.690067291259766,11884,28.803585052490234,28.678117752075195,25.724260330200195
26-10-2016,28.51082992553711,28.869304656982422,32136,28.869304656982422,28.666168212890625,25.713546752929688
27-10-2016,28.54070281982422,28.719940185546875,14227,28.719940185546875,28.552650451660156,25.61171531677246
28-10-2016,28.576549530029297,28.576549530029297,13892,29.09036636352539,28.929052352905273,25.949350357055664
31-10-2016,28.881254196166992,29.02464485168457,23265,29.13218879699707,28.976848602294922,25.99222183227539
01-11-2016,28.642269134521484,29.13816261291504,16068,29.13816261291504,28.702016830444336,25.745704650878906
02-11-2016,28.702016830444336,28.702016830444336,43518,28.95294952392578,28.833457946777344,25.863603591918945
03-11-2016,28.630321502685547,28.935026168823242,23600,28.935026168823242,28.827482223510742,25.85823631286621
04-11-2016,28.51082992553711,28.51082992553711,28454,29.09634017944336,28.845407485961914,25.87432098388672
07-11-2016,28.958925247192383,28.958925247192383,24939,29.418968200683594,29.269603729248047,26.25482749938965
08-11-2016,29.341299057006836,29.377147674560547,12218,29.568334579467773,29.466766357421875,26.431684494018555
09-11-2016,28.40926170349121,29.08439064025879,20755,29.08439064025879,28.570575714111328,25.627798080444336
10-11-2016,27.901418685913086,28.666168212890625,28956,28.666168212890625,28.40328598022461,25.477739334106445
11-11-2016,28.241971969604492,28.33159065246582,16570,28.546676635742188,28.492904663085938,25.558124542236328
14-11-2016,28.164302825927734,28.52875328063965,36823,28.52875328063965,28.21807289123535,25.311603546142578
15-11-2016,28.283794403076172,28.3793888092041,22094,28.516803741455078,28.46900749206543,25.536691665649414
16-11-2016,28.31964111328125,28.46900749206543,48874,28.737863540649414,28.51082992553711,25.574201583862305
17-11-2016,28.283794403076172,28.283794403076172,12888,28.707990646362305,28.654220581054688,25.702829360961914
18-11-2016,28.43913459777832,28.43913459777832,33308,28.935026168823242,28.4749813079834,25.542051315307617
21-11-2016,28.606422424316406,28.606422424316406,36823,29.269603729248047,29.12621307373047,26.126205444335938
22-11-2016,28.917102813720703,29.09634017944336,24437,29.13218879699707,29.04854393005371,26.056533813476562
23-11-2016,28.451082229614258,28.773712158203125,18913,28.976848602294922,28.660194396972656,25.708187103271484
25-11-2016,28.893203735351562,28.935026168823242,10879,29.10828971862793,28.958925247192383,25.97614860534668
28-11-2016,28.970874786376953,29.27557945251465,38831,29.335325241088867,29.07841682434082,26.083330154418945
29-11-2016,29.16206169128418,29.227781295776367,35986,29.412994384765625,29.203882217407227,26.19587516784668
30-11-2016,28.224048614501953,29.13218879699707,58079,29.13218879699707,28.224048614501953,25.412097930908203
01-12-2016,27.76400375366211,28.33159065246582,35818,28.833457946777344,27.919343948364258,25.137754440307617
02-12-2016,27.75205421447754,27.75205421447754,33642,28.230022430419922,28.230022430419922,25.417478561401367
05-12-2016,28.092605590820312,28.21807289123535,11382,28.24794578552246,28.164302825927734,25.358306884765625
06-12-2016,27.853622436523438,28.46900749206543,16403,28.46900749206543,28.194175720214844,25.38520050048828
07-12-2016,27.519044876098633,28.086631774902344,60757,28.092605590820312,27.931291580200195,25.14850616455078
08-12-2016,27.829723358154297,27.829723358154297,67285,28.707990646362305,28.588499069213867,25.740243911743164
09-12-2016,28.546676635742188,28.678117752075195,57410,29.17998504638672,28.815534591674805,25.944658279418945
12-12-2016,28.170276641845703,28.648244857788086,44187,28.654220581054688,28.49888038635254,25.659555435180664
13-12-2016,28.3674373626709,28.702016830444336,55736,28.917102813720703,28.44510841369629,25.611135482788086
14-12-2016,27.919343948364258,28.654220581054688,76156,28.654220581054688,27.943241119384766,25.159273147583008
15-12-2016,27.943241119384766,27.943241119384766,58247,28.31964111328125,28.140403747558594,25.336790084838867
16-12-2016,28.122478485107422,28.170276641845703,375087,28.588499069213867,28.212099075317383,25.401342391967773
19-12-2016,28.194175720214844,28.241971969604492,36990,28.41523551940918,28.194175720214844,25.38520050048828
20-12-2016,28.062732696533203,28.3674373626709,27784,28.3674373626709,28.152353286743164,25.347545623779297
21-12-2016,28.026885986328125,28.283794403076172,77160,28.49888038635254,28.026885986328125,25.23458480834961
22-12-2016,27.54294204711914,27.847646713256836,32303,28.032859802246094,27.925317764282227,25.14313507080078
23-12-2016,27.76400375366211,27.805824279785156,25106,28.170276641845703,27.78192710876465,25.01402473449707
27-12-2016,27.71023178100586,27.841672897338867,24437,27.919343948364258,27.817773818969727,25.046308517456055
28-12-2016,27.704256057739258,28.893203735351562,54062,28.893203735351562,27.787900924682617,25.0194091796875
29-12-2016,27.716205596923828,27.75205421447754,32136,27.979089736938477,27.829723358154297,25.057056427001953
30-12-2016,27.56086540222168,27.829723358154297,43852,27.979089736938477,27.6325626373291,24.879545211791992
03-01-2017,27.56086540222168,27.6325626373291,51049,28.170276641845703,27.76400375366211,24.997892379760742
04-01-2017,27.871545791625977,28.014936447143555,25943,28.3674373626709,28.032859802246094,25.239961624145508
05-01-2017,27.65645980834961,27.769977569580078,33475,28.008962631225586,27.967140197753906,25.180784225463867
06-01-2017,27.68035888671875,27.823749542236328,47702,27.835697174072266,27.787900924682617,25.0194091796875
09-01-2017,27.548917770385742,27.69230842590332,29960,27.76400375366211,27.66243553161621,24.90643882751465
10-01-2017,27.297983169555664,27.519044876098633,60088,27.6325626373291,27.548917770385742,24.80423355102539
11-01-2017,27.214338302612305,27.68633270263672,36990,27.68633270263672,27.393577575683594,24.66436767578125
12-01-2017,27.184465408325195,27.345779418945312,68624,27.51306915283203,27.256160736083984,24.54064178466797
13-01-2017,26.9873046875,27.286033630371094,80842,27.286033630371094,27.268110275268555,24.551401138305664
17-01-2017,27.124719619750977,27.136669158935547,95906,27.716205596923828,27.447349548339844,24.712785720825195
18-01-2017,27.280059814453125,27.351755142211914,22763,27.519044876098633,27.507095336914062,24.766578674316406
19-01-2017,27.226287841796875,27.6265869140625,23767,27.6265869140625,27.268110275268555,24.551401138305664
20-01-2017,27.214338302612305,27.214338302612305,62598,27.57879066467285,27.53099250793457,24.788095474243164
23-01-2017,27.53099250793457,27.78192710876465,22930,27.985063552856445,27.907394409179688,25.126998901367188
24-01-2017,27.847646713256836,27.847646713256836,27450,28.170276641845703,28.152353286743164,25.347545623779297
25-01-2017,27.973114013671875,28.28976821899414,32471,28.33159065246582,28.224048614501953,25.412097930908203
26-01-2017,27.931291580200195,28.678117752075195,22094,28.678117752075195,28.056758880615234,25.261478424072266
27-01-2017,27.76400375366211,28.032859802246094,11382,28.074682235717773,27.997013092041016,25.207687377929688
30-01-2017,27.54294204711914,27.937267303466797,22261,27.943241119384766,27.937267303466797,25.153888702392578
31-01-2017,27.71023178100586,27.769977569580078,21257,28.092605590820312,27.949216842651367,25.16465187072754
01-02-2017,27.417476654052734,28.026885986328125,47367,28.026885986328125,27.704256057739258,24.944095611572266
02-02-2017,27.66840934753418,27.68633270263672,37325,27.943241119384766,27.787900924682617,25.0194091796875
03-02-2017,27.901418685913086,27.985063552856445,24772,28.31366729736328,28.068708419799805,25.272241592407227
06-02-2017,27.758028030395508,27.76400375366211,28454,28.074682235717773,27.758028030395508,24.992509841918945
07-02-2017,27.72218132019043,27.841672897338867,24269,27.871545791625977,27.871545791625977,25.0947208404541
08-02-2017,27.66243553161621,27.66840934753418,45191,28.080656051635742,28.008962631225586,25.21844482421875
09-02-2017,27.69230842590332,27.69230842590332,37659,28.52875328063965,28.36146354675293,25.535823822021484
10-02-2017,28.48693084716797,28.48693084716797,44354,29.000747680664062,28.737863540649414,25.874725341796875
13-02-2017,28.46900749206543,28.678117752075195,18579,28.970874786376953,28.648244857788086,25.794031143188477
14-02-2017,28.44510841369629,28.534727096557617,43183,28.99477195739746,28.797609329223633,25.928516387939453
15-02-2017,28.702016830444336,28.905153274536133,31132,29.144136428833008,28.935026168823242,26.05224609375
16-02-2017,28.851381301879883,28.887229919433594,28956,29.24570655822754,29.24570655822754,26.33197593688965
17-02-2017,28.767736434936523,28.767736434936523,32136,29.574308395385742,29.335325241088867,26.412662506103516
21-02-2017,29.269603729248047,29.430919647216797,32973,29.442867279052734,29.436893463134766,26.50411033630371
22-02-2017,29.347274780273438,29.347274780273438,36990,29.7654972076416,29.68782615661621,26.73004150390625
23-02-2017,29.63405418395996,29.87303924560547,24437,30.064226150512695,29.902912139892578,26.9237003326416
24-02-2017,29.693801879882812,29.8610897064209,29625,30.046302795410156,29.81329345703125,26.843008041381836
27-02-2017,29.616130828857422,29.80731964111328,21926,29.89693832397461,29.747573852539062,26.783838272094727
28-02-2017,29.60418128967285,29.99253273010254,60925,29.99253273010254,29.78342056274414,26.81611442565918
01-03-2017,29.628080368041992,30.058252334594727,46028,30.100074768066406,29.87303924560547,26.896808624267578
02-03-2017,29.616130828857422,29.651979446411133,40840,29.8610897064209,29.777446746826172,26.909215927124023
03-03-2017,29.574308395385742,29.81329345703125,27282,29.87303924560547,29.87303924560547,26.995603561401367
06-03-2017,29.335325241088867,29.60418128967285,24102,29.80731964111328,29.401046752929688,26.569080352783203
07-03-2017,28.516803741455078,29.227781295776367,83018,29.227781295776367,28.797609329223633,26.023767471313477
08-03-2017,28.3793888092041,28.809558868408203,23265,28.827482223510742,28.54070281982422,25.79160499572754
09-03-2017,28.20612335205078,28.54070281982422,19750,28.54070281982422,28.28976821899414,25.564842224121094
10-03-2017,28.176250457763672,28.54070281982422,66783,28.630321502685547,28.30171775817871,25.575632095336914
13-03-2017,28.080656051635742,28.230022430419922,28956,28.451082229614258,28.31366729736328,25.58643913269043
14-03-2017,28.062732696533203,28.062732696533203,36320,28.44510841369629,28.241971969604492,25.521648406982422
15-03-2017,28.224048614501953,28.4749813079834,24437,28.606422424316406,28.44510841369629,25.70521354675293
16-03-2017,28.24794578552246,28.36146354675293,27617,28.624347686767578,28.24794578552246,25.52704429626465
17-03-2017,28.31964111328125,28.31964111328125,31801,28.881254196166992,28.534727096557617,25.78620147705078
20-03-2017,28.40328598022461,28.588499069213867,15566,28.684093475341797,28.451082229614258,25.710615158081055
21-03-2017,28.552650451660156,28.564599990844727,32136,28.95294952392578,28.552650451660156,25.80240249633789
22-03-2017,28.54070281982422,28.785661697387695,51552,28.98282241821289,28.791635513305664,26.018360137939453
23-03-2017,28.564599990844727,28.85735511779785,91722,28.988798141479492,28.707990646362305,25.94277572631836
24-03-2017,28.212099075317383,28.869304656982422,48874,28.869304656982422,28.40926170349121,25.67282485961914
27-03-2017,27.961164474487305,28.31964111328125,71302,28.40926170349121,28.3674373626709,25.635028839111328
28-03-2017,28.098581314086914,28.200149536132812,49376,28.630321502685547,28.31366729736328,25.58643913269043
29-03-2017,28.170276641845703,28.4749813079834,27617,28.4749813079834,28.349515914916992,25.618833541870117
30-03-2017,28.014936447143555,28.188199996948242,55736,28.36146354675293,28.014936447143555,25.316484451293945
31-03-2017,27.991037368774414,28.014936447143555,34312,28.21807289123535,28.122478485107422,25.413665771484375
03-04-2017,27.63853645324707,28.146377563476562,76323,28.20612335205078,28.122478485107422,25.413665771484375
04-04-2017,27.799850463867188,28.128454208374023,58414,28.21807289123535,28.170276641845703,25.456865310668945
05-04-2017,27.841672897338867,28.098581314086914,71469,28.23599624633789,27.841672897338867,25.1599063873291
06-04-2017,27.78192710876465,27.835697174072266,12218,28.020910263061523,27.841672897338867,25.1599063873291
07-04-2017,27.59671401977539,27.841672897338867,27952,27.919343948364258,27.865570068359375,25.181503295898438
10-04-2017,27.79387664794922,27.841672897338867,30630,28.116504669189453,28.080656051635742,25.375871658325195
11-04-2017,27.871545791625977,28.014936447143555,12386,28.086631774902344,27.883495330810547,25.197702407836914
12-04-2017,27.841672897338867,27.841672897338867,15901,28.188199996948242,27.997013092041016,25.30028533935547
13-04-2017,27.69230842590332,27.859596252441406,9540,27.859596252441406,27.69828224182129,25.030324935913086
17-04-2017,27.716205596923828,27.895444869995117,44522,27.961164474487305,27.961164474487305,25.26788902282715
18-04-2017,27.835697174072266,27.835697174072266,27784,28.30769157409668,28.152353286743164,25.440656661987305
19-04-2017,27.997013092041016,28.212099075317383,13725,28.212099075317383,28.002986907958984,25.305683135986328
20-04-2017,27.931291580200195,27.985063552856445,15064,28.092605590820312,27.931291580200195,25.240890502929688
21-04-2017,27.841672897338867,27.841672897338867,84190,28.080656051635742,28.044809341430664,25.34347915649414
24-04-2017,28.30769157409668,28.3793888092041,21424,28.504854202270508,28.427183151245117,25.68902015686035
25-04-2017,28.25989532470703,28.25989532470703,29625,28.761762619018555,28.648244857788086,25.8887882232666
26-04-2017,28.182226181030273,28.582523345947266,14060,28.725915908813477,28.182226181030273,25.4676570892334
27-04-2017,28.140403747558594,28.140403747558594,17407,28.642269134521484,28.40926170349121,25.67282485961914
28-04-2017,28.283794403076172,28.43315887451172,62096,28.719940185546875,28.713966369628906,25.948179244995117
01-05-2017,28.546676635742188,28.755788803100586,18077,28.839431762695312,28.576549530029297,25.82399559020996
02-05-2017,28.49888038635254,28.49888038635254,20922,28.803585052490234,28.707990646362305,25.94277572631836
03-05-2017,28.480955123901367,28.618371963500977,39668,28.797609329223633,28.52875328063965,25.780803680419922
04-05-2017,28.522777557373047,28.522777557373047,34145,29.203882217407227,29.203882217407227,26.39090347290039
05-05-2017,29.209857940673828,29.317401885986328,21257,29.616130828857422,29.574308395385742,26.725650787353516
08-05-2017,29.550411224365234,29.568334579467773,42011,29.93278694152832,29.81329345703125,26.941617965698242
09-05-2017,29.7654972076416,29.93278694152832,18244,30.004480361938477,29.87303924560547,26.995603561401367
10-05-2017,29.723674774169922,29.84316635131836,23935,29.9686336517334,29.879013061523438,27.001005172729492
11-05-2017,29.598207473754883,29.83121681213379,28621,30.052278518676758,30.052278518676758,27.15757942199707
12-05-2017,29.72964859008789,29.85511589050293,20420,30.010456085205078,29.84316635131836,26.968612670898438
15-05-2017,29.849140167236328,29.93278694152832,29458,30.147872924804688,30.141897201538086,27.238567352294922
16-05-2017,30.058252334594727,30.058252334594727,44689,30.697534561157227,30.68558692932129,27.729888916015625
17-05-2017,30.4047794342041,30.4047794342041,49543,32.06571960449219,31.90440559387207,28.831310272216797
18-05-2017,31.659446716308594,31.90440559387207,42513,32.346527099609375,31.96415138244629,28.88530158996582
19-05-2017,32.01792526245117,32.101566314697266,27952,32.35847473144531,32.04182052612305,28.95548439025879
22-05-2017,32.11949157714844,32.11949157714844,55066,34.83794021606445,34.35399627685547,31.044950485229492
23-05-2017,32.316654205322266,34.01941680908203,213738,36.01493835449219,32.448097229003906,29.322633743286133
24-05-2017,32.22703552246094,32.44211959838867,59251,33.02165985107422,32.908138275146484,29.738361358642578
25-05-2017,30.984317779541016,32.83047103881836,55401,32.83047103881836,31.486183166503906,28.453369140625
26-05-2017,31.28304672241211,31.28304672241211,18411,31.647497177124023,31.3607177734375,28.33998680114746
30-05-2017,31.121732711791992,31.32486915588379,33977,33.117252349853516,31.28304672241211,28.269800186157227
31-05-2017,31.20537757873535,31.20537757873535,69126,31.856609344482422,31.689319610595703,28.636938095092773
01-06-2017,31.551904678344727,32.02389907836914,39835,32.3286018371582,32.3286018371582,29.3157901763916
02-06-2017,31.96415138244629,32.460044860839844,20420,32.460044860839844,32.24496078491211,29.239940643310547
05-06-2017,31.737117767333984,31.90440559387207,17574,32.071693420410156,31.946229934692383,28.969058990478516
06-06-2017,31.856609344482422,31.856609344482422,28789,32.262882232666016,32.1075439453125,29.11533546447754
07-06-2017,30.67363739013672,31.838685989379883,138754,31.98805046081543,31.2591495513916,28.346004486083984
08-06-2017,30.213592529296875,31.20537757873535,26613,31.20537757873535,30.279312133789062,27.457481384277344
09-06-2017,29.9686336517334,30.201642990112305,45191,30.470500946044922,30.183719635009766,27.37079620361328
12-06-2017,29.998506546020508,29.998506546020508,50547,30.38088035583496,30.141897201538086,27.332874298095703
13-06-2017,30.028379440307617,30.147872924804688,34981,30.43465232849121,30.177745819091797,27.365379333496094
14-06-2017,30.117998123168945,30.309186935424805,57577,30.54219627380371,30.231515884399414,27.414140701293945
15-06-2017,30.291261672973633,30.291261672973633,36153,30.691560745239258,30.56609344482422,27.71753692626953
16-06-2017,30.147872924804688,30.422704696655273,71971,30.452577590942383,30.267364501953125,27.44664764404297
19-06-2017,30.040328979492188,30.076175689697266,23767,30.41075325012207,30.273338317871094,27.452068328857422
20-06-2017,30.112024307250977,30.225540161132812,29458,30.362957000732422,30.177745819091797,27.365379333496094
21-06-2017,29.64600372314453,30.386856079101562,84692,30.43465232849121,29.723674774169922,26.95362663269043
22-06-2017,29.383121490478516,29.538461685180664,32638,29.68782615661621,29.502613067626953,26.753162384033203
23-06-2017,29.407020568847656,29.418968200683594,408395,30.129947662353516,30.129947662353516,27.322036743164062
26-06-2017,29.514562606811523,30.165794372558594,56405,30.165794372558594,29.723674774169922,26.95362663269043
27-06-2017,29.556385040283203,29.85511589050293,62766,29.85511589050293,29.616130828857422,26.85610580444336
28-06-2017,29.7654972076416,30.082151412963867,65611,30.213592529296875,29.98058319091797,27.18659019470215
29-06-2017,29.401046752929688,29.93876075744629,44689,29.93876075744629,29.69977569580078,26.931955337524414
30-06-2017,29.448841094970703,29.759521484375,56573,29.96265983581543,29.454816818237305,26.709821701049805
03-07-2017,29.299476623535156,29.8670654296875,36320,30.004480361938477,29.484689712524414,26.73691177368164
05-07-2017,29.13218879699707,29.448841094970703,38162,29.74159812927246,29.407020568847656,26.66647720336914
06-07-2017,29.13218879699707,29.263629913330078,52723,29.514562606811523,29.2218074798584,26.498531341552734
07-07-2017,29.02464485168457,29.287527084350586,59753,29.436893463134766,29.04854393005371,26.341413497924805
10-07-2017,28.684093475341797,29.09634017944336,61929,29.09634017944336,28.875280380249023,26.184293746948242
11-07-2017,28.678117752075195,28.785661697387695,52891,28.958925247192383,28.941001892089844,26.2438907623291
12-07-2017,29.000747680664062,29.15608787536621,38496,29.24570655822754,29.09036636352539,26.379337310791016
13-07-2017,28.707990646362305,29.07244110107422,50045,29.07841682434082,28.941001892089844,26.2438907623291
14-07-2017,28.946975708007812,29.030620574951172,76323,29.269603729248047,29.12621307373047,26.41184425354004
17-07-2017,28.946975708007812,28.98282241821289,73143,29.401046752929688,29.317401885986328,26.5852108001709
18-07-2017,29.09634017944336,29.15011215209961,51886,29.598207473754883,29.508588790893555,26.75857925415039
19-07-2017,29.323375701904297,29.568334579467773,65611,29.75354766845703,29.675878524780273,26.910280227661133
20-07-2017,29.430919647216797,29.526512145996094,49710,29.7654972076416,29.69977569580078,26.931955337524414
21-07-2017,29.317401885986328,29.681852340698242,55736,29.681852340698242,29.622106552124023,26.861522674560547
24-07-2017,29.18596076965332,29.71172523498535,75654,29.80134391784668,29.80134391784668,27.0240478515625
25-07-2017,29.556385040283203,29.9686336517334,35986,30.141897201538086,30.070201873779297,27.26785659790039
26-07-2017,29.902912139892578,29.96265983581543,17742,30.201642990112305,30.177745819091797,27.365379333496094
27-07-2017,30.44062614440918,30.44062614440918,54397,31.229276657104492,31.22330093383789,28.313493728637695
28-07-2017,30.57804298400879,31.1516056060791,36655,31.1516056060791,30.876773834228516,27.999263763427734
31-07-2017,30.49439811706543,30.948469161987305,94734,31.061986923217773,30.793128967285156,27.923412322998047
01-08-2017,30.56011962890625,31.253173828125,126703,31.253173828125,30.906646728515625,28.026351928710938
02-08-2017,30.219566345214844,30.906646728515625,78499,30.906646728515625,30.76923179626465,27.901744842529297
03-08-2017,30.321134567260742,30.793128967285156,72976,30.793128967285156,30.50037384033203,27.657941818237305
04-08-2017,30.195667266845703,30.309186935424805,23265,30.46452522277832,30.368932723999023,27.53874969482422
07-08-2017,30.285287857055664,30.368932723999023,23433,30.76923179626465,30.73935890197754,27.87465476989746
08-08-2017,30.48842430114746,30.757282257080078,20922,30.858850479125977,30.72740936279297,27.863819122314453
09-08-2017,30.345033645629883,30.775205612182617,104777,32.70500564575195,30.53622055053711,27.690444946289062
10-08-2017,29.96265983581543,30.141897201538086,53225,30.44660186767578,30.368932723999023,27.53874969482422
11-08-2017,30.43465232849121,30.452577590942383,24437,30.828977584838867,30.50634765625,27.663360595703125
14-08-2017,30.6079158782959,30.6079158782959,42848,31.21135139465332,31.175504684448242,28.270158767700195
15-08-2017,30.894697189331055,31.21732521057129,39166,31.21732521057129,31.032114028930664,28.140125274658203
16-08-2017,31.032114028930664,31.032114028930664,36153,31.605676651000977,31.462284088134766,28.53021240234375
17-08-2017,31.486183166503906,31.492158889770508,42513,31.98207664489746,31.98207664489746,29.00156021118164
18-08-2017,31.90440559387207,31.96415138244629,51384,32.14339065551758,31.95220375061035,28.97446632385254
21-08-2017,31.814786911010742,31.96415138244629,49376,32.24496078491211,32.11351776123047,29.120750427246094
22-08-2017,32.11949157714844,32.11949157714844,37157,32.430171966552734,32.36445236206055,29.34830093383789
23-08-2017,31.98207664489746,32.41224670410156,46363,32.507843017578125,32.131439208984375,29.13700294494629
24-08-2017,31.522031784057617,32.08364486694336,33977,32.08364486694336,31.551904678344727,28.611478805541992
25-08-2017,31.629573822021484,31.784914016723633,22261,31.95817756652832,31.701269149780273,28.74692153930664
28-08-2017,31.27109718322754,31.533981323242188,35484,31.695295333862305,31.42046356201172,28.492279052734375
29-08-2017,31.229276657104492,31.229276657104492,70298,32.19118881225586,32.00597381591797,29.023231506347656
30-08-2017,32.03584671020508,32.05377197265625,112978,33.35623550415039,33.147125244140625,30.058034896850586
31-08-2017,32.79462432861328,33.1829719543457,68791,33.42793273925781,33.230770111083984,30.133880615234375
01-09-2017,33.069454193115234,33.38013458251953,77160,33.49365234375,33.21881866455078,30.123048782348633
05-09-2017,33.099327087402344,33.147125244140625,53225,33.61314392089844,33.21881866455078,30.123048782348633
06-09-2017,33.34428787231445,33.45183181762695,36990,33.72068786621094,33.57132339477539,30.543230056762695
07-09-2017,33.39208221435547,33.46975326538086,51217,33.82823181152344,33.52352523803711,30.499738693237305
08-09-2017,33.087379455566406,33.46377944946289,84022,34.0373420715332,33.917850494384766,30.858501434326172
11-09-2017,33.90589904785156,34.07318878173828,66950,34.49738693237305,34.240478515625,31.15202522277832
12-09-2017,33.74458694458008,34.38984298706055,94902,34.38984298706055,33.953697204589844,30.8911075592041
13-09-2017,33.619117736816406,33.8222541809082,30964,33.953697204589844,33.8043327331543,30.755218505859375
14-09-2017,33.648990631103516,33.75056076049805,32806,33.88199996948242,33.76848220825195,30.722604751586914
15-09-2017,33.15907287597656,33.8222541809082,205202,33.8222541809082,33.15907287597656,30.16815948486328
18-09-2017,33.27259063720703,33.27259063720703,44689,33.63704299926758,33.45183181762695,30.43450927734375
19-09-2017,33.1650505065918,33.32636260986328,96743,33.52352523803711,33.1650505065918,30.17360496520996
20-09-2017,33.10530090332031,33.1650505065918,35484,33.50559997558594,33.40403366088867,30.391027450561523
21-09-2017,33.08140563964844,33.38013458251953,36320,33.50559997558594,33.18894577026367,30.195344924926758
22-09-2017,33.24271774291992,33.30246353149414,17240,33.35623550415039,33.35623550415039,30.3475399017334
25-09-2017,33.117252349853516,33.30843734741211,30964,33.625091552734375,33.284542083740234,30.28231430053711
26-09-2017,33.0754280090332,33.32038879394531,31801,33.46377944946289,33.12919998168945,30.14098358154297
27-09-2017,32.675132751464844,32.902164459228516,17240,33.123226165771484,32.991783142089844,30.015966415405273
28-09-2017,33.02165985107422,33.02165985107422,18913,33.54742431640625,33.314414978027344,30.309494018554688
29-09-2017,33.063480377197266,33.36818313598633,40337,33.48767852783203,33.27259063720703,30.271442413330078
02-10-2017,32.88424301147461,33.35026168823242,44522,33.6011962890625,33.00373458862305,30.026836395263672
03-10-2017,32.80059814453125,33.0575065612793,62096,33.30246353149414,32.979835510253906,30.005090713500977
04-10-2017,32.902164459228516,32.902164459228516,35986,33.32038879394531,32.926063537597656,29.956167221069336
05-10-2017,32.88424301147461,32.91411590576172,22596,33.34428787231445,33.206871032714844,30.211647033691406
06-10-2017,32.9499626159668,33.18894577026367,22596,33.33831024169922,33.123226165771484,30.135549545288086
09-10-2017,32.99776077270508,33.49962615966797,13892,33.49962615966797,33.087379455566406,30.102930068969727
10-10-2017,33.24271774291992,33.30843734741211,13557,33.48767852783203,33.24271774291992,30.244258880615234
11-10-2017,33.314414978027344,33.314414978027344,19416,33.7147102355957,33.60717010498047,30.575838088989258
12-10-2017,33.33233642578125,33.45780563354492,20085,33.74458694458008,33.51157760620117,30.488866806030273
13-10-2017,33.32038879394531,33.32038879394531,20085,33.702762603759766,33.51755142211914,30.494308471679688
16-10-2017,33.41598129272461,33.42793273925781,29458,33.87602615356445,33.565345764160156,30.537799835205078
17-10-2017,33.6011962890625,33.6011962890625,16905,34.09111404418945,34.09111404418945,31.016136169433594
18-10-2017,33.762508392333984,34.07916259765625,16570,34.07916259765625,33.79835510253906,30.749784469604492
19-10-2017,33.5892448425293,33.72068786621094,29123,33.923824310302734,33.72068786621094,30.67911720275879
20-10-2017,33.46975326538086,33.792381286621094,88541,33.953697204589844,33.75056076049805,30.706296920776367
23-10-2017,33.702762603759766,33.702762603759766,19416,34.16878128051758,34.15683364868164,31.075927734375
24-10-2017,33.625091552734375,34.061241149902344,17909,34.061241149902344,33.792381286621094,30.74435043334961
25-10-2017,33.224796295166016,33.61314392089844,19248,33.619117736816406,33.51157760620117,30.488866806030273
26-10-2017,33.52949905395508,33.52949905395508,33642,33.98357009887695,33.887977600097656,30.83131980895996
27-10-2017,33.02165985107422,33.93577194213867,27784,33.93577194213867,33.45183181762695,30.43450927734375
30-10-2017,33.15907287597656,33.46975326538086,57744,33.46975326538086,33.35623550415039,30.3475399017334
31-10-2017,33.40403366088867,33.40403366088867,35818,34.3480224609375,34.25242614746094,31.16288948059082
01-11-2017,33.47572708129883,34.20463180541992,30462,34.20463180541992,33.55937194824219,30.532352447509766
02-11-2017,33.1650505065918,33.57729721069336,15064,33.77445983886719,33.6011962890625,30.570404052734375
03-11-2017,33.278564453125,33.58327102661133,9206,33.58327102661133,33.39208221435547,30.38015365600586
06-11-2017,32.991783142089844,33.284542083740234,23265,33.33831024169922,33.063480377197266,30.081188201904297
07-11-2017,32.9499626159668,32.979835510253906,28286,33.3980598449707,33.34428787231445,30.336671829223633
08-11-2017,33.35026168823242,33.35026168823242,36990,33.786407470703125,33.75056076049805,30.706296920776367
09-11-2017,33.726661682128906,33.834205627441406,19416,34.025390625,33.99551773071289,30.92915916442871
10-11-2017,33.98954391479492,33.98954391479492,22763,34.46751403808594,34.46751403808594,31.35858154296875
13-11-2017,34.28827667236328,34.28827667236328,34145,35.166542053222656,35.118743896484375,31.951072692871094
14-11-2017,34.92158126831055,35.112770080566406,19750,35.495147705078125,35.411502838134766,32.21742248535156
15-11-2017,34.401790618896484,35.166542053222656,25608,35.166542053222656,34.485435485839844,31.37489128112793
16-11-2017,34.754295349121094,35.03510284423828,16403,35.0948486328125,34.9873046875,31.831483840942383
17-11-2017,34.7841682434082,34.7841682434082,24939,35.2083625793457,34.95743179321289,31.804311752319336
20-11-2017,35.13069534301758,35.13069534301758,25441,35.554893493652344,35.43539810180664,32.23916244506836
21-11-2017,35.01120376586914,35.058998107910156,32806,35.393577575683594,35.309932708740234,32.12501907348633
22-11-2017,34.84988784790039,35.393577575683594,35316,35.393577575683594,35.112770080566406,31.945632934570312
24-11-2017,35.112770080566406,35.13069534301758,20252,35.51904296875,35.363704681396484,32.17393112182617
27-11-2017,35.3159065246582,35.42942428588867,17742,35.79387664794922,35.71620559692383,32.49464416503906
28-11-2017,35.471248626708984,35.71620559692383,48037,35.84764862060547,35.84764862060547,32.614227294921875
29-11-2017,35.23823547363281,35.7221794128418,39668,35.8297233581543,35.752052307128906,32.52726364135742
30-11-2017,35.63853454589844,35.781925201416016,44020,36.032859802246094,36.032859802246094,32.782737731933594
01-12-2017,35.6265869140625,35.6265869140625,34981,36.49290466308594,36.48693084716797,33.19585418701172
04-12-2017,35.973114013671875,35.973114013671875,45861,37.460792541503906,37.383121490478516,34.011207580566406
05-12-2017,37.00672149658203,37.4488410949707,18579,37.48469161987305,37.2158317565918,33.859004974365234
06-12-2017,38.237491607666016,38.237491607666016,189971,39.27707290649414,39.097835540771484,35.68467712402344
07-12-2017,38.54816818237305,39.13965606689453,40672,39.677371978759766,39.48020935058594,36.03367614746094
08-12-2017,39.1575813293457,39.492156982421875,18244,39.599700927734375,39.39656448364258,35.95733642578125
11-12-2017,38.960418701171875,39.22927474975586,48204,39.39059066772461,39.038089752197266,35.63015365600586
12-12-2017,38.135921478271484,39.10978317260742,90048,39.24720001220703,38.189693450927734,34.85581588745117
13-12-2017,38.207618713378906,38.207618713378906,50882,39.08588409423828,38.912620544433594,35.51563262939453
14-12-2017,38.823001861572266,38.823001861572266,38162,39.432411193847656,39.27109909057617,35.842830657958984
15-12-2017,39.067962646484375,39.31291961669922,105948,39.766990661621094,39.683345794677734,36.21908187866211
18-12-2017,39.701271057128906,39.701271057128906,50380,40.286781311035156,39.844661712646484,36.36631393432617
19-12-2017,39.820762634277344,39.838687896728516,42513,40.483943939208984,39.95817947387695,36.46992111206055
20-12-2017,39.629573822021484,40.125465393066406,32973,40.125465393066406,39.874534606933594,36.39356994628906
21-12-2017,39.16952896118164,39.80881118774414,49208,40.02987289428711,39.19342803955078,35.77193069458008
22-12-2017,39.27707290649414,39.432411193847656,32806,40.01792526245117,39.928306579589844,36.442657470703125
26-12-2017,39.75503921508789,39.868560791015625,22094,40.400299072265625,39.99402618408203,36.502647399902344
27-12-2017,40.1075439453125,40.3286018371582,17574,40.3286018371582,40.292755126953125,36.77528381347656
28-12-2017,40.02987289428711,40.298728942871094,48706,40.71695327758789,40.71695327758789,37.16245651245117
29-12-2017,40.16728973388672,40.746826171875,58749,40.75877380371094,40.17326354980469,36.666221618652344
02-01-2018,39.41448974609375,40.394325256347656,66281,40.61538314819336,40.3106803894043,36.791648864746094
03-01-2018,39.83271026611328,40.38237380981445,24102,40.38237380981445,39.99402618408203,36.502647399902344
04-01-2018,39.88648223876953,39.93428039550781,93730,40.477970123291016,39.92232894897461,36.437198638916016
05-01-2018,39.378639221191406,39.95817947387695,17909,40.298728942871094,40.02389907836914,36.5299072265625
08-01-2018,39.86258316040039,40.05377197265625,13557,40.448097229003906,40.22106170654297,36.709861755371094
09-01-2018,39.47423553466797,40.292755126953125,21591,40.292755126953125,39.683345794677734,36.21908187866211
10-01-2018,39.45033645629883,39.63554763793945,31467,40.25690841674805,40.185211181640625,36.67713928222656
11-01-2018,39.044063568115234,40.1075439453125,34145,40.1075439453125,39.324867248535156,35.89189147949219
12-01-2018,38.69156265258789,39.19342803955078,17407,39.19342803955078,38.984317779541016,35.581077575683594
16-01-2018,38.72740936279297,39.008216857910156,36488,39.61164855957031,38.775203704833984,35.39021682739258
17-01-2018,39.21135330200195,39.22330093383789,109463,40.25690841674805,39.599700927734375,36.142723083496094
18-01-2018,38.89469909667969,39.659446716308594,25274,39.659446716308594,39.253173828125,35.82646179199219
19-01-2018,39.151607513427734,39.432411193847656,25106,39.731143951416016,39.432411193847656,35.99005889892578
22-01-2018,39.061988830566406,39.061988830566406,13055,39.432411193847656,39.378639221191406,35.940982818603516
23-01-2018,38.960418701171875,39.28304672241211,30964,40.567588806152344,40.11949157714844,36.61715316772461
24-01-2018,40.22703552246094,40.340553283691406,40337,40.88424301147461,40.46601867675781,36.93342590332031
25-01-2018,40.25093460083008,40.567588806152344,39333,40.961910247802734,40.25093460083008,36.73712158203125
26-01-2018,40.44211959838867,40.44211959838867,28119,41.033607482910156,40.902164459228516,37.33149719238281
29-01-2018,40.38835144042969,40.86631774902344,39166,40.86631774902344,40.46601867675781,36.93342590332031
30-01-2018,40.46601867675781,40.50186538696289,29458,40.76475143432617,40.68708038330078,37.135189056396484
31-01-2018,40.56161117553711,40.80657196044922,49376,41.24869155883789,41.224796295166016,37.62596893310547
01-02-2018,40.48991775512695,41.200897216796875,45024,41.200897216796875,41.00373458862305,37.42420959472656
02-02-2018,39.761016845703125,40.69902801513672,45359,40.69902801513672,39.761016845703125,36.28997039794922
05-02-2018,38.35698318481445,39.569828033447266,31969,39.91038131713867,38.44660186767578,35.09029769897461
06-02-2018,37.299476623535156,38.046302795410156,62933,38.52427291870117,38.291263580322266,34.94853210449219
07-02-2018,50.74399948120117,51.279998779296875,50875,52.79999923706055,51.03200149536133,46.57701110839844
08-02-2018,50.14400100708008,51.01599884033203,25000,51.7599983215332,50.152000427246094,45.77384948730469
09-02-2018,50.36800003051758,50.43199920654297,18375,51.86399841308594,51.816001892089844,47.29258346557617
12-02-2018,51.90399932861328,52.055999755859375,28250,52.95199966430664,52.624000549316406,48.03004837036133
13-02-2018,52.0,52.375999450683594,27250,52.79199981689453,52.448001861572266,47.869415283203125
14-02-2018,51.624000549316406,52.327999114990234,27625,53.439998626708984,53.167999267578125,48.526554107666016
15-02-2018,52.25600051879883,53.24800109863281,20250,54.52799987792969,54.29600143432617,49.55609130859375
16-02-2018,54.0,54.2239990234375,15625,54.88800048828125,54.63999938964844,49.87005615234375
20-02-2018,52.98400115966797,54.231998443603516,30125,54.231998443603516,53.15999984741211,48.519264221191406
21-02-2018,52.28799819946289,53.183998107910156,39500,53.65599822998047,52.47999954223633,47.89861297607422
22-02-2018,52.33599853515625,52.736000061035156,31875,53.04800033569336,52.816001892089844,48.205291748046875
23-02-2018,52.34400177001953,53.0880012512207,33875,54.03200149536133,53.928001403808594,49.22020721435547
26-02-2018,53.2239990234375,54.183998107910156,19750,54.183998107910156,53.992000579833984,49.27861404418945
27-02-2018,54.01599884033203,54.01599884033203,42625,55.263999938964844,54.63199996948242,49.86275863647461
28-02-2018,54.183998107910156,54.672000885009766,42625,55.20000076293945,54.400001525878906,49.6510009765625
01-03-2018,52.650001525878906,53.959999084472656,61400,54.25,54.11000061035156,49.38632583618164
02-03-2018,53.38999938964844,53.650001525878906,62400,54.959999084472656,54.529998779296875,49.915409088134766
05-03-2018,54.47999954223633,54.709999084472656,26900,55.52000045776367,55.0099983215332,50.35478591918945
06-03-2018,54.369998931884766,54.97999954223633,85200,56.099998474121094,55.66999816894531,50.95893096923828
07-03-2018,51.68000030517578,56.0099983215332,42200,56.0099983215332,52.279998779296875,47.85581588745117
08-03-2018,52.279998779296875,52.279998779296875,22800,53.33000183105469,53.0099983215332,48.52403259277344
09-03-2018,53.380001068115234,53.380001068115234,43400,54.66999816894531,54.45000076293945,49.8421745300293
12-03-2018,53.4900016784668,54.630001068115234,13900,54.630001068115234,53.70000076293945,49.15564727783203
13-03-2018,53.33000183105469,54.029998779296875,22500,54.36000061035156,53.650001525878906,49.109886169433594
14-03-2018,52.72999954223633,53.91999816894531,24000,54.029998779296875,53.29999923706055,48.78950119018555
15-03-2018,53.4900016784668,54.02000045776367,14000,54.84000015258789,54.38999938964844,49.787254333496094
16-03-2018,54.189998626708984,54.70000076293945,90900,55.060001373291016,54.869998931884766,50.22663116455078
19-03-2018,53.7400016784668,54.810001373291016,14700,54.970001220703125,53.95000076293945,49.38449478149414
20-03-2018,53.77000045776367,53.77000045776367,11700,55.04999923706055,54.900001525878906,50.25410079956055
21-03-2018,54.16999816894531,54.849998474121094,40900,55.099998474121094,54.29999923706055,49.70487594604492
22-03-2018,53.0099983215332,54.650001525878906,20200,54.65999984741211,53.06999969482422,48.57897186279297
23-03-2018,51.779998779296875,53.099998474121094,46600,53.70000076293945,51.790000915527344,47.40727996826172
26-03-2018,52.41999816894531,52.439998626708984,18800,53.439998626708984,53.040000915527344,48.55149841308594
27-03-2018,51.779998779296875,53.060001373291016,33300,53.060001373291016,51.91999816894531,47.52627944946289
28-03-2018,52.060001373291016,52.060001373291016,47000,53.59000015258789,52.47999954223633,48.03889465332031
29-03-2018,51.66999816894531,51.66999816894531,22300,53.4900016784668,53.33000183105469,49.765228271484375
02-04-2018,52.220001220703125,53.310001373291016,26100,53.400001525878906,52.2599983215332,48.76674270629883
03-04-2018,52.279998779296875,52.279998779296875,16700,53.349998474121094,53.27000045776367,49.70924377441406
04-04-2018,52.060001373291016,52.66999816894531,15000,54.0,54.0,50.39043426513672
05-04-2018,53.79999923706055,54.0,14800,54.4900016784668,54.150001525878906,50.530426025390625
06-04-2018,52.91999816894531,53.7599983215332,11100,54.33000183105469,53.20000076293945,49.643917083740234
09-04-2018,53.7599983215332,53.83000183105469,7300,54.4900016784668,54.29999923706055,50.67039108276367
10-04-2018,53.72999954223633,54.619998931884766,17900,54.880001068115234,53.72999954223633,50.138492584228516
11-04-2018,53.459999084472656,53.63999938964844,28700,54.5,53.459999084472656,49.88654327392578
12-04-2018,53.93000030517578,53.93000030517578,9700,54.650001525878906,54.2400016784668,50.61439514160156
13-04-2018,53.970001220703125,54.41999816894531,8300,54.58000183105469,54.220001220703125,50.59573745727539
16-04-2018,54.2400016784668,54.56999969482422,11900,55.0,54.2400016784668,50.61439514160156
17-04-2018,54.45000076293945,54.45000076293945,11800,55.150001525878906,55.04999923706055,51.370262145996094
18-04-2018,53.43000030517578,54.93000030517578,35200,54.93000030517578,53.43000030517578,49.858551025390625
19-04-2018,53.220001220703125,53.220001220703125,43800,54.25,53.459999084472656,49.88654327392578
20-04-2018,52.15999984741211,53.47999954223633,81000,53.630001068115234,52.310001373291016,48.813411712646484
23-04-2018,52.349998474121094,52.709999084472656,56900,53.58000183105469,53.099998474121094,49.55059814453125
24-04-2018,52.209999084472656,53.7400016784668,33100,53.7400016784668,52.38999938964844,48.8880615234375
25-04-2018,52.36000061035156,52.36000061035156,32500,53.43000030517578,52.529998779296875,49.01870346069336
26-04-2018,52.56999969482422,52.56999969482422,47900,53.9900016784668,53.310001373291016,49.74656295776367
27-04-2018,53.41999816894531,53.41999816894531,30300,54.150001525878906,53.45000076293945,49.87721252441406
30-04-2018,53.040000915527344,53.439998626708984,41000,54.72999954223633,53.369998931884766,49.80256271362305
01-05-2018,52.38999938964844,53.54999923706055,38100,53.59000015258789,52.83000183105469,49.298648834228516
02-05-2018,50.95000076293945,52.79999923706055,39300,52.79999923706055,51.04999923706055,47.637630462646484
03-05-2018,50.95000076293945,50.95000076293945,27000,52.9900016784668,52.650001525878906,49.13066864013672
04-05-2018,52.61000061035156,52.75,31000,53.81999969482422,53.41999816894531,49.84920883178711
07-05-2018,53.29999923706055,53.439998626708984,46800,54.13999938964844,53.689998626708984,50.10116195678711
08-05-2018,52.56999969482422,53.40999984741211,24900,54.0099983215332,52.70000076293945,49.17734146118164
09-05-2018,52.91999816894531,52.91999816894531,53800,54.4900016784668,54.099998474121094,50.48375701904297
10-05-2018,53.72999954223633,54.34000015258789,48600,54.540000915527344,54.150001525878906,50.530426025390625
11-05-2018,53.959999084472656,54.33000183105469,13600,54.33000183105469,54.15999984741211,50.53976058959961
14-05-2018,53.869998931884766,54.209999084472656,38200,54.65999984741211,54.04999923706055,50.43709945678711
15-05-2018,53.849998474121094,53.849998474121094,55000,54.970001220703125,54.70000076293945,51.04365158081055
16-05-2018,54.0,54.630001068115234,329800,56.0,55.95000076293945,52.2100944519043
17-05-2018,55.900001525878906,55.959999084472656,28300,56.790000915527344,56.599998474121094,52.816650390625
18-05-2018,56.349998474121094,56.369998931884766,31000,57.27000045776367,57.2599983215332,53.432533264160156
21-05-2018,56.779998779296875,57.70000076293945,33700,57.70000076293945,57.290000915527344,53.46052551269531
22-05-2018,56.45000076293945,57.470001220703125,25300,57.470001220703125,56.689998626708984,52.900630950927734
23-05-2018,56.38999938964844,56.38999938964844,42600,56.97999954223633,56.97999954223633,53.17124938964844
24-05-2018,56.470001220703125,56.869998931884766,18200,56.97999954223633,56.939998626708984,53.133914947509766
25-05-2018,55.04999923706055,57.36000061035156,20500,57.36000061035156,55.09000015258789,51.4075813293457
29-05-2018,54.65999984741211,54.880001068115234,23100,55.029998779296875,54.880001068115234,51.21162033081055
30-05-2018,54.72999954223633,54.959999084472656,32500,56.02000045776367,56.0,52.256752014160156
31-05-2018,54.5099983215332,55.7400016784668,28600,55.7400016784668,54.91999816894531,51.24894332885742
01-06-2018,53.959999084472656,55.029998779296875,56800,55.33000183105469,54.06999969482422,50.45576858520508
04-06-2018,54.08000183105469,54.150001525878906,33200,54.7599983215332,54.40999984741211,50.773033142089844
05-06-2018,53.849998474121094,54.2400016784668,41000,54.5,54.02000045776367,50.555904388427734
06-06-2018,50.33000183105469,53.84000015258789,76300,54.04999923706055,50.900001525878906,47.635982513427734
07-06-2018,49.689998626708984,51.0,68200,51.119998931884766,49.709999084472656,46.52229690551758
08-06-2018,49.72999954223633,49.72999954223633,44100,51.31999969482422,51.2599983215332,47.972900390625
11-06-2018,49.939998626708984,51.27000045776367,46500,51.27000045776367,50.41999816894531,47.186767578125
12-06-2018,49.88999938964844,50.349998474121094,97900,52.18000030517578,52.150001525878906,48.805843353271484
13-06-2018,50.220001220703125,52.04999923706055,56100,52.04999923706055,50.459999084472656,47.224205017089844
14-06-2018,50.59000015258789,50.65999984741211,46600,51.310001373291016,51.29999923706055,48.010337829589844
15-06-2018,51.029998779296875,51.20000076293945,70400,51.630001068115234,51.33000183105469,48.038414001464844
18-06-2018,50.91999816894531,51.130001068115234,57300,51.72999954223633,51.349998474121094,48.057125091552734
19-06-2018,50.7400016784668,51.040000915527344,52400,51.31999969482422,50.95000076293945,47.68278503417969
20-06-2018,49.36000061035156,51.04999923706055,85800,51.04999923706055,49.880001068115234,46.681400299072266
21-06-2018,48.2400016784668,49.869998931884766,83800,49.869998931884766,49.189998626708984,46.0356330871582
22-06-2018,48.849998474121094,49.43000030517578,239700,49.650001525878906,49.650001525878906,46.466156005859375
25-06-2018,46.970001220703125,49.29999923706055,89800,49.29999923706055,47.79999923706055,44.73477554321289
26-06-2018,47.560001373291016,47.86000061035156,96000,48.63999938964844,48.400001525878906,45.296302795410156
27-06-2018,47.900001525878906,48.40999984741211,65200,48.5099983215332,48.31999969482422,45.221431732177734
28-06-2018,48.369998931884766,48.369998931884766,51300,49.099998474121094,49.0099983215332,45.867191314697266
29-06-2018,48.439998626708984,49.2400016784668,35600,49.2400016784668,48.86000061035156,45.72681427001953
02-07-2018,48.81999969482422,48.88999938964844,42300,49.59000015258789,49.5099983215332,46.33512496948242
03-07-2018,48.86000061035156,49.709999084472656,43400,49.810001373291016,49.22999954223633,46.07307434082031
05-07-2018,49.58000183105469,49.58000183105469,48100,50.4900016784668,50.34000015258789,47.11189651489258
06-07-2018,50.349998474121094,50.349998474121094,21500,51.15999984741211,50.689998626708984,47.43946075439453
09-07-2018,50.529998779296875,50.619998931884766,44700,51.4900016784668,51.13999938964844,47.860595703125
10-07-2018,50.849998474121094,51.27000045776367,41300,51.7400016784668,51.29999923706055,48.010337829589844
11-07-2018,50.970001220703125,51.0099983215332,20600,51.84000015258789,51.2400016784668,47.95418167114258
12-07-2018,51.31999969482422,51.31999969482422,17200,51.70000076293945,51.54999923706055,48.24430847167969
13-07-2018,51.349998474121094,51.400001525878906,19200,52.0099983215332,51.5,48.197509765625
16-07-2018,51.38999938964844,51.38999938964844,17700,52.25,51.70000076293945,48.38469314575195
17-07-2018,51.869998931884766,51.869998931884766,33400,53.130001068115234,52.7599983215332,49.376712799072266
18-07-2018,51.90999984741211,52.970001220703125,57700,52.970001220703125,52.22999954223633,48.88069152832031
19-07-2018,52.16999816894531,52.16999816894531,40300,53.16999816894531,53.06999969482422,49.66683578491211
20-07-2018,52.959999084472656,53.029998779296875,26700,53.61000061035156,53.16999816894531,49.76042175292969
23-07-2018,52.72999954223633,53.09000015258789,23500,53.34000015258789,53.08000183105469,49.67620086669922
24-07-2018,53.0,53.18000030517578,20000,53.5,53.369998931884766,49.947601318359375
25-07-2018,53.20000076293945,53.20000076293945,26800,54.86000061035156,54.599998474121094,51.098724365234375
26-07-2018,54.119998931884766,54.529998779296875,24000,54.70000076293945,54.20000076293945,50.72437286376953
27-07-2018,53.58000183105469,54.150001525878906,32900,54.290000915527344,53.790000915527344,50.340667724609375
30-07-2018,53.540000915527344,53.810001373291016,42000,53.869998931884766,53.65999984741211,50.218994140625
31-07-2018,53.029998779296875,53.790000915527344,67200,54.34000015258789,53.27000045776367,49.85401153564453
01-08-2018,52.849998474121094,53.400001525878906,32500,53.90999984741211,53.63999938964844,50.20027542114258
02-08-2018,53.290000915527344,53.459999084472656,45400,53.689998626708984,53.630001068115234,50.19091796875
03-08-2018,53.529998779296875,53.529998779296875,13400,54.43000030517578,54.27000045776367,50.789878845214844
06-08-2018,54.040000915527344,54.31999969482422,20600,54.36000061035156,54.16999816894531,50.69629669189453
07-08-2018,53.650001525878906,54.02000045776367,47300,54.130001068115234,53.790000915527344,50.340667724609375
08-08-2018,53.83000183105469,53.83000183105469,26100,54.34000015258789,54.209999084472656,50.73371887207031
09-08-2018,54.130001068115234,54.130001068115234,12200,54.68000030517578,54.369998931884766,50.88347625732422
10-08-2018,53.54999923706055,54.130001068115234,24200,54.40999984741211,53.630001068115234,50.19091796875
13-08-2018,53.61000061035156,53.63999938964844,11700,54.150001525878906,53.709999084472656,50.26580047607422
14-08-2018,53.75,53.75,26900,54.5,54.150001525878906,50.67758560180664
15-08-2018,53.56999969482422,54.02000045776367,12600,54.310001373291016,53.939998626708984,50.48104476928711
16-08-2018,53.220001220703125,54.06999969482422,13900,54.08000183105469,53.220001220703125,49.80721664428711
17-08-2018,53.130001068115234,53.130001068115234,43900,54.11000061035156,54.060001373291016,50.593353271484375
20-08-2018,53.70000076293945,53.77000045776367,13400,54.16999816894531,53.70000076293945,50.25644302368164
21-08-2018,53.349998474121094,53.75,6700,53.75,53.349998474121094,49.92887878417969
22-08-2018,52.970001220703125,53.33000183105469,31400,53.45000076293945,52.970001220703125,49.573246002197266
23-08-2018,52.40999984741211,52.97999954223633,21300,52.97999954223633,52.650001525878906,49.27375793457031
24-08-2018,52.75,52.81999969482422,23400,53.47999954223633,53.099998474121094,49.69490432739258
27-08-2018,52.72999954223633,53.33000183105469,51600,53.56999969482422,52.810001373291016,49.42350769042969
28-08-2018,52.31999969482422,52.86000061035156,58000,53.22999954223633,52.470001220703125,49.10530090332031
29-08-2018,52.18000030517578,52.18000030517578,39900,54.91999816894531,52.68000030517578,49.30184555053711
30-08-2018,51.90999984741211,52.5,41100,52.70000076293945,52.689998626708984,49.311195373535156
31-08-2018,52.529998779296875,52.529998779296875,43600,53.41999816894531,52.63999938964844,49.26441192626953
04-09-2018,52.54999923706055,52.599998474121094,29100,53.529998779296875,53.31999969482422,49.90079879760742
05-09-2018,52.900001525878906,52.900001525878906,49300,54.04999923706055,53.90999984741211,50.60291290283203
06-09-2018,53.619998931884766,53.810001373291016,28300,54.439998626708984,54.15999984741211,50.837581634521484
07-09-2018,53.90999984741211,53.90999984741211,19800,54.779998779296875,54.68000030517578,51.32568359375
10-09-2018,51.040000915527344,54.7400016784668,98100,54.97999954223633,51.22999954223633,48.08731460571289
11-09-2018,50.52000045776367,51.08000183105469,46700,51.459999084472656,51.20000076293945,48.05915832519531
12-09-2018,51.09000015258789,51.18000030517578,33700,51.70000076293945,51.54999923706055,48.3876953125
13-09-2018,50.65999984741211,51.7599983215332,37100,51.7599983215332,50.7599983215332,47.646148681640625
14-09-2018,50.45000076293945,50.7599983215332,49900,50.83000183105469,50.650001525878906,47.542903900146484
17-09-2018,49.61000061035156,50.47999954223633,23700,50.619998931884766,49.779998779296875,46.72626495361328
18-09-2018,49.15999984741211,49.849998474121094,44200,49.849998474121094,49.5099983215332,46.472835540771484
19-09-2018,48.880001068115234,49.650001525878906,25800,49.90999984741211,48.900001525878906,45.9002571105957
20-09-2018,49.16999816894531,49.189998626708984,19900,49.66999816894531,49.56999969482422,46.529151916503906
21-09-2018,49.709999084472656,49.709999084472656,161500,51.279998779296875,50.81999969482422,47.70246124267578
24-09-2018,49.849998474121094,50.83000183105469,20800,50.83000183105469,50.29999923706055,47.2143669128418
25-09-2018,50.439998626708984,50.439998626708984,12300,51.279998779296875,50.7400016784668,47.627376556396484
26-09-2018,50.27000045776367,50.27000045776367,35300,51.400001525878906,50.81999969482422,47.70246124267578
27-09-2018,50.630001068115234,50.95000076293945,16500,51.650001525878906,50.97999954223633,47.85265350341797
28-09-2018,50.689998626708984,50.90999984741211,53100,51.130001068115234,50.79999923706055,47.68370056152344
01-10-2018,50.939998626708984,51.06999969482422,27800,51.5,51.27000045776367,48.12487030029297
02-10-2018,51.029998779296875,51.130001068115234,36200,51.65999984741211,51.11000061035156,47.97468185424805
03-10-2018,50.34000015258789,51.25,9900,51.2599983215332,50.380001068115234,47.289466857910156
04-10-2018,49.70000076293945,50.2599983215332,10000,50.380001068115234,49.869998931884766,46.810752868652344
05-10-2018,49.689998626708984,49.689998626708984,7000,49.9900016784668,49.869998931884766,46.810752868652344
08-10-2018,49.45000076293945,49.7400016784668,23700,49.970001220703125,49.72999954223633,46.6793327331543
09-10-2018,49.58000183105469,49.58000183105469,34700,50.310001373291016,49.91999816894531,46.85768127441406
10-10-2018,47.310001373291016,49.45000076293945,28700,49.650001525878906,47.310001373291016,44.40779495239258
11-10-2018,45.709999084472656,47.130001068115234,36800,47.36000061035156,45.75,42.94348907470703
12-10-2018,46.31999969482422,46.41999816894531,17100,47.16999816894531,46.81999969482422,43.947845458984375
15-10-2018,46.720001220703125,46.75,19300,47.849998474121094,47.36000061035156,44.454715728759766
16-10-2018,47.52000045776367,47.56999969482422,10700,48.650001525878906,48.5099983215332,45.5341796875
17-10-2018,47.900001525878906,48.540000915527344,11700,48.540000915527344,48.099998474121094,45.14932632446289
18-10-2018,47.689998626708984,47.81999969482422,13600,48.22999954223633,47.939998626708984,44.99913787841797
19-10-2018,48.209999084472656,48.209999084472656,12100,48.790000915527344,48.560001373291016,45.58110809326172
22-10-2018,48.060001373291016,48.61000061035156,12000,48.79999923706055,48.060001373291016,45.11178207397461
23-10-2018,46.619998931884766,47.380001068115234,14700,48.060001373291016,47.61000061035156,44.68939208984375
24-10-2018,46.63999938964844,47.56999969482422,11000,47.75,46.63999938964844,43.77889633178711
25-10-2018,46.5,46.959999084472656,23900,47.97999954223633,47.630001068115234,44.70815658569336
26-10-2018,46.66999816894531,46.959999084472656,23900,47.849998474121094,47.290000915527344,44.389015197753906
29-10-2018,46.380001068115234,47.779998779296875,18000,48.11000061035156,46.709999084472656,43.8445930480957
30-10-2018,46.45000076293945,46.619998931884766,10000,47.08000183105469,46.97999954223633,44.09803771972656
31-10-2018,46.36000061035156,47.099998474121094,38300,47.849998474121094,46.369998931884766,43.525455474853516
01-11-2018,46.5,46.56999969482422,28300,47.61000061035156,47.54999923706055,44.63307189941406
02-11-2018,47.439998626708984,47.66999816894531,10300,48.470001220703125,47.5099983215332,44.59552001953125
05-11-2018,47.540000915527344,47.540000915527344,15100,48.310001373291016,48.16999816894531,45.21503448486328
06-11-2018,48.02000045776367,48.02000045776367,12100,48.880001068115234,48.68000030517578,45.69374465942383
07-11-2018,48.86000061035156,49.09000015258789,8500,49.560001373291016,49.40999984741211,46.378963470458984
08-11-2018,48.72999954223633,49.16999816894531,8700,49.47999954223633,48.86000061035156,45.86271286010742
09-11-2018,48.619998931884766,48.619998931884766,9800,49.150001525878906,49.0,45.99412155151367
12-11-2018,48.189998626708984,48.83000183105469,39400,49.04999923706055,48.20000076293945,45.243194580078125
13-11-2018,47.599998474121094,48.33000183105469,9400,48.33000183105469,47.720001220703125,44.79263687133789
14-11-2018,46.880001068115234,47.90999984741211,12900,47.90999984741211,46.880001068115234,44.00416946411133
15-11-2018,46.77000045776367,46.77000045776367,12600,48.22999954223633,48.22999954223633,45.2713508605957
16-11-2018,47.540000915527344,47.540000915527344,8200,48.91999816894531,48.70000076293945,45.712520599365234
19-11-2018,47.369998931884766,48.599998474121094,19100,48.599998474121094,47.40999984741211,44.501651763916016
20-11-2018,46.7599983215332,47.34000015258789,10400,47.5,47.13999938964844,44.24821090698242
21-11-2018,46.61000061035156,47.43000030517578,26400,47.43000030517578,46.66999816894531,43.80705642700195
23-11-2018,46.650001525878906,46.84000015258789,10800,47.58000183105469,47.29999923706055,44.39840316772461
26-11-2018,46.9900016784668,47.75,22700,47.75,47.220001220703125,44.32331466674805
27-11-2018,46.56999969482422,47.130001068115234,23200,48.5099983215332,48.22999954223633,45.2713508605957
28-11-2018,48.349998474121094,48.47999954223633,8700,49.5099983215332,49.22999954223633,46.21001434326172
29-11-2018,48.84000015258789,49.16999816894531,29500,49.58000183105469,49.06999969482422,46.0598258972168
30-11-2018,48.290000915527344,49.040000915527344,17100,49.380001068115234,48.61000061035156,45.628047943115234
03-12-2018,48.77000045776367,49.43000030517578,32400,49.619998931884766,49.47999954223633,46.44467544555664
04-12-2018,47.380001068115234,49.34000015258789,32400,49.34000015258789,47.4900016784668,44.57675552368164
06-12-2018,45.970001220703125,46.77000045776367,46300,47.81999969482422,46.86000061035156,44.139686584472656
07-12-2018,45.849998474121094,47.150001525878906,12000,47.290000915527344,46.0099983215332,43.33903121948242
10-12-2018,45.41999816894531,45.93000030517578,23600,46.650001525878906,46.5,43.80058288574219
11-12-2018,46.290000915527344,46.95000076293945,41600,47.20000076293945,46.5,43.80058288574219
12-12-2018,46.41999816894531,47.0,37900,47.15999984741211,46.47999954223633,43.781742095947266
13-12-2018,46.2599983215332,46.2599983215332,45600,48.18000030517578,48.130001068115234,45.33595657348633
14-12-2018,47.18000030517578,47.70000076293945,29800,48.31999969482422,47.2400016784668,44.49762725830078
17-12-2018,45.81999969482422,47.369998931884766,19100,47.369998931884766,46.0,43.32960891723633
18-12-2018,46.040000915527344,46.31999969482422,15500,46.83000183105469,46.34000015258789,43.649864196777344
19-12-2018,45.47999954223633,46.45000076293945,32400,47.02000045776367,45.63999938964844,42.990509033203125
20-12-2018,44.93000030517578,45.65999984741211,47000,46.47999954223633,45.689998626708984,43.037601470947266
21-12-2018,45.439998626708984,45.869998931884766,147700,46.52000045776367,45.439998626708984,42.802120208740234
24-12-2018,45.599998474121094,45.599998474121094,44300,46.34000015258789,45.689998626708984,43.037601470947266
26-12-2018,45.599998474121094,45.90999984741211,46000,46.70000076293945,46.70000076293945,43.98897171020508
27-12-2018,45.59000015258789,46.11000061035156,43600,47.060001373291016,46.9900016784668,44.26213836669922
28-12-2018,46.560001373291016,47.279998779296875,32800,47.61000061035156,47.0,44.27155685424805
31-12-2018,46.709999084472656,46.709999084472656,38600,47.61000061035156,47.41999816894531,44.667171478271484
02-01-2019,45.81999969482422,46.90999984741211,46700,47.279998779296875,46.7599983215332,44.04549026489258
03-01-2019,44.41999816894531,46.41999816894531,23700,46.41999816894531,45.59000015258789,42.94340515136719
04-01-2019,46.119998931884766,46.119998931884766,18300,46.939998626708984,46.880001068115234,44.15852737426758
07-01-2019,46.5,46.7400016784668,15600,47.130001068115234,46.810001373291016,44.092594146728516
08-01-2019,46.619998931884766,47.18000030517578,23200,47.56999969482422,46.970001220703125,44.243309020996094
09-01-2019,46.220001220703125,46.2599983215332,18400,47.27000045776367,46.63999938964844,43.93246078491211
10-01-2019,46.400001525878906,46.619998931884766,36000,47.29999923706055,47.130001068115234,44.394012451171875
11-01-2019,46.52000045776367,46.900001525878906,10500,47.130001068115234,47.130001068115234,44.394012451171875
14-01-2019,45.15999984741211,46.540000915527344,35400,47.040000915527344,45.650001525878906,42.999935150146484
15-01-2019,45.470001220703125,45.70000076293945,29000,46.369998931884766,46.33000183105469,43.64046096801758
16-01-2019,45.470001220703125,46.40999984741211,19900,46.40999984741211,45.83000183105469,43.16948318481445
17-01-2019,45.560001373291016,45.560001373291016,21200,46.150001525878906,46.150001525878906,43.47090530395508
18-01-2019,45.9900016784668,46.31999969482422,40000,46.79999923706055,46.529998779296875,43.82884216308594
22-01-2019,46.040000915527344,46.68000030517578,68800,46.91999816894531,46.91999816894531,44.19619369506836
23-01-2019,46.75,47.04999923706055,36400,47.29999923706055,47.0,44.27155685424805
24-01-2019,46.119998931884766,46.93000030517578,17900,46.93000030517578,46.290000915527344,43.60276794433594
25-01-2019,45.869998931884766,46.68000030517578,30200,46.68000030517578,46.06999969482422,43.395545959472656
28-01-2019,45.720001220703125,45.81999969482422,9300,46.099998474121094,45.959999084472656,43.291927337646484
29-01-2019,46.11000061035156,46.15999984741211,15700,46.470001220703125,46.130001068115234,43.45206069946289
30-01-2019,46.38999938964844,46.59000015258789,13900,47.119998931884766,46.790000915527344,44.073753356933594
31-01-2019,46.43000030517578,46.849998474121094,25400,47.11000061035156,47.029998779296875,44.29981994628906
01-02-2019,46.91999816894531,47.22999954223633,16000,47.5,47.369998931884766,44.62007141113281
04-02-2019,47.060001373291016,47.43000030517578,11400,47.630001068115234,47.36000061035156,44.610652923583984
05-02-2019,47.29999923706055,47.470001220703125,7600,47.83000183105469,47.65999984741211,44.89324188232422
06-02-2019,47.439998626708984,47.65999984741211,9800,47.79999923706055,47.63999938964844,44.87440490722656
07-02-2019,47.790000915527344,47.939998626708984,8400,48.279998779296875,48.220001220703125,45.42073440551758
08-02-2019,47.959999084472656,48.290000915527344,22400,48.380001068115234,48.36000061035156,45.55260467529297
11-02-2019,48.279998779296875,48.459999084472656,11900,48.7400016784668,48.650001525878906,45.82577133178711
12-02-2019,48.33000183105469,48.77000045776367,11100,48.77000045776367,48.439998626708984,45.62796401977539
13-02-2019,48.63999938964844,48.63999938964844,30400,49.72999954223633,49.130001068115234,46.27791213989258
14-02-2019,48.45000076293945,49.209999084472656,10100,49.209999084472656,48.689998626708984,45.86344909667969
15-02-2019,48.599998474121094,48.599998474121094,10400,49.31999969482422,49.31999969482422,46.456886291503906
19-02-2019,48.630001068115234,49.380001068115234,11900,49.380001068115234,48.630001068115234,45.80693435668945
20-02-2019,48.38999938964844,48.70000076293945,13300,49.02000045776367,48.689998626708984,45.86344909667969
21-02-2019,48.220001220703125,48.560001373291016,11400,48.81999969482422,48.619998931884766,45.797523498535156
22-02-2019,48.56999969482422,48.599998474121094,16900,49.130001068115234,48.93000030517578,46.08951187133789
25-02-2019,48.5099983215332,49.04999923706055,14900,49.18000030517578,48.63999938964844,45.81636047363281
26-02-2019,48.84000015258789,48.84000015258789,13700,49.52000045776367,49.22999954223633,46.372108459472656
27-02-2019,48.880001068115234,49.04999923706055,6200,49.16999816894531,49.0099983215332,46.16486740112305
28-02-2019,48.959999084472656,48.959999084472656,18500,49.38999938964844,49.29999923706055,46.43804168701172
01-03-2019,49.369998931884766,49.59000015258789,33800,49.869998931884766,49.599998474121094,46.87846374511719
04-03-2019,49.68000030517578,49.68000030517578,22300,50.849998474121094,50.83000183105469,48.040977478027344
05-03-2019,50.529998779296875,50.880001068115234,25000,51.599998474121094,50.88999938964844,48.09768295288086
06-03-2019,47.38999938964844,50.279998779296875,73400,50.279998779296875,48.86000061035156,46.179073333740234
07-03-2019,48.869998931884766,48.869998931884766,39300,50.20000076293945,50.0099983215332,47.265968322753906
08-03-2019,49.619998931884766,49.83000183105469,15400,50.380001068115234,49.93000030517578,47.19036865234375
11-03-2019,49.5099983215332,49.9900016784668,8900,50.290000915527344,50.25,47.492794036865234
12-03-2019,50.02000045776367,50.40999984741211,13900,50.68000030517578,50.02000045776367,47.275421142578125
13-03-2019,49.79999923706055,50.18000030517578,15200,50.29999923706055,49.79999923706055,47.0674934387207
14-03-2019,49.84000015258789,49.84000015258789,9900,50.220001220703125,50.20000076293945,47.445552825927734
15-03-2019,49.95000076293945,50.31999969482422,37100,50.5099983215332,50.34000015258789,47.57786178588867
18-03-2019,50.59000015258789,50.810001373291016,10700,50.900001525878906,50.880001068115234,48.08823776245117
19-03-2019,50.91999816894531,51.20000076293945,16200,51.5099983215332,51.13999938964844,48.33396530151367
20-03-2019,50.5,50.5099983215332,13200,50.83000183105469,50.650001525878906,47.87085723876953
21-03-2019,50.599998474121094,50.88999938964844,27200,51.380001068115234,51.150001525878906,48.34341812133789
22-03-2019,51.06999969482422,51.06999969482422,14700,51.720001220703125,51.349998474121094,48.53244400024414
25-03-2019,51.11000061035156,51.11000061035156,14200,52.20000076293945,52.20000076293945,49.33580780029297
26-03-2019,52.439998626708984,52.45000076293945,14000,52.81999969482422,52.5099983215332,49.62880325317383
27-03-2019,51.400001525878906,52.58000183105469,144600,52.58000183105469,51.41999816894531,48.59860610961914
28-03-2019,51.619998931884766,51.79999923706055,18700,52.099998474121094,51.65999984741211,48.82543182373047
29-03-2019,51.150001525878906,51.86000061035156,67700,51.869998931884766,51.16999816894531,48.36232376098633
01-04-2019,51.36000061035156,51.779998779296875,60200,52.40999984741211,52.40999984741211,49.53428268432617
02-04-2019,51.11000061035156,52.5099983215332,33200,52.5099983215332,51.34000015258789,48.52299880981445
03-04-2019,51.11000061035156,51.349998474121094,17300,51.56999969482422,51.27000045776367,48.456844329833984
04-04-2019,51.08000183105469,51.369998931884766,30800,51.779998779296875,51.63999938964844,48.80653762817383
05-04-2019,51.63999938964844,51.70000076293945,16900,52.040000915527344,51.91999816894531,49.071170806884766
08-04-2019,51.45000076293945,52.029998779296875,23600,52.209999084472656,52.119998931884766,49.260196685791016
09-04-2019,51.79999923706055,52.119998931884766,14900,52.439998626708984,51.90999984741211,49.06172180175781
10-04-2019,51.61000061035156,51.90999984741211,19000,52.130001068115234,52.02000045776367,49.16568374633789
11-04-2019,51.81999969482422,52.02000045776367,16600,52.15999984741211,52.15999984741211,49.298011779785156
12-04-2019,52.099998474121094,52.15999984741211,20700,52.31999969482422,52.2400016784668,49.373619079589844
15-04-2019,52.22999954223633,52.22999954223633,13700,53.06999969482422,53.06999969482422,50.158077239990234
16-04-2019,51.650001525878906,53.0,13000,53.0,51.83000183105469,48.986106872558594
17-04-2019,51.709999084472656,51.88999938964844,5800,52.2599983215332,52.13999938964844,49.27910232543945
18-04-2019,52.02000045776367,52.060001373291016,18200,52.380001068115234,52.2400016784668,49.373619079589844
22-04-2019,51.599998474121094,52.0,26200,52.27000045776367,52.06999969482422,49.21294021606445
23-04-2019,51.630001068115234,52.04999923706055,19600,52.54999923706055,51.83000183105469,48.986106872558594
24-04-2019,51.529998779296875,51.529998779296875,21200,52.310001373291016,51.849998474121094,49.00501251220703
25-04-2019,51.380001068115234,51.790000915527344,21200,51.79999923706055,51.720001220703125,48.88214874267578
26-04-2019,51.720001220703125,51.720001220703125,22700,52.5,52.36000061035156,49.487030029296875
29-04-2019,51.88999938964844,52.5,15000,52.779998779296875,52.040000915527344,49.18457794189453
30-04-2019,51.849998474121094,51.849998474121094,28300,52.29999923706055,52.29999923706055,49.43031692504883
01-05-2019,51.20000076293945,52.41999816894531,30600,52.72999954223633,51.540000915527344,48.71201705932617
02-05-2019,50.70000076293945,51.47999954223633,16100,51.66999816894531,51.22999954223633,48.41902542114258
03-05-2019,51.380001068115234,51.38999938964844,49600,52.70000076293945,51.40999984741211,48.58915710449219
06-05-2019,50.91999816894531,50.970001220703125,11400,51.36000061035156,51.150001525878906,48.34341812133789
07-05-2019,50.65999984741211,50.91999816894531,9700,51.22999954223633,51.119998931884766,48.315059661865234
08-05-2019,50.88999938964844,50.88999938964844,11200,51.54999923706055,51.380001068115234,48.56079864501953
09-05-2019,50.70000076293945,51.29999923706055,11900,51.650001525878906,50.880001068115234,48.08823776245117
10-05-2019,50.2599983215332,50.849998474121094,18200,51.52000045776367,50.709999084472656,47.927555084228516
13-05-2019,49.25,50.099998474121094,41600,50.68000030517578,49.7400016784668,47.01078796386719
14-05-2019,49.939998626708984,49.939998626708984,19500,50.959999084472656,50.68000030517578,47.89920425415039
15-05-2019,50.380001068115234,50.380001068115234,12800,51.279998779296875,50.709999084472656,47.927555084228516
16-05-2019,50.5099983215332,50.91999816894531,17800,51.709999084472656,51.560001373291016,48.730918884277344
17-05-2019,51.22999954223633,51.31999969482422,8500,52.209999084472656,51.459999084472656,48.63640594482422
20-05-2019,50.7400016784668,51.25,12100,51.45000076293945,50.97999954223633,48.18274688720703
21-05-2019,51.16999816894531,51.16999816894531,23200,51.599998474121094,51.439998626708984,48.61750793457031
22-05-2019,51.29999923706055,51.29999923706055,19700,51.970001220703125,51.81999969482422,48.97665786743164
23-05-2019,50.72999954223633,51.52000045776367,21700,51.709999084472656,51.15999984741211,48.35286331176758
24-05-2019,50.68000030517578,51.369998931884766,20900,51.619998931884766,50.68000030517578,47.89920425415039
28-05-2019,49.93000030517578,50.939998626708984,29400,51.2599983215332,50.31999969482422,47.558956146240234
29-05-2019,49.439998626708984,50.15999984741211,23800,50.459999084472656,49.689998626708984,46.96352767944336
30-05-2019,49.54999923706055,49.72999954223633,58600,50.02000045776367,49.91999816894531,47.180908203125
31-05-2019,48.709999084472656,49.619998931884766,33600,49.709999084472656,49.209999084472656,46.509864807128906
03-06-2019,49.22999954223633,49.47999954223633,18100,49.880001068115234,49.59000015258789,46.8690071105957
04-06-2019,49.689998626708984,49.689998626708984,86600,50.84000015258789,50.63999938964844,47.86140441894531
05-06-2019,49.90999984741211,50.630001068115234,92800,52.95000076293945,52.84000015258789,50.10493469238281
06-06-2019,52.880001068115234,52.880001068115234,28000,55.41999816894531,54.93000030517578,52.08675765991211
07-06-2019,54.939998626708984,54.939998626708984,22200,55.849998474121094,55.849998474121094,52.95913314819336
10-06-2019,55.45000076293945,56.0099983215332,27500,56.13999938964844,55.90999984741211,53.016021728515625
11-06-2019,55.63999938964844,56.2599983215332,21500,56.2599983215332,56.08000183105469,53.17723083496094
12-06-2019,55.9900016784668,55.9900016784668,20700,56.540000915527344,56.529998779296875,53.60393524169922
13-06-2019,56.09000015258789,56.939998626708984,11500,57.34000015258789,57.34000015258789,54.372005462646484
14-06-2019,54.970001220703125,57.18000030517578,15900,57.18000030517578,55.09000015258789,52.23847198486328
17-06-2019,53.4900016784668,54.9900016784668,20100,55.099998474121094,53.95000076293945,51.15748596191406
18-06-2019,53.13999938964844,54.2400016784668,14200,54.2400016784668,53.31999969482422,50.56009292602539
19-06-2019,52.93000030517578,53.02000045776367,18900,54.11000061035156,53.95000076293945,51.15748596191406
20-06-2019,54.189998626708984,54.31999969482422,20100,54.9900016784668,54.5,51.67900466918945
21-06-2019,53.970001220703125,54.45000076293945,64500,54.689998626708984,54.619998931884766,51.79279708862305
24-06-2019,54.27000045776367,54.689998626708984,21600,54.90999984741211,54.43000030517578,51.612632751464844
25-06-2019,54.349998474121094,54.41999816894531,41200,55.25,54.349998474121094,51.53677749633789
26-06-2019,53.86000061035156,54.439998626708984,34800,54.77000045776367,54.47999954223633,51.66004180908203
27-06-2019,54.290000915527344,54.290000915527344,36900,55.0099983215332,54.83000183105469,51.99193572998047
28-06-2019,54.65999984741211,55.0,232800,55.63999938964844,55.0,52.15312194824219
01-07-2019,55.0,55.58000183105469,30500,55.709999084472656,55.619998931884766,52.74104309082031
02-07-2019,55.61000061035156,55.65999984741211,28300,56.369998931884766,55.61000061035156,52.7315559387207
03-07-2019,55.70000076293945,55.70000076293945,22400,56.709999084472656,56.529998779296875,53.60393524169922
05-07-2019,55.619998931884766,56.22999954223633,7700,56.529998779296875,56.529998779296875,53.60393524169922
08-07-2019,55.7599983215332,56.380001068115234,15000,56.380001068115234,56.15999984741211,53.253082275390625
09-07-2019,55.369998931884766,55.869998931884766,23600,55.869998931884766,55.5099983215332,52.6367301940918
10-07-2019,55.47999954223633,55.720001220703125,8700,56.13999938964844,55.58000183105469,52.7031135559082
11-07-2019,55.45000076293945,55.84000015258789,20400,55.86000061035156,55.77000045776367,52.883277893066406
12-07-2019,55.040000915527344,55.72999954223633,13900,55.72999954223633,55.040000915527344,52.19105911254883
15-07-2019,54.779998779296875,55.040000915527344,18100,55.380001068115234,54.83000183105469,51.99193572998047
16-07-2019,54.5099983215332,54.77000045776367,27900,55.08000183105469,55.0,52.15312194824219
17-07-2019,54.7400016784668,55.0,24100,55.54999923706055,54.7400016784668,51.906593322753906
18-07-2019,54.31999969482422,54.86000061035156,27800,54.86000061035156,54.720001220703125,51.88761901855469
19-07-2019,54.43000030517578,54.849998474121094,39300,55.06999969482422,54.43000030517578,51.612632751464844
22-07-2019,53.959999084472656,54.5,22600,54.5,53.959999084472656,51.166961669921875
23-07-2019,54.16999816894531,54.220001220703125,21400,54.97999954223633,54.83000183105469,51.99193572998047
24-07-2019,54.0099983215332,54.720001220703125,18000,54.720001220703125,54.27000045776367,51.460914611816406
25-07-2019,53.119998931884766,54.16999816894531,26000,54.16999816894531,53.34000015258789,50.57905960083008
26-07-2019,53.4900016784668,53.4900016784668,24200,54.20000076293945,53.88999938964844,51.10059356689453
29-07-2019,53.72999954223633,53.93000030517578,20800,54.27000045776367,54.099998474121094,51.299713134765625
30-07-2019,53.630001068115234,54.04999923706055,22700,54.18000030517578,53.779998779296875,50.99628448486328
31-07-2019,53.290000915527344,53.29999923706055,32500,53.810001373291016,53.36000061035156,50.598018646240234
01-08-2019,53.689998626708984,53.689998626708984,41500,55.18000030517578,54.2400016784668,51.43246841430664
02-08-2019,53.900001525878906,54.06999969482422,9600,54.38999938964844,54.09000015258789,51.29023742675781
05-08-2019,51.09000015258789,53.43000030517578,35800,53.43000030517578,52.33000183105469,49.621334075927734
06-08-2019,51.68000030517578,52.56999969482422,35200,53.58000183105469,52.83000183105469,50.095458984375
07-08-2019,52.29999923706055,52.47999954223633,19600,53.650001525878906,53.16999816894531,50.41785430908203
08-08-2019,53.08000183105469,53.38999938964844,35600,55.150001525878906,54.90999984741211,52.06779479980469
09-08-2019,54.040000915527344,54.88999938964844,17600,54.88999938964844,54.470001220703125,51.65055847167969
12-08-2019,54.08000183105469,54.279998779296875,4300,54.41999816894531,54.16999816894531,51.3660888671875
13-08-2019,53.7400016784668,53.7400016784668,42100,55.34000015258789,55.18000030517578,52.323822021484375
14-08-2019,53.88999938964844,54.47999954223633,18400,54.95000076293945,53.88999938964844,51.10059356689453
15-08-2019,54.06999969482422,54.06999969482422,40800,55.9900016784668,55.900001525878906,53.00654983520508
16-08-2019,56.09000015258789,56.130001068115234,25400,56.79999923706055,56.439998626708984,53.51858901977539
19-08-2019,56.93000030517578,56.9900016784668,23500,57.66999816894531,57.290000915527344,54.32460021972656
20-08-2019,56.790000915527344,56.790000915527344,28300,57.56999969482422,57.290000915527344,54.32460021972656
21-08-2019,56.939998626708984,57.72999954223633,14000,57.90999984741211,57.439998626708984,54.466835021972656
22-08-2019,57.0,57.470001220703125,20500,57.599998474121094,57.0,54.04961013793945
23-08-2019,56.369998931884766,56.90999984741211,18700,57.38999938964844,56.369998931884766,53.45222091674805
26-08-2019,56.720001220703125,56.720001220703125,12000,57.47999954223633,57.47999954223633,54.5047607421875
27-08-2019,57.630001068115234,57.68000030517578,11500,58.11000061035156,58.060001373291016,55.05473709106445
28-08-2019,55.86000061035156,57.72999954223633,29600,57.77000045776367,57.470001220703125,54.495277404785156
29-08-2019,56.97999954223633,57.9900016784668,25800,58.02000045776367,58.02000045776367,55.016815185546875
30-08-2019,57.40999984741211,58.16999816894531,41700,58.189998626708984,57.56999969482422,54.59010696411133
03-09-2019,57.41999816894531,57.61000061035156,40800,58.20000076293945,58.11000061035156,55.102149963378906
04-09-2019,58.34000015258789,58.34000015258789,48100,59.4900016784668,59.15999984741211,56.097801208496094
05-09-2019,58.91999816894531,59.189998626708984,41900,59.72999954223633,59.220001220703125,56.31270980834961
06-09-2019,59.439998626708984,59.439998626708984,34000,60.5099983215332,60.5099983215332,57.53937911987305
09-09-2019,60.25,60.400001525878906,67000,61.58000183105469,61.400001525878906,58.38569259643555
10-09-2019,60.970001220703125,61.220001220703125,55300,61.650001525878906,61.650001525878906,58.62342071533203
11-09-2019,61.77000045776367,61.880001068115234,53900,63.150001525878906,62.939998626708984,59.8500862121582
12-09-2019,63.31999969482422,63.540000915527344,50100,64.0999984741211,63.58000183105469,60.45866012573242
13-09-2019,61.40999984741211,63.439998626708984,27500,63.439998626708984,61.83000183105469,58.794578552246094
16-09-2019,61.459999084472656,61.959999084472656,27100,61.959999084472656,61.84000015258789,58.8040885925293
17-09-2019,61.689998626708984,61.83000183105469,33900,62.31999969482422,61.84000015258789,58.8040885925293
18-09-2019,61.41999816894531,61.95000076293945,44800,61.970001220703125,61.7599983215332,58.72800827026367
19-09-2019,60.939998626708984,61.90999984741211,36500,61.90999984741211,61.619998931884766,58.594886779785156
20-09-2019,61.060001373291016,61.790000915527344,372700,62.20000076293945,61.59000015258789,58.56635665893555
23-09-2019,60.650001525878906,61.86000061035156,27000,61.86000061035156,60.86000061035156,57.8721923828125
24-09-2019,60.130001068115234,61.18000030517578,40200,61.18000030517578,60.439998626708984,57.47282028198242
25-09-2019,59.650001525878906,60.599998474121094,46600,60.84000015258789,59.779998779296875,56.84521484375
26-09-2019,59.41999816894531,59.86000061035156,19400,60.209999084472656,59.869998931884766,56.93079376220703
27-09-2019,59.150001525878906,60.209999084472656,33200,60.209999084472656,59.61000061035156,56.683563232421875
30-09-2019,59.560001373291016,59.83000183105469,32300,60.150001525878906,59.75,56.81668472290039
01-10-2019,59.310001373291016,59.810001373291016,64300,60.09000015258789,59.97999954223633,57.035396575927734
02-10-2019,58.95000076293945,59.709999084472656,36600,60.11000061035156,59.5,56.5789680480957
03-10-2019,59.02000045776367,59.380001068115234,38900,59.84000015258789,59.84000015258789,56.90227508544922
04-10-2019,59.849998474121094,59.849998474121094,31000,60.31999969482422,60.060001373291016,57.111473083496094
07-10-2019,59.70000076293945,60.130001068115234,15400,60.31999969482422,59.70000076293945,56.769142150878906
08-10-2019,58.939998626708984,59.369998931884766,16700,59.86000061035156,58.939998626708984,56.046451568603516
09-10-2019,59.18000030517578,59.18000030517578,22200,60.0,59.81999969482422,56.88324737548828
10-10-2019,59.5099983215332,59.540000915527344,21700,60.06999969482422,59.630001068115234,56.70258331298828
11-10-2019,59.65999984741211,60.08000183105469,53700,60.369998931884766,60.25,57.292144775390625
14-10-2019,59.66999816894531,60.220001220703125,12700,60.61000061035156,60.5,57.52987289428711
15-10-2019,60.04999923706055,60.5099983215332,14300,60.77000045776367,60.18000030517578,57.22557067871094
16-10-2019,59.7400016784668,60.04999923706055,18800,60.650001525878906,60.5099983215332,57.53937911987305
17-10-2019,60.5099983215332,60.52000045776367,18300,60.95000076293945,60.68000030517578,57.70103073120117
18-10-2019,60.540000915527344,60.540000915527344,31900,60.970001220703125,60.61000061035156,57.63447570800781
21-10-2019,60.560001373291016,60.61000061035156,17900,61.06999969482422,60.650001525878906,57.672515869140625
22-10-2019,60.81999969482422,60.81999969482422,16300,61.220001220703125,61.029998779296875,58.033843994140625
23-10-2019,60.88999938964844,61.04999923706055,22000,61.34000015258789,61.099998474121094,58.10041046142578
24-10-2019,61.349998474121094,61.470001220703125,13700,62.11000061035156,61.880001068115234,58.842124938964844
25-10-2019,61.060001373291016,61.7599983215332,26800,61.79999923706055,61.5,58.48077392578125
28-10-2019,60.63999938964844,61.38999938964844,15400,61.45000076293945,60.63999938964844,57.663002014160156
29-10-2019,60.689998626708984,60.689998626708984,13800,61.7599983215332,61.209999084472656,58.205013275146484
30-10-2019,61.119998931884766,61.13999938964844,25500,61.86000061035156,61.7599983215332,58.72800827026367
31-10-2019,61.77000045776367,61.81999969482422,24300,62.38999938964844,62.150001525878906,59.09886932373047
01-11-2019,62.529998779296875,62.529998779296875,13700,63.09000015258789,62.81999969482422,59.73597717285156
04-11-2019,62.130001068115234,62.81999969482422,9800,62.90999984741211,62.54999923706055,59.47922897338867
05-11-2019,61.83000183105469,62.66999816894531,14400,62.77000045776367,62.130001068115234,59.079856872558594
06-11-2019,61.97999954223633,62.209999084472656,12200,62.40999984741211,62.060001373291016,59.01329040527344
07-11-2019,61.47999954223633,62.15999984741211,17000,62.15999984741211,61.68000030517578,58.65193557739258
08-11-2019,61.2400016784668,61.68000030517578,5200,61.900001525878906,61.5099983215332,58.49028015136719
11-11-2019,61.20000076293945,61.560001373291016,7100,61.72999954223633,61.290000915527344,58.281089782714844
12-11-2019,61.029998779296875,61.18000030517578,15000,61.560001373291016,61.540000915527344,58.51881408691406
13-11-2019,61.36000061035156,61.619998931884766,20000,61.90999984741211,61.540000915527344,58.51881408691406
14-11-2019,61.41999816894531,61.59000015258789,11600,61.779998779296875,61.779998779296875,58.747032165527344
15-11-2019,61.189998626708984,61.91999816894531,14400,61.91999816894531,61.470001220703125,58.45225143432617
18-11-2019,61.11000061035156,61.52000045776367,12400,61.97999954223633,61.45000076293945,58.433231353759766
19-11-2019,61.45000076293945,61.58000183105469,21700,62.790000915527344,62.52000045776367,59.450706481933594
20-11-2019,62.81999969482422,62.81999969482422,16400,63.43000030517578,62.91999816894531,59.831058502197266
21-11-2019,62.5099983215332,63.0099983215332,31000,63.560001373291016,63.34000015258789,60.23045349121094
22-11-2019,62.77000045776367,63.27000045776367,16100,63.630001068115234,63.119998931884766,60.021240234375
25-11-2019,63.45000076293945,63.45000076293945,18400,64.29000091552734,64.13999938964844,60.99116516113281
26-11-2019,64.16000366210938,64.16000366210938,19400,65.20999908447266,64.9000015258789,61.71385955810547
27-11-2019,64.76000213623047,65.0,19000,65.7300033569336,65.06999969482422,61.875518798828125
29-11-2019,63.720001220703125,65.43000030517578,15800,65.43000030517578,63.79999923706055,60.66786193847656
02-12-2019,63.09000015258789,64.0,21300,64.0,63.88999938964844,60.75344467163086
03-12-2019,62.689998626708984,63.290000915527344,13400,63.36000061035156,62.880001068115234,59.79302978515625
04-12-2019,62.13999938964844,62.470001220703125,41800,63.689998626708984,63.150001525878906,60.216407775878906
05-12-2019,58.77000045776367,63.150001525878906,57600,63.150001525878906,60.11000061035156,57.317623138427734
06-12-2019,58.5099983215332,60.310001373291016,61200,60.310001373291016,59.18000030517578,56.43082809448242
09-12-2019,58.599998474121094,59.13999938964844,28300,59.439998626708984,59.27000045776367,56.51664733886719
10-12-2019,58.849998474121094,59.119998931884766,11800,59.33000183105469,58.849998474121094,56.116153717041016
11-12-2019,58.959999084472656,58.959999084472656,27500,59.540000915527344,59.27000045776367,56.51664733886719
12-12-2019,58.849998474121094,59.15999984741211,18000,59.59000015258789,58.849998474121094,56.116153717041016
13-12-2019,58.849998474121094,58.86000061035156,27900,59.880001068115234,59.84000015258789,57.06016540527344
16-12-2019,59.720001220703125,59.77000045776367,59800,60.58000183105469,59.939998626708984,57.155521392822266
17-12-2019,59.779998779296875,60.13999938964844,19800,60.529998779296875,59.779998779296875,57.002952575683594
18-12-2019,60.0099983215332,60.310001373291016,35100,60.83000183105469,60.5099983215332,57.69904327392578
19-12-2019,60.36000061035156,60.86000061035156,23100,60.95000076293945,60.83000183105469,58.004180908203125
20-12-2019,61.060001373291016,61.060001373291016,131500,63.16999816894531,62.95000076293945,60.02569580078125
23-12-2019,62.31999969482422,63.04999923706055,24800,63.08000183105469,62.66999816894531,59.758705139160156
24-12-2019,62.40999984741211,62.619998931884766,10700,62.880001068115234,62.40999984741211,59.51077651977539
26-12-2019,62.459999084472656,62.459999084472656,14900,63.20000076293945,63.150001525878906,60.216407775878906
27-12-2019,63.08000183105469,63.47999954223633,19100,63.54999923706055,63.150001525878906,60.216407775878906
30-12-2019,62.560001373291016,63.119998931884766,20600,63.459999084472656,62.560001373291016,59.653812408447266
31-12-2019,62.439998626708984,62.54999923706055,24400,62.970001220703125,62.77000045776367,59.85406494140625
02-01-2020,62.130001068115234,63.150001525878906,36700,63.369998931884766,62.88999938964844,59.968482971191406
03-01-2020,62.13999938964844,62.56999969482422,34400,63.04999923706055,63.04999923706055,60.121055603027344
06-01-2020,62.45000076293945,62.75,15100,62.900001525878906,62.810001373291016,59.8922004699707
07-01-2020,62.31999969482422,62.58000183105469,19100,62.959999084472656,62.5,59.596595764160156
08-01-2020,62.029998779296875,62.58000183105469,22500,63.20000076293945,63.09000015258789,60.15919494628906
09-01-2020,63.060001373291016,63.11000061035156,12400,63.540000915527344,63.220001220703125,60.28315353393555
10-01-2020,62.540000915527344,63.56999969482422,28200,63.790000915527344,62.599998474121094,59.691951751708984
13-01-2020,62.72999954223633,62.83000183105469,18600,63.47999954223633,63.36000061035156,60.416648864746094
14-01-2020,63.369998931884766,63.369998931884766,28600,64.23999786376953,63.970001220703125,60.998313903808594
15-01-2020,64.02999877929688,64.02999877929688,39900,65.5,64.94000244140625,61.92325210571289
16-01-2020,65.05999755859375,65.05999755859375,10700,66.30999755859375,66.06999969482422,63.000755310058594
17-01-2020,65.66999816894531,66.13999938964844,15700,66.58000183105469,66.11000061035156,63.038902282714844
21-01-2020,65.62999725341797,66.02999877929688,12200,66.6500015258789,66.63999938964844,63.54429244995117
22-01-2020,66.7300033569336,66.7300033569336,20200,67.33000183105469,66.94000244140625,63.83034133911133
23-01-2020,66.36000061035156,66.80999755859375,23900,67.58999633789062,67.58999633789062,64.45014953613281
24-01-2020,67.0199966430664,67.45999908447266,13700,67.83999633789062,67.16999816894531,64.04964447021484
27-01-2020,65.80999755859375,66.45999908447266,12200,66.91999816894531,66.13999938964844,63.067508697509766
28-01-2020,65.76000213623047,66.13999938964844,12300,66.37999725341797,66.04000091552734,62.9721565246582
29-01-2020,65.33000183105469,66.2300033569336,16500,66.2300033569336,65.54000091552734,62.495384216308594
30-01-2020,64.48999786376953,65.27999877929688,19900,65.44000244140625,65.18000030517578,62.152103424072266
31-01-2020,63.970001220703125,65.18000030517578,17000,65.27999877929688,64.2699966430664,61.28437423706055
03-02-2020,64.04000091552734,64.4000015258789,21500,65.47000122070312,64.2300033569336,61.246238708496094
04-02-2020,64.47000122070312,65.5999984741211,17100,66.08999633789062,65.18000030517578,62.152103424072266
05-02-2020,64.44000244140625,65.55000305175781,17800,65.76000213623047,64.76000213623047,61.751617431640625
06-02-2020,64.83999633789062,64.94000244140625,8300,65.7699966430664,65.25,62.218849182128906
07-02-2020,64.30000305175781,64.73999786376953,9900,64.93000030517578,64.55000305175781,61.551368713378906
10-02-2020,64.55000305175781,64.55000305175781,8200,65.44000244140625,65.44000244140625,62.4000244140625
11-02-2020,65.54000091552734,65.54000091552734,6300,66.41000366210938,66.31999969482422,63.239139556884766
12-02-2020,65.81999969482422,66.2699966430664,13600,67.11000061035156,66.41999816894531,63.334495544433594
13-02-2020,65.9800033569336,65.9800033569336,19100,67.41999816894531,67.41999816894531,64.28804016113281
14-02-2020,67.19999694824219,67.19999694824219,29900,67.9000015258789,67.5,64.36432647705078
18-02-2020,67.01000213623047,67.69000244140625,12500,67.69000244140625,67.30999755859375,64.18314361572266
19-02-2020,67.06999969482422,67.4000015258789,12300,68.05999755859375,67.6500015258789,64.50736236572266
20-02-2020,67.1500015258789,67.55000305175781,13200,68.1500015258789,68.1500015258789,64.98413848876953
21-02-2020,66.27999877929688,67.91000366210938,22600,67.97000122070312,66.37999725341797,63.296348571777344
24-02-2020,63.75,64.91000366210938,30000,65.87000274658203,63.959999084472656,60.98876953125
25-02-2020,62.369998931884766,63.970001220703125,14000,63.970001220703125,62.369998931884766,59.47264099121094
26-02-2020,60.810001373291016,62.54999923706055,17200,62.81999969482422,61.13999938964844,58.299774169921875
27-02-2020,59.25,60.099998474121094,24400,61.54999923706055,59.40999984741211,56.650150299072266
28-02-2020,56.34000015258789,57.970001220703125,38200,58.689998626708984,58.689998626708984,55.96358108520508
02-03-2020,57.529998779296875,59.22999954223633,31200,61.0099983215332,60.650001525878906,57.832542419433594
03-03-2020,60.36000061035156,60.72999954223633,53200,63.56999969482422,61.349998474121094,58.500022888183594
04-03-2020,57.90999984741211,59.91999816894531,25000,61.5099983215332,61.5099983215332,58.652591705322266
05-03-2020,58.189998626708984,60.619998931884766,19100,60.619998931884766,58.83000183105469,56.09709548950195
06-03-2020,56.52000045776367,57.0,14900,58.779998779296875,58.560001373291016,56.005279541015625
09-03-2020,52.5,55.63999938964844,29800,56.099998474121094,54.439998626708984,52.06501388549805
10-03-2020,51.59000015258789,55.380001068115234,53400,55.47999954223633,53.939998626708984,51.58682632446289
11-03-2020,50.790000915527344,52.58000183105469,48300,53.04999923706055,51.290000915527344,49.05244064331055
12-03-2020,45.0,48.72999954223633,194400,48.83000183105469,46.79999923706055,44.758304595947266
13-03-2020,46.90999984741211,49.040000915527344,73400,49.66999816894531,47.220001220703125,45.159996032714844
16-03-2020,41.7599983215332,44.63999938964844,130100,46.150001525878906,44.41999816894531,42.48213577270508
17-03-2020,44.33000183105469,45.20000076293945,86500,53.79999923706055,52.970001220703125,50.65915298461914
18-03-2020,47.439998626708984,50.16999816894531,63800,50.90999984741211,50.0099983215332,47.828277587890625
19-03-2020,49.119998931884766,49.77000045776367,86300,55.0,52.33000183105469,50.04706573486328
20-03-2020,44.599998474121094,53.2599983215332,105800,53.2599983215332,45.939998626708984,43.93583297729492
23-03-2020,41.029998779296875,44.27000045776367,70600,46.779998779296875,42.81999969482422,40.95195007324219
24-03-2020,42.349998474121094,45.470001220703125,83400,45.72999954223633,44.93000030517578,42.96989822387695
25-03-2020,42.9900016784668,44.290000915527344,64900,48.529998779296875,47.849998474121094,45.76251220703125
26-03-2020,47.84000015258789,47.95000076293945,70800,52.02000045776367,52.0,49.73146438598633
27-03-2020,48.97999954223633,50.13999938964844,38400,51.54999923706055,50.47999954223633,48.27777862548828
30-03-2020,50.36000061035156,50.900001525878906,44700,53.279998779296875,52.5,50.20964431762695
31-03-2020,50.43000030517578,52.20000076293945,49300,52.33000183105469,51.380001068115234,49.13850402832031
01-04-2020,47.47999954223633,49.439998626708984,86600,51.75,51.08000183105469,48.851600646972656
02-04-2020,49.560001373291016,50.59000015258789,48700,52.36000061035156,51.939998626708984,49.674072265625
03-04-2020,50.20000076293945,51.060001373291016,31100,53.029998779296875,52.95000076293945,50.640018463134766
06-04-2020,52.619998931884766,54.83000183105469,45800,54.90999984741211,54.90999984741211,52.514503479003906
07-04-2020,53.90999984741211,55.5099983215332,62100,57.189998626708984,54.709999084472656,52.32323455810547
08-04-2020,53.400001525878906,55.5099983215332,36800,57.33000183105469,56.9900016784668,54.5037727355957
09-04-2020,56.9900016784668,56.9900016784668,87700,60.0,59.4900016784668,56.89470291137695
13-04-2020,54.779998779296875,59.400001525878906,33200,59.400001525878906,55.13999938964844,52.73447799682617
14-04-2020,56.4900016784668,56.4900016784668,54400,58.84000015258789,58.040000915527344,55.507965087890625
15-04-2020,55.65999984741211,56.25,32100,57.45000076293945,56.2400016784668,53.7864875793457
16-04-2020,55.45000076293945,56.189998626708984,28100,58.5,58.34000015258789,55.79487991333008
17-04-2020,57.959999084472656,59.599998474121094,57000,60.31999969482422,59.0,56.42608642578125
20-04-2020,56.25,57.689998626708984,31400,58.189998626708984,56.54999923706055,54.082969665527344
21-04-2020,55.130001068115234,55.130001068115234,20200,56.279998779296875,55.54999923706055,53.1265869140625
22-04-2020,55.06999969482422,56.63999938964844,27900,56.63999938964844,55.56999969482422,53.14570999145508
23-04-2020,55.119998931884766,55.13999938964844,24400,56.599998474121094,55.93000030517578,53.49001693725586
24-04-2020,55.439998626708984,57.22999954223633,30000,57.22999954223633,56.529998779296875,54.0638313293457
27-04-2020,55.5,56.88999938964844,41000,56.88999938964844,56.310001373291016,53.85343551635742
28-04-2020,57.709999084472656,57.709999084472656,43300,59.72999954223633,59.369998931884766,56.77994155883789
29-04-2020,57.970001220703125,61.09000015258789,56700,61.09000015258789,58.189998626708984,55.65142059326172
30-04-2020,56.45000076293945,58.5,47000,58.5,56.720001220703125,54.24554443359375
01-05-2020,56.209999084472656,57.040000915527344,90700,57.68000030517578,56.459999084472656,53.99688720703125
04-05-2020,55.84000015258789,56.0,39300,57.91999816894531,57.880001068115234,55.354949951171875
05-05-2020,58.11000061035156,58.970001220703125,47200,60.060001373291016,59.20000076293945,56.61735153198242
06-05-2020,58.86000061035156,59.040000915527344,27300,60.20000076293945,59.77000045776367,57.16249084472656
07-05-2020,59.72999954223633,60.5,29000,61.18000030517578,59.900001525878906,57.28681564331055
08-05-2020,60.790000915527344,61.04999923706055,27000,61.61000061035156,61.29999923706055,58.6257438659668
11-05-2020,60.689998626708984,60.880001068115234,22500,62.709999084472656,61.720001220703125,59.02742004394531
12-05-2020,61.47999954223633,62.29999923706055,36000,63.349998474121094,61.61000061035156,58.922218322753906
13-05-2020,59.5099983215332,61.63999938964844,54800,62.7400016784668,60.65999984741211,58.01366424560547
14-05-2020,58.880001068115234,60.119998931884766,48400,60.470001220703125,59.93000030517578,57.315513610839844
15-05-2020,60.630001068115234,61.189998626708984,18200,62.18000030517578,60.9900016784668,58.329261779785156
18-05-2020,61.349998474121094,62.33000183105469,12800,62.880001068115234,62.15999984741211,59.448219299316406
19-05-2020,61.02000045776367,62.09000015258789,19100,62.09000015258789,61.209999084472656,58.5396728515625
20-05-2020,61.90999984741211,61.90999984741211,28800,62.9900016784668,62.84000015258789,60.09855651855469
21-05-2020,59.27000045776367,62.16999816894531,53300,62.16999816894531,59.36000061035156,56.77037811279297
22-05-2020,58.029998779296875,59.45000076293945,71400,59.45000076293945,58.52000045776367,55.9670295715332
26-05-2020,57.220001220703125,59.470001220703125,94000,59.650001525878906,57.380001068115234,54.87675476074219
27-05-2020,56.0099983215332,57.29999923706055,31800,59.22999954223633,59.22999954223633,56.64604568481445
28-05-2020,58.90999984741211,58.939998626708984,32000,60.91999816894531,59.959999084472656,57.344200134277344
29-05-2020,58.349998474121094,59.27000045776367,36800,59.790000915527344,59.349998474121094,56.76081085205078
01-06-2020,59.20000076293945,59.689998626708984,33400,60.65999984741211,59.41999816894531,56.82775115966797
02-06-2020,58.13999938964844,59.849998474121094,97800,59.849998474121094,58.68000030517578,56.12004089355469
03-06-2020,58.63999938964844,58.63999938964844,54000,60.34000015258789,59.75,57.14335632324219
04-06-2020,58.31999969482422,58.790000915527344,24100,59.630001068115234,59.2599983215332,56.674739837646484
05-06-2020,59.72999954223633,59.7599983215332,43400,61.40999984741211,60.91999816894531,58.43389129638672
08-06-2020,60.290000915527344,61.040000915527344,44600,61.619998931884766,61.33000183105469,58.82716751098633
09-06-2020,58.22999954223633,60.2400016784668,66900,63.880001068115234,62.380001068115234,59.83430862426758
10-06-2020,61.189998626708984,62.34000015258789,62300,62.34000015258789,61.31999969482422,58.81756591796875
11-06-2020,58.38999938964844,60.2400016784668,37600,60.61000061035156,58.439998626708984,56.05510330200195
12-06-2020,58.0099983215332,59.939998626708984,39000,60.2599983215332,59.20000076293945,56.784080505371094
15-06-2020,57.130001068115234,58.31999969482422,33900,59.68000030517578,59.36000061035156,56.93755340576172
16-06-2020,59.18000030517578,60.59000015258789,27300,61.54999923706055,59.58000183105469,57.148582458496094
17-06-2020,60.099998474121094,60.130001068115234,40900,61.40999984741211,60.91999816894531,58.43389129638672
18-06-2020,59.63999938964844,60.36000061035156,45900,60.790000915527344,59.65999984741211,57.225311279296875
19-06-2020,57.900001525878906,60.0099983215332,128900,61.0,57.900001525878906,55.53713607788086
22-06-2020,57.52000045776367,58.0099983215332,74100,59.0,58.38999938964844,56.007137298583984
23-06-2020,58.0099983215332,59.0,29600,59.20000076293945,58.0099983215332,55.642642974853516
24-06-2020,56.68000030517578,57.540000915527344,39100,57.75,56.68000030517578,54.366920471191406
25-06-2020,55.709999084472656,56.540000915527344,45400,56.810001373291016,56.279998779296875,53.983245849609375
26-06-2020,54.290000915527344,56.11000061035156,284300,56.88999938964844,54.970001220703125,52.726707458496094
29-06-2020,54.97999954223633,55.209999084472656,44200,57.02000045776367,57.0,54.673866271972656
30-06-2020,56.58000183105469,56.97999954223633,78500,57.959999084472656,57.56999969482422,55.22060012817383
01-07-2020,57.41999816894531,57.66999816894531,79000,59.040000915527344,58.97999954223633,56.57306671142578
02-07-2020,58.15999984741211,59.4900016784668,64400,59.81999969482422,58.54999923706055,56.16061019897461
06-07-2020,57.959999084472656,58.83000183105469,41400,58.84000015258789,58.459999084472656,56.074275970458984
07-07-2020,57.79999923706055,57.810001373291016,46800,58.849998474121094,58.529998779296875,56.141422271728516
08-07-2020,58.150001525878906,58.56999969482422,81400,58.84000015258789,58.79999923706055,56.40040969848633
09-07-2020,58.13999938964844,59.0,77900,59.040000915527344,58.650001525878906,56.25653076171875
10-07-2020,58.380001068115234,58.810001373291016,52200,59.900001525878906,59.900001525878906,57.45552444458008
13-07-2020,59.5,60.08000183105469,48300,60.27000045776367,59.95000076293945,57.50347900390625
14-07-2020,59.45000076293945,59.7599983215332,61600,60.83000183105469,60.65999984741211,58.184505462646484
15-07-2020,60.400001525878906,61.060001373291016,34800,61.59000015258789,61.06999969482422,58.5777702331543
16-07-2020,60.630001068115234,60.630001068115234,20400,61.630001068115234,61.630001068115234,59.11492156982422
17-07-2020,61.34000015258789,61.470001220703125,30700,62.119998931884766,61.790000915527344,59.268394470214844
20-07-2020,60.47999954223633,61.709999084472656,28700,61.709999084472656,60.849998474121094,58.36674118041992
21-07-2020,61.290000915527344,61.34000015258789,39000,62.2599983215332,61.63999938964844,59.12450408935547
22-07-2020,61.22999954223633,61.5,21300,61.70000076293945,61.65999984741211,59.143699645996094
23-07-2020,61.56999969482422,61.56999969482422,98600,62.79999923706055,62.31999969482422,59.776756286621094
24-07-2020,61.400001525878906,61.959999084472656,57900,61.959999084472656,61.88999938964844,59.36430740356445
27-07-2020,61.5,62.0,37800,62.41999816894531,62.400001525878906,59.85349655151367
28-07-2020,62.08000183105469,62.70000076293945,84300,62.880001068115234,62.40999984741211,59.86308288574219
29-07-2020,62.220001220703125,62.220001220703125,36800,63.650001525878906,63.310001373291016,60.72636413574219
30-07-2020,62.4900016784668,63.13999938964844,10100,63.84000015258789,63.0099983215332,60.438594818115234
31-07-2020,62.43000030517578,63.22999954223633,31600,63.439998626708984,63.2400016784668,60.65922164916992
03-08-2020,62.27000045776367,63.31999969482422,55600,63.369998931884766,63.060001373291016,60.48656463623047
04-08-2020,62.459999084472656,62.810001373291016,66400,63.439998626708984,63.0,60.42900848388672
05-08-2020,61.66999816894531,62.689998626708984,32100,62.689998626708984,61.72999954223633,59.21083068847656
06-08-2020,61.529998779296875,61.709999084472656,29700,62.41999816894531,62.2400016784668,59.70002365112305
07-08-2020,62.63999938964844,62.63999938964844,28200,63.540000915527344,63.08000183105469,60.50574493408203
10-08-2020,63.04999923706055,63.08000183105469,34000,63.7599983215332,63.18000030517578,60.60166549682617
11-08-2020,63.18000030517578,63.43000030517578,28100,64.23999786376953,63.560001373291016,60.96615219116211
12-08-2020,64.2300033569336,64.2300033569336,37500,65.5999984741211,65.0,62.34739303588867
13-08-2020,64.54000091552734,64.54000091552734,25800,65.5999984741211,65.1500015258789,62.491268157958984
14-08-2020,64.55999755859375,64.83999633789062,30700,65.55000305175781,65.12999725341797,62.47208023071289
17-08-2020,65.2300033569336,65.30999755859375,21300,66.38999938964844,65.79000091552734,63.10515213012695
18-08-2020,65.19000244140625,65.75,21200,66.41999816894531,66.41999816894531,63.709442138671875
19-08-2020,66.2699966430664,66.41999816894531,39300,66.97000122070312,66.62999725341797,63.91087341308594
20-08-2020,65.66000366210938,66.72000122070312,42600,66.72000122070312,66.30000305175781,63.594337463378906
21-08-2020,65.0199966430664,66.33000183105469,25500,66.38999938964844,66.02999877929688,63.335350036621094
24-08-2020,66.0,66.0,32800,66.94999694824219,66.2300033569336,63.52719497680664
25-08-2020,65.69000244140625,66.06999969482422,58900,66.12999725341797,66.0199966430664,63.32575988769531
26-08-2020,65.30999755859375,65.80999755859375,26800,66.4000015258789,66.27999877929688,63.57514953613281
27-08-2020,66.0,66.0,23600,66.69000244140625,66.11000061035156,63.41209411621094
28-08-2020,65.4000015258789,66.0,62400,66.77999877929688,66.61000061035156,63.891700744628906
31-08-2020,66.4800033569336,66.75,20700,67.19999694824219,66.4800033569336,63.76698303222656
01-09-2020,64.76000213623047,66.75,61200,66.75,65.66000366210938,62.98044967651367
02-09-2020,65.55999755859375,65.55999755859375,154800,75.16000366210938,71.97000122070312,69.03295135498047
03-09-2020,71.56999969482422,74.37000274658203,56600,74.37000274658203,72.5,69.7098617553711
04-09-2020,71.80999755859375,72.36000061035156,45500,73.2300033569336,72.7300033569336,69.93099975585938
08-09-2020,71.62999725341797,72.56999969482422,35600,73.73999786376953,71.9800033569336,69.20986938476562
09-09-2020,72.36000061035156,72.36000061035156,52300,74.66999816894531,73.20999908447266,70.39253234863281
10-09-2020,72.1500015258789,73.41999816894531,52800,73.41999816894531,72.73999786376953,69.94062805175781
11-09-2020,70.91999816894531,72.8499984741211,41100,72.97000122070312,71.94999694824219,69.18101501464844
14-09-2020,71.72000122070312,71.97000122070312,40600,72.4800033569336,72.19999694824219,69.42137908935547
15-09-2020,71.26000213623047,72.44999694824219,49900,72.54000091552734,71.62000274658203,68.86373138427734
16-09-2020,70.2300033569336,71.97000122070312,32600,71.97000122070312,70.33000183105469,67.62336730957031
17-09-2020,69.27999877929688,69.94000244140625,39400,70.11000061035156,69.91000366210938,67.21954345703125
18-09-2020,67.52999877929688,70.23999786376953,245400,70.23999786376953,68.08000183105469,65.45995330810547
21-09-2020,66.4000015258789,67.69999694824219,61800,68.19999694824219,68.19999694824219,65.57533264160156
22-09-2020,68.12000274658203,68.45999908447266,43000,69.16000366210938,68.5199966430664,65.88301849365234
23-09-2020,67.77999877929688,68.61000061035156,59800,69.05999755859375,67.9800033569336,65.36381530761719
24-09-2020,67.29000091552734,67.5,33700,68.47000122070312,67.56999969482422,64.96958923339844
25-09-2020,66.58000183105469,67.0999984741211,46700,67.9000015258789,67.62000274658203,65.01766967773438
28-09-2020,68.0199966430664,68.19000244140625,58900,69.22000122070312,68.55999755859375,65.92149353027344
29-09-2020,67.94999694824219,68.93000030517578,45200,69.1500015258789,68.7300033569336,66.08494567871094
30-09-2020,67.79000091552734,68.98999786376953,47400,68.98999786376953,68.68000030517578,66.03685760498047
01-10-2020,68.43000030517578,69.27999877929688,49000,69.29000091552734,68.88999938964844,66.23877716064453
02-10-2020,68.05999755859375,68.05999755859375,48500,69.5199966430664,69.12999725341797,66.46954345703125
05-10-2020,68.94999694824219,69.12999725341797,54900,70.0,69.13999938964844,66.47916412353516
06-10-2020,68.58000183105469,69.0999984741211,91600,69.93000030517578,68.86000061035156,66.2099380493164
07-10-2020,68.80999755859375,69.02999877929688,29100,70.19999694824219,69.80000305175781,67.11377716064453
08-10-2020,69.98999786376953,70.30000305175781,31600,70.4000015258789,70.1500015258789,67.45030975341797
09-10-2020,70.19999694824219,70.36000061035156,19000,70.86000061035156,70.5999984741211,67.88298797607422
12-10-2020,70.5,70.5,12900,71.80000305175781,71.45999908447266,68.70988464355469
13-10-2020,70.2699966430664,71.12000274658203,17100,71.12999725341797,70.66000366210938,67.940673828125
14-10-2020,69.70999908447266,70.44999694824219,21400,70.91999816894531,69.70999908447266,67.02723693847656
15-10-2020,68.62000274658203,69.2300033569336,33200,69.2300033569336,68.83000183105469,66.18109893798828
16-10-2020,68.66000366210938,68.68000030517578,20900,69.98999786376953,68.66000366210938,66.01764678955078
19-10-2020,67.08000183105469,69.19000244140625,42200,69.6500015258789,67.54000091552734,64.94074249267578
20-10-2020,67.30000305175781,68.0,26500,68.47000122070312,67.55999755859375,64.95997619628906
21-10-2020,67.37999725341797,67.8499984741211,23800,68.12999725341797,67.37999725341797,64.78689575195312
22-10-2020,67.55999755859375,67.79000091552734,31300,68.56999969482422,67.73999786376953,65.1330337524414
23-10-2020,66.4800033569336,67.76000213623047,29400,67.76000213623047,66.88999938964844,64.31575012207031
26-10-2020,65.27999877929688,66.83000183105469,32500,66.83000183105469,65.66999816894531,63.1427001953125
27-10-2020,65.7300033569336,66.05000305175781,27700,66.6500015258789,65.76000213623047,63.229251861572266
28-10-2020,63.34000015258789,65.02999877929688,50000,65.02999877929688,63.34000015258789,60.902374267578125
29-10-2020,62.369998931884766,63.29999923706055,62500,63.56999969482422,62.77000045776367,60.35431671142578
30-10-2020,62.060001373291016,62.380001068115234,54000,63.709999084472656,62.75,60.335079193115234
02-11-2020,63.279998779296875,63.279998779296875,49500,65.1500015258789,64.69000244140625,62.20042419433594
03-11-2020,65.47000122070312,65.47000122070312,42300,67.58000183105469,67.4000015258789,64.8061294555664
04-11-2020,67.76000213623047,67.76000213623047,54900,70.20999908447266,68.20999908447266,65.58495330810547
05-11-2020,68.5199966430664,69.26000213623047,40800,70.44999694824219,69.83000183105469,67.14261627197266
06-11-2020,69.70999908447266,69.70999908447266,18800,70.97000122070312,69.95999908447266,67.26759338378906
09-11-2020,70.6500015258789,71.87000274658203,28100,72.69000244140625,70.87999725341797,68.1521987915039
10-11-2020,70.47000122070312,70.47000122070312,26300,72.91000366210938,72.37999725341797,69.59447479248047
11-11-2020,71.55999755859375,73.1500015258789,19500,73.62000274658203,72.62999725341797,69.8348617553711
12-11-2020,71.01000213623047,71.91000366210938,16800,72.66999816894531,71.63999938964844,68.88296508789062
13-11-2020,71.95999908447266,72.43000030517578,20700,72.7300033569336,72.6500015258789,69.85408782958984
16-11-2020,72.83999633789062,73.5,15200,74.01000213623047,73.9000015258789,71.05598449707031
17-11-2020,72.62000274658203,73.0999984741211,51600,74.12000274658203,73.7699966430664,70.93097686767578
18-11-2020,71.81999969482422,74.1500015258789,28600,74.1500015258789,72.05999755859375,69.28678894042969
19-11-2020,72.08999633789062,72.08999633789062,26300,73.30999755859375,72.86000061035156,70.05599975585938
20-11-2020,72.22000122070312,72.83999633789062,13200,73.19999694824219,72.55000305175781,69.7579345703125
23-11-2020,72.27999877929688,72.87000274658203,16800,72.88999938964844,72.88999938964844,70.08484649658203
24-11-2020,72.88999938964844,72.88999938964844,35800,74.8499984741211,74.1500015258789,71.29635620117188
25-11-2020,73.69999694824219,74.26000213623047,10800,74.37999725341797,73.69999694824219,70.86367797851562
27-11-2020,73.20999908447266,73.86000061035156,6400,73.86000061035156,73.54000091552734,70.70982360839844
30-11-2020,73.41000366210938,73.5999984741211,40000,74.47000122070312,73.7300033569336,70.89252471923828
01-12-2020,73.5,75.0,61300,75.30000305175781,74.56999969482422,71.70020294189453
02-12-2020,73.29000091552734,74.29000091552734,34200,75.04000091552734,74.06999969482422,71.21942901611328
03-12-2020,72.70999908447266,73.4000015258789,37000,74.30000305175781,73.19999694824219,70.55437469482422
04-12-2020,72.72000122070312,73.08000183105469,21200,74.29000091552734,73.94000244140625,71.26763916015625
07-12-2020,74.05999755859375,74.19999694824219,228000,78.05000305175781,77.72000122070312,74.91101837158203
08-12-2020,75.2699966430664,77.05999755859375,173400,80.08000183105469,79.01000213623047,76.15438079833984
09-12-2020,77.04000091552734,78.98999786376953,129600,79.70999908447266,77.97000122070312,75.1519775390625
10-12-2020,77.97000122070312,77.97000122070312,123600,80.3499984741211,80.12999725341797,77.23391723632812
11-12-2020,79.5199966430664,79.5199966430664,105800,81.4000015258789,80.91999816894531,77.99534606933594
14-12-2020,80.86000061035156,81.33999633789062,130500,82.19999694824219,81.27999877929688,78.34235382080078
15-12-2020,81.0,82.02999877929688,97900,83.01000213623047,81.54000091552734,78.59294891357422
16-12-2020,79.26000213623047,81.52999877929688,354300,82.58999633789062,79.83000183105469,76.94474792480469
17-12-2020,76.05000305175781,80.0999984741211,521500,81.51000213623047,76.7300033569336,73.95679473876953
18-12-2020,74.04000091552734,76.62999725341797,642700,77.31999969482422,74.04000091552734,71.364013671875
21-12-2020,73.5199966430664,73.5199966430664,379600,75.58999633789062,73.91000366210938,71.23871612548828
22-12-2020,72.62000274658203,74.44000244140625,346300,74.56999969482422,72.62000274658203,69.9953384399414
23-12-2020,72.18000030517578,72.72000122070312,106100,74.41000366210938,72.66000366210938,70.03389739990234
24-12-2020,72.05999755859375,72.5,25800,73.27999877929688,73.0,70.36160278320312
28-12-2020,72.19000244140625,73.61000061035156,79500,74.18000030517578,72.61000061035156,69.98570251464844
29-12-2020,72.66000366210938,72.98999786376953,63500,73.66000366210938,73.30999755859375,70.660400390625
30-12-2020,72.87999725341797,73.26000213623047,52500,73.98999786376953,73.05999755859375,70.41943359375
31-12-2020,72.4000015258789,73.0199966430664,64700,73.70999908447266,73.47000122070312,70.81460571289062
04-01-2021,72.1500015258789,73.5199966430664,133300,74.16999816894531,72.63999938964844,70.01461029052734
05-01-2021,71.70999908447266,72.45999908447266,74500,73.45999908447266,73.16999816894531,70.52545928955078
06-01-2021,72.55000305175781,73.05000305175781,59400,73.38999938964844,72.88999938964844,70.25557708740234
07-01-2021,72.3499984741211,73.33000183105469,46800,73.76000213623047,72.87999725341797,70.24593353271484
08-01-2021,73.0,73.08000183105469,40600,73.9000015258789,73.58999633789062,70.93026733398438
11-01-2021,72.11000061035156,73.45999908447266,34300,73.5,72.26000213623047,69.6483383178711
12-01-2021,70.41000366210938,72.08000183105469,48400,72.2699966430664,71.25,68.67485046386719
13-01-2021,70.29000091552734,71.19000244140625,38600,71.19000244140625,70.7300033569336,68.17363739013672
14-01-2021,69.08999633789062,71.0,55100,71.37000274658203,69.12000274658203,66.62183380126953
15-01-2021,68.33000183105469,68.81999969482422,49500,69.63999938964844,69.56999969482422,67.05557250976562
19-01-2021,69.0,69.66999816894531,101300,69.9800033569336,69.23999786376953,66.73749542236328
20-01-2021,67.97000122070312,69.75,48500,69.75,68.62999725341797,66.14954376220703
21-01-2021,67.55000305175781,67.94000244140625,68900,68.44999694824219,68.01000213623047,65.55195617675781
22-01-2021,67.16999816894531,67.4000015258789,45100,68.41999816894531,67.95999908447266,65.50376892089844
25-01-2021,66.0,67.54000091552734,127500,67.94999694824219,66.05000305175781,63.66279220581055
26-01-2021,65.8499984741211,66.58000183105469,57500,67.7300033569336,67.5999984741211,65.15677642822266
27-01-2021,66.88999938964844,66.88999938964844,28100,68.54000091552734,67.56999969482422,65.12785339355469
28-01-2021,67.76000213623047,67.76000213623047,42000,69.12999725341797,68.27999877929688,65.81219482421875
29-01-2021,65.94000244140625,68.30000305175781,51000,68.30000305175781,66.12000274658203,63.73026657104492
01-02-2021,66.0,66.87000274658203,30800,67.01000213623047,66.9800033569336,64.5591812133789
02-02-2021,66.8499984741211,66.8499984741211,58000,68.93000030517578,68.0999984741211,65.6386947631836
03-02-2021,67.94000244140625,68.2300033569336,32300,69.08000183105469,68.20999908447266,65.7447280883789
04-02-2021,67.94999694824219,68.2699966430664,38400,68.83000183105469,68.41000366210938,65.93749237060547
05-02-2021,68.7300033569336,68.7300033569336,41000,70.26000213623047,69.26000213623047,66.75677490234375
08-02-2021,69.22000122070312,69.26000213623047,40000,70.45999908447266,70.19000244140625,67.6531753540039
09-02-2021,70.1500015258789,70.16000366210938,25900,71.36000061035156,70.83999633789062,68.2796630859375
10-02-2021,70.69999694824219,71.44999694824219,29600,71.87000274658203,71.02999877929688,68.46280670166016
11-02-2021,70.3499984741211,71.19000244140625,35800,71.37999725341797,70.83999633789062,68.2796630859375
12-02-2021,69.7699966430664,70.18000030517578,27200,71.2699966430664,71.08999633789062,68.5206298828125
16-02-2021,70.0,71.12000274658203,21100,71.12000274658203,70.7300033569336,68.17363739013672
17-02-2021,69.30999755859375,69.30999755859375,28100,70.55999755859375,70.41999816894531,67.87484741210938
18-02-2021,70.41999816894531,70.55000305175781,51900,72.11000061035156,71.66999816894531,69.07968139648438
19-02-2021,70.22000122070312,72.2699966430664,34900,72.2699966430664,70.33999633789062,67.79773712158203
22-02-2021,69.19000244140625,69.76000213623047,32200,69.83000183105469,69.41000366210938,66.90135955810547
23-02-2021,68.83999633789062,69.20999908447266,47800,70.31999969482422,69.55999755859375,67.04592895507812
24-02-2021,68.8499984741211,69.16000366210938,17100,69.86000061035156,69.52999877929688,67.01702117919922
25-02-2021,68.30999755859375,69.94999694824219,18100,69.94999694824219,68.43000030517578,65.956787109375
26-02-2021,66.27999877929688,68.45999908447266,50000,68.45999908447266,66.58999633789062,64.18326568603516
01-03-2021,67.05999755859375,67.05999755859375,30300,68.79000091552734,68.0199966430664,65.56158447265625
02-03-2021,67.29000091552734,67.91000366210938,18200,68.12000274658203,67.54000091552734,65.09893798828125
03-03-2021,65.33999633789062,66.88999938964844,23900,67.61000061035156,65.5999984741211,63.22905731201172
04-03-2021,63.90999984741211,65.44000244140625,32300,66.97000122070312,64.38999938964844,62.06278610229492
05-03-2021,64.08999633789062,64.69000244140625,24700,66.55000305175781,66.0999984741211,63.889583587646484
08-03-2021,65.18000030517578,66.18000030517578,23800,66.94999694824219,65.38999938964844,63.20332717895508
09-03-2021,65.36000061035156,65.36000061035156,29900,66.7699966430664,65.56999969482422,63.37731170654297
10-03-2021,65.56999969482422,65.91999816894531,47000,67.0,66.79000091552734,64.55651092529297
11-03-2021,66.12999725341797,66.76000213623047,28000,67.31999969482422,66.41999816894531,64.19888305664062
12-03-2021,66.0,66.72000122070312,20600,67.08000183105469,66.44000244140625,64.21821594238281
15-03-2021,66.44999694824219,66.9000015258789,25800,67.33000183105469,67.16999816894531,64.92379760742188
16-03-2021,66.62999725341797,67.08999633789062,200,67.83000183105469,67.29000091552734,65.03978729248047
17-03-2021,66.29000091552734,67.18000030517578,59200,67.52999877929688,66.58999633789062,64.36320495605469
18-03-2021,65.20999908447266,66.5199966430664,30800,66.5199966430664,65.58999633789062,63.39663314819336
19-03-2021,63.58000183105469,65.19000244140625,115600,65.4800033569336,64.18000030517578,62.03378677368164
22-03-2021,63.58000183105469,64.7699966430664,35200,65.41000366210938,64.93000030517578,62.75870895385742
23-03-2021,64.58000183105469,66.0,31000,66.0,65.51000213623047,63.31931686401367
24-03-2021,64.58999633789062,65.19000244140625,17700,65.4000015258789,64.86000061035156,62.6910514831543
25-03-2021,64.02999877929688,64.79000091552734,20000,64.79000091552734,64.16999816894531,62.02412033081055
26-03-2021,63.72999954223633,64.18000030517578,46800,64.31999969482422,64.11000061035156,61.966129302978516
29-03-2021,63.88999938964844,64.1500015258789,58900,65.48999786376953,64.91000366210938,62.7393798828125
30-03-2021,63.810001373291016,65.0,26000,65.02999877929688,65.01000213623047,62.83603286743164
31-03-2021,63.540000915527344,65.02999877929688,51900,65.02999877929688,63.66999816894531,61.54084396362305
01-04-2021,63.540000915527344,64.0,66400,64.69999694824219,64.63999938964844,62.47841262817383
05-04-2021,64.69000244140625,64.69000244140625,41600,66.13999938964844,65.81999969482422,63.61894607543945
06-04-2021,65.6500015258789,65.6500015258789,103000,67.97000122070312,66.77999877929688,64.54683685302734
07-04-2021,65.37999725341797,67.62999725341797,41400,67.62999725341797,65.41999816894531,63.23231887817383
08-04-2021,65.69000244140625,65.69000244140625,36200,66.63999938964844,66.31999969482422,64.10222625732422
09-04-2021,64.88999938964844,67.73999786376953,63200,67.73999786376953,65.87999725341797,63.67694091796875
12-04-2021,65.91000366210938,65.91000366210938,14600,67.58999633789062,67.20999908447266,64.96247100830078
13-04-2021,66.55999755859375,66.62000274658203,34200,67.88999938964844,67.2300033569336,64.9817886352539
14-04-2021,67.0,67.06999969482422,33600,67.80000305175781,67.48999786376953,65.23310089111328
15-04-2021,67.47000122070312,67.47000122070312,26300,68.80999755859375,68.79000091552734,66.4896469116211
16-04-2021,68.66000366210938,68.93000030517578,39200,69.48999786376953,69.2699966430664,66.95358276367188
19-04-2021,69.61000061035156,69.66999816894531,31900,70.73999786376953,70.44999694824219,68.09412384033203
20-04-2021,70.55999755859375,70.61000061035156,28500,71.83000183105469,71.58999633789062,69.19599151611328
21-04-2021,71.8499984741211,71.8499984741211,37600,72.83999633789062,72.41999816894531,69.99822998046875
22-04-2021,72.31999969482422,72.31999969482422,37300,73.4800033569336,72.9000015258789,70.46218872070312
23-04-2021,72.41999816894531,73.33000183105469,29500,73.33000183105469,73.19999694824219,70.75215911865234
26-04-2021,71.70999908447266,73.33000183105469,24100,73.33000183105469,71.87999725341797,69.4762954711914
27-04-2021,70.8499984741211,71.8499984741211,30000,72.19000244140625,72.0999984741211,69.68893432617188
28-04-2021,71.87000274658203,71.87000274658203,14200,72.61000061035156,72.12999725341797,69.71794128417969
29-04-2021,72.9800033569336,72.9800033569336,23600,73.98999786376953,73.7699966430664,71.30309295654297
30-04-2021,71.25,73.7699966430664,48500,73.7699966430664,71.3499984741211,68.96401977539062
03-05-2021,71.80000305175781,72.44000244140625,21100,72.88999938964844,72.83000183105469,70.39453887939453
04-05-2021,71.62000274658203,72.83000183105469,13700,72.83000183105469,71.66000366210938,69.26366424560547
05-05-2021,70.68000030517578,71.66000366210938,24000,71.68000030517578,70.76000213623047,68.39375305175781
06-05-2021,71.02999877929688,71.3499984741211,34100,71.79000091552734,71.79000091552734,69.38932037353516
07-05-2021,70.94999694824219,71.30000305175781,20200,72.37999725341797,71.5,69.10901641845703
10-05-2021,71.91000366210938,72.0199966430664,27700,72.47000122070312,72.26000213623047,69.84358978271484
11-05-2021,71.91999816894531,72.26000213623047,20200,72.62999725341797,72.0999984741211,69.68893432617188
12-05-2021,70.87999725341797,71.91999816894531,16700,71.91999816894531,70.93000030517578,68.55805969238281
13-05-2021,71.80000305175781,71.80000305175781,21500,72.58000183105469,72.33999633789062,69.9209213256836
14-05-2021,72.55999755859375,72.55999755859375,29700,73.58999633789062,72.83999633789062,70.4041976928711
17-05-2021,72.30000305175781,72.63999938964844,26800,73.08000183105469,72.5999984741211,70.17222595214844
18-05-2021,71.58000183105469,72.58999633789062,23200,73.06999969482422,72.36000061035156,69.94025421142578
19-05-2021,71.55000305175781,72.0999984741211,42600,72.2699966430664,71.9000015258789,69.4956283569336
20-05-2021,72.08999633789062,72.08999633789062,49600,74.20999908447266,73.83999633789062,71.3707504272461
21-05-2021,73.52999877929688,74.23999786376953,23600,74.23999786376953,73.87999725341797,71.40941619873047
24-05-2021,73.63999938964844,74.16999816894531,32500,74.23999786376953,73.80999755859375,71.34175109863281
25-05-2021,73.76000213623047,73.9000015258789,23000,74.2300033569336,73.87999725341797,71.40941619873047
26-05-2021,73.05999755859375,73.76000213623047,65700,74.29000091552734,74.20999908447266,71.72838592529297
27-05-2021,74.05000305175781,74.20999908447266,52700,75.02999877929688,74.06999969482422,71.59306335449219
28-05-2021,73.9800033569336,74.06999969482422,60500,75.02999877929688,75.0,72.4919662475586
01-06-2021,74.79000091552734,74.79000091552734,40000,75.52999877929688,75.37000274658203,72.84959411621094
02-06-2021,75.13999938964844,75.88999938964844,45500,76.0,75.8499984741211,73.31353759765625
03-06-2021,75.05999755859375,75.3499984741211,19700,75.8499984741211,75.72000122070312,73.18789672851562
04-06-2021,74.69999694824219,75.72000122070312,40900,76.1500015258789,75.6500015258789,73.1202392578125
07-06-2021,73.86000061035156,75.30000305175781,41800,75.30000305175781,74.2699966430664,71.95758056640625
08-06-2021,73.30000305175781,74.22000122070312,30300,74.43000030517578,74.16000366210938,71.85101318359375
09-06-2021,70.23999786376953,73.66999816894531,89000,73.66999816894531,70.30999755859375,68.12088775634766
10-06-2021,69.44999694824219,70.58000183105469,51500,70.79000091552734,70.47000122070312,68.27589416503906
11-06-2021,69.94999694824219,70.98999786376953,49600,70.98999786376953,70.26000213623047,68.07244110107422
14-06-2021,69.38999938964844,70.0199966430664,27700,71.0199966430664,70.9000015258789,68.6925277709961
15-06-2021,70.45999908447266,70.94000244140625,29500,71.16000366210938,70.87999725341797,68.67314147949219
16-06-2021,70.19000244140625,70.7300033569336,46700,71.13999938964844,70.8499984741211,68.64407348632812
17-06-2021,69.66999816894531,70.19000244140625,69300,70.83999633789062,70.83999633789062,68.6343765258789
18-06-2021,68.86000061035156,70.45999908447266,59200,70.45999908447266,69.2300033569336,67.07451629638672
21-06-2021,69.08000183105469,69.19999694824219,34900,69.8499984741211,69.8499984741211,67.67520141601562
22-06-2021,68.44000244140625,70.58000183105469,107100,70.58000183105469,68.98999786376953,66.84198760986328
23-06-2021,67.81999969482422,69.68000030517578,62800,69.68000030517578,68.4800033569336,66.34786224365234
24-06-2021,68.02999877929688,68.29000091552734,39400,69.68000030517578,69.58000183105469,67.41361236572266
25-06-2021,69.19000244140625,69.38999938964844,555500,72.47000122070312,72.33000183105469,70.07799530029297
28-06-2021,71.54000091552734,71.9800033569336,66900,72.27999877929688,71.86000061035156,69.62261962890625
29-06-2021,71.41999816894531,72.12000274658203,46000,72.25,71.61000061035156,69.38041687011719
30-06-2021,70.16000366210938,71.5199966430664,78800,71.87000274658203,70.5,68.30496978759766
01-07-2021,69.80000305175781,70.8499984741211,68300,71.31999969482422,70.2300033569336,68.04338836669922
02-07-2021,69.93000030517578,70.41000366210938,27000,70.76000213623047,70.51000213623047,68.31466674804688
06-07-2021,69.61000061035156,70.12000274658203,29100,70.30000305175781,70.12000274658203,67.93681335449219
07-07-2021,69.94000244140625,70.23999786376953,19400,70.3499984741211,70.13999938964844,67.9561767578125
08-07-2021,69.16999816894531,69.33000183105469,25400,70.13999938964844,69.54000091552734,67.37486267089844
09-07-2021,69.62999725341797,70.0,18500,70.0999984741211,70.0,67.82052612304688
12-07-2021,68.88999938964844,69.6500015258789,18800,69.6500015258789,69.25,67.09387969970703
13-07-2021,68.37999725341797,69.05000305175781,46300,69.44999694824219,68.54000091552734,66.40599060058594
14-07-2021,68.0999984741211,68.97000122070312,29000,69.05000305175781,68.91000366210938,66.76447296142578
15-07-2021,68.23999786376953,69.22000122070312,20300,69.22000122070312,68.48999786376953,66.35755157470703
16-07-2021,67.94999694824219,68.06999969482422,16600,68.52999877929688,68.02999877929688,65.911865234375
19-07-2021,67.01000213623047,67.33000183105469,32300,67.98999786376953,67.43000030517578,65.33055114746094
20-07-2021,68.0,68.0,39000,68.7699966430664,68.58000183105469,66.44475555419922
21-07-2021,68.48999786376953,68.6500015258789,25000,68.94999694824219,68.80999755859375,66.66758728027344
22-07-2021,67.3499984741211,68.55000305175781,16900,68.55000305175781,67.3499984741211,65.2530288696289
23-07-2021,67.33999633789062,67.37000274658203,20400,67.95999908447266,67.8499984741211,65.73747253417969
26-07-2021,67.7300033569336,68.12999725341797,24600,68.12999725341797,67.94000244140625,65.82466888427734
27-07-2021,67.5999984741211,67.5999984741211,25100,68.8499984741211,68.06999969482422,65.95062255859375
28-07-2021,67.62999725341797,68.06999969482422,16600,68.66999816894531,67.77999877929688,65.66966247558594
29-07-2021,66.54000091552734,67.69000244140625,40200,67.98999786376953,66.5999984741211,64.52639770507812
30-07-2021,66.44000244140625,66.44000244140625,39200,67.58000183105469,66.88999938964844,64.80738067626953
02-08-2021,66.68000030517578,67.44999694824219,38700,67.4800033569336,66.83999633789062,64.7589111328125
03-08-2021,66.37000274658203,66.81999969482422,21900,67.13999938964844,66.44000244140625,64.37137603759766
04-08-2021,65.9000015258789,66.56999969482422,27800,66.86000061035156,66.05000305175781,63.99352264404297
05-08-2021,65.91999816894531,66.1500015258789,16900,66.4000015258789,66.18000030517578,64.11946868896484
06-08-2021,66.05000305175781,66.20999908447266,16400,66.75,66.13999938964844,64.08071899414062
09-08-2021,65.7300033569336,66.22000122070312,17300,66.22000122070312,65.94999694824219,63.896629333496094
10-08-2021,65.25,66.05000305175781,23500,66.05000305175781,65.45999908447266,63.4218864440918
11-08-2021,64.80999755859375,65.5,28100,65.52999877929688,64.80999755859375,62.79212188720703
12-08-2021,64.26000213623047,64.79000091552734,37100,64.88999938964844,64.5,62.491783142089844
13-08-2021,64.19000244140625,64.19000244140625,17000,65.55999755859375,65.5,63.46063995361328
16-08-2021,65.86000061035156,65.87999725341797,13600,66.29000091552734,66.18000030517578,64.11946868896484
17-08-2021,65.91999816894531,66.12000274658203,18300,66.55999755859375,66.27999877929688,64.21636962890625
18-08-2021,64.98999786376953,66.12000274658203,12900,66.12000274658203,65.01000213623047,62.985904693603516
19-08-2021,64.73999786376953,64.80000305175781,16400,65.51000213623047,65.38999938964844,63.35406494140625
20-08-2021,65.48999786376953,65.48999786376953,22200,66.33000183105469,66.12000274658203,64.06134033203125
23-08-2021,66.08999633789062,66.08999633789062,26400,66.61000061035156,66.16999816894531,64.10977935791016
24-08-2021,65.87999725341797,66.12000274658203,20800,66.4800033569336,66.33999633789062,64.27449798583984
25-08-2021,66.2699966430664,66.27999877929688,20200,66.72000122070312,66.30999755859375,64.24542236328125
26-08-2021,66.33999633789062,66.62999725341797,62600,66.7699966430664,66.4000015258789,64.33263397216797
27-08-2021,66.6500015258789,66.9000015258789,26000,67.08000183105469,66.6500015258789,64.57483673095703
30-08-2021,66.41999816894531,66.80000305175781,35600,66.91000366210938,66.5999984741211,64.52639770507812
31-08-2021,65.9000015258789,66.9000015258789,36100,67.01000213623047,66.19999694824219,64.13885498046875
01-09-2021,66.08000183105469,68.0999984741211,29000,69.01000213623047,68.7300033569336,66.59008026123047
02-09-2021,66.4800033569336,68.1500015258789,34800,69.25,66.52999877929688,64.6278305053711
03-09-2021,66.5199966430664,66.6500015258789,28600,67.16999816894531,66.83999633789062,64.92896270751953
07-09-2021,64.43000030517578,66.61000061035156,88900,67.54000091552734,65.44999694824219,63.578712463378906
08-09-2021,65.37000274658203,65.37000274658203,53600,67.5999984741211,67.52999877929688,65.59925079345703
09-09-2021,66.1500015258789,67.20999908447266,55900,67.20999908447266,66.23999786376953,64.34611511230469
10-09-2021,66.11000061035156,66.48999786376953,49700,67.19000244140625,66.52999877929688,64.6278305053711
13-09-2021,66.19999694824219,66.87999725341797,51200,67.12999725341797,66.51000213623047,64.60841369628906
14-09-2021,65.37999725341797,66.44999694824219,57700,66.44999694824219,65.69999694824219,63.821563720703125
15-09-2021,65.16999816894531,66.20999908447266,122400,66.4000015258789,66.22000122070312,64.32670593261719
16-09-2021,64.94999694824219,66.52999877929688,134500,66.86000061035156,66.86000061035156,64.94840240478516
17-09-2021,65.36000061035156,66.44999694824219,276500,66.97000122070312,65.5,63.627281188964844
20-09-2021,64.06999969482422,65.2699966430664,168800,65.73999786376953,65.73999786376953,63.86041259765625
21-09-2021,63.779998779296875,66.11000061035156,165600,66.11000061035156,65.79000091552734,63.908992767333984
22-09-2021,65.04000091552734,65.79000091552734,61800,65.81999969482422,65.11000061035156,63.248435974121094
23-09-2021,64.5,64.91000366210938,35500,65.58000183105469,64.54000091552734,62.694732666015625
24-09-2021,64.12999725341797,64.55999755859375,34700,64.77999877929688,64.3499984741211,62.51016616821289
27-09-2021,63.650001525878906,64.05999755859375,23800,64.87999725341797,63.7400016784668,61.91761016845703
28-09-2021,62.720001220703125,63.369998931884766,34800,64.04000091552734,63.279998779296875,61.47075271606445
29-09-2021,63.310001373291016,63.43000030517578,31800,63.95000076293945,63.439998626708984,61.626182556152344
30-09-2021,62.630001068115234,63.43000030517578,31200,63.45000076293945,62.66999816894531,60.878196716308594
01-10-2021,62.599998474121094,63.11000061035156,37700,63.72999954223633,63.47999954223633,61.665035247802734
04-10-2021,62.59000015258789,63.130001068115234,40800,63.790000915527344,63.63999938964844,61.820465087890625
05-10-2021,63.13999938964844,63.349998474121094,21400,63.599998474121094,63.34000015258789,61.5290412902832
06-10-2021,62.7400016784668,62.97999954223633,23300,64.11000061035156,64.11000061035156,62.27702713012695
07-10-2021,63.84000015258789,63.84000015258789,34300,64.77999877929688,64.41999816894531,62.57815933227539
08-10-2021,63.959999084472656,64.45999908447266,10400,64.58999633789062,64.58999633789062,62.7432975769043
11-10-2021,64.58000183105469,64.58000183105469,15500,65.0999984741211,64.73999786376953,62.88901138305664
12-10-2021,64.19999694824219,64.55000305175781,19100,64.81999969482422,64.38999938964844,62.54901885986328
13-10-2021,64.33999633789062,64.33999633789062,23900,64.98999786376953,64.76000213623047,62.908447265625
14-10-2021,64.66999816894531,64.66999816894531,30100,65.38999938964844,65.30000305175781,63.43301010131836
15-10-2021,64.68000030517578,65.66000366210938,16400,65.66000366210938,65.5,63.627281188964844
18-10-2021,64.79000091552734,65.48999786376953,15900,65.56999969482422,65.33999633789062,63.47185134887695
19-10-2021,64.73999786376953,65.56999969482422,14200,65.68000030517578,65.6500015258789,63.77299118041992
20-10-2021,65.37999725341797,65.37999725341797,12300,66.08000183105469,65.87999725341797,63.99641418457031
21-10-2021,64.91999816894531,65.87999725341797,17300,65.87999725341797,64.91999816894531,63.063865661621094
22-10-2021,65.33000183105469,65.55999755859375,6800,65.62999725341797,65.43000030517578,63.55928039550781
25-10-2021,64.83999633789062,65.43000030517578,21400,65.43000030517578,65.12999725341797,63.26785659790039
26-10-2021,64.81999969482422,64.83999633789062,23100,65.23999786376953,65.0,63.14157485961914
27-10-2021,64.04000091552734,64.94999694824219,43100,64.94999694824219,64.51000213623047,62.66558837890625
28-10-2021,64.29000091552734,64.3499984741211,36600,65.44999694824219,65.05999755859375,63.19985580444336
29-10-2021,63.849998474121094,65.08000183105469,40400,65.27999877929688,64.02999877929688,62.19931411743164
01-11-2021,64.36000061035156,64.36000061035156,22800,66.9000015258789,66.83999633789062,64.92896270751953
02-11-2021,66.33000183105469,66.9000015258789,15800,67.25,67.06999969482422,65.15240478515625
03-11-2021,66.86000061035156,67.18000030517578,14500,67.61000061035156,67.26000213623047,65.33696746826172
04-11-2021,66.4800033569336,67.12999725341797,22700,67.12999725341797,66.68000030517578,64.77355194091797
05-11-2021,66.0999984741211,66.44000244140625,43500,67.87000274658203,67.4800033569336,65.55067443847656
08-11-2021,66.0999984741211,67.3499984741211,40100,67.3499984741211,66.91999816894531,65.00668334960938
09-11-2021,66.51000213623047,66.66000366210938,18900,67.19000244140625,67.02999877929688,65.11354064941406
10-11-2021,66.94000244140625,66.94000244140625,15700,67.55999755859375,67.25,65.3272476196289
11-11-2021,66.7300033569336,67.06999969482422,24900,67.2300033569336,67.06999969482422,65.15240478515625
12-11-2021,66.52999877929688,67.4000015258789,17400,67.4000015258789,66.63999938964844,64.73468780517578
15-11-2021,66.22000122070312,66.63999938964844,25200,67.01000213623047,66.91999816894531,65.00668334960938
16-11-2021,66.69999694824219,66.91999816894531,29500,67.41999816894531,66.94000244140625,65.02611541748047
17-11-2021,66.0999984741211,66.55999755859375,30300,67.41999816894531,67.4000015258789,65.47295379638672
18-11-2021,66.93000030517578,67.9000015258789,30400,67.9000015258789,67.68000030517578,65.74495697021484
19-11-2021,67.69999694824219,67.69999694824219,52100,70.26000213623047,70.0999984741211,68.09575653076172
22-11-2021,69.62000274658203,70.20999908447266,31700,70.58999633789062,70.08999633789062,68.08605194091797
23-11-2021,69.72000122070312,70.0999984741211,38800,70.4000015258789,70.27999877929688,68.2706069946289
24-11-2021,69.0,69.97000122070312,49300,70.05999755859375,69.41000366210938,67.42550659179688
26-11-2021,68.63999938964844,69.0,23100,69.55000305175781,69.30000305175781,67.31864166259766
29-11-2021,69.01000213623047,69.58000183105469,37500,69.80000305175781,69.27999877929688,67.29920959472656
30-11-2021,65.54000091552734,69.06999969482422,71000,69.06999969482422,65.66999816894531,63.792423248291016
01-12-2021,66.18000030517578,66.29000091552734,27000,67.76000213623047,66.26000213623047,64.36555480957031
02-12-2021,66.29000091552734,66.29000091552734,35800,67.83999633789062,67.31999969482422,65.58231353759766
03-12-2021,67.23999786376953,67.23999786376953,41500,67.94999694824219,67.5199966430664,65.77714538574219
06-12-2021,67.91999816894531,67.91999816894531,40400,68.86000061035156,68.69000244140625,66.91694641113281
07-12-2021,68.19000244140625,68.75,25300,69.25,68.5,66.73185729980469
08-12-2021,63.84000015258789,67.30000305175781,61700,67.30000305175781,66.0,65.2489242553711
09-12-2021,65.5999984741211,65.5999984741211,34400,66.38999938964844,65.66000366210938,64.91280364990234
10-12-2021,65.69999694824219,66.29000091552734,51800,66.37000274658203,65.69999694824219,64.95233917236328
13-12-2021,65.88999938964844,65.88999938964844,56600,67.23999786376953,67.08000183105469,66.31664276123047
14-12-2021,66.52999877929688,67.12999725341797,53100,67.43000030517578,66.97000122070312,66.2078857421875
15-12-2021,66.38999938964844,66.69999694824219,61000,67.38999938964844,67.23999786376953,66.47481536865234
16-12-2021,67.12000274658203,67.12000274658203,48300,67.94999694824219,67.56999969482422,66.80105590820312
17-12-2021,66.7300033569336,67.56999969482422,136800,67.87000274658203,67.22000122070312,66.45503997802734
20-12-2021,66.26000213623047,66.79000091552734,22700,67.41999816894531,67.33999633789062,66.57366180419922
21-12-2021,66.80999755859375,67.33000183105469,27000,67.58000183105469,67.0,66.23754119873047
22-12-2021,66.33999633789062,66.76000213623047,27100,67.01000213623047,66.91000366210938,66.14857482910156
23-12-2021,66.54000091552734,67.13999938964844,17300,67.13999938964844,66.80000305175781,66.03982543945312
27-12-2021,66.73999786376953,66.7699966430664,32300,67.04000091552734,66.97000122070312,66.2078857421875
28-12-2021,66.62000274658203,67.33999633789062,26000,67.5,66.9000015258789,66.13867950439453
29-12-2021,67.0199966430664,67.0199966430664,39100,68.33000183105469,67.54000091552734,66.77140045166016
30-12-2021,67.54000091552734,67.58000183105469,47400,68.47000122070312,67.87999725341797,67.10752868652344
31-12-2021,67.41000366210938,67.63999938964844,29200,67.91999816894531,67.79000091552734,67.0185546875
03-01-2022,65.69000244140625,68.0,42800,68.0,66.70999908447266,65.95084381103516
04-01-2022,66.29000091552734,66.55000305175781,36800,67.36000061035156,66.62999725341797,65.87174987792969
05-01-2022,66.62999725341797,66.62999725341797,33500,67.3499984741211,66.69000244140625,65.93107604980469
06-01-2022,63.7400016784668,66.69000244140625,76600,66.88999938964844,63.9900016784668,63.261802673339844
07-01-2022,63.130001068115234,64.13999938964844,31100,64.13999938964844,63.20000076293945,62.48078918457031
10-01-2022,60.810001373291016,63.380001068115234,45700,63.380001068115234,61.15999984741211,60.46400451660156
11-01-2022,60.72999954223633,61.15999984741211,69000,62.45000076293945,61.970001220703125,61.26478958129883
12-01-2022,61.5099983215332,62.41999816894531,25600,62.41999816894531,61.88999938964844,61.18569564819336
13-01-2022,61.439998626708984,61.7599983215332,32300,62.11000061035156,61.869998931884766,61.16592788696289
14-01-2022,61.189998626708984,61.81999969482422,21400,62.939998626708984,62.720001220703125,62.006248474121094
18-01-2022,61.040000915527344,62.63999938964844,25700,62.63999938964844,61.36000061035156,60.66172790527344
19-01-2022,61.33000183105469,61.33000183105469,21300,62.06999969482422,61.650001525878906,60.94843292236328
20-01-2022,61.150001525878906,61.36000061035156,53000,62.34000015258789,61.209999084472656,60.51343536376953
21-01-2022,60.47999954223633,61.72999954223633,36600,62.09000015258789,60.54999923706055,59.86094665527344
24-01-2022,59.40999984741211,60.560001373291016,48200,60.970001220703125,60.959999084472656,60.26627731323242
25-01-2022,60.47999954223633,60.47999954223633,40300,62.02000045776367,61.369998931884766,60.67161560058594
26-01-2022,61.099998474121094,61.560001373291016,21800,62.380001068115234,61.38999938964844,60.69138717651367
27-01-2022,61.0,61.7400016784668,35300,62.15999984741211,61.439998626708984,60.74081802368164
28-01-2022,60.560001373291016,61.349998474121094,35400,62.70000076293945,62.70000076293945,61.986480712890625
31-01-2022,62.290000915527344,62.290000915527344,42300,62.83000183105469,62.63999938964844,61.92715835571289
01-02-2022,62.209999084472656,63.0,28900,63.119998931884766,62.849998474121094,62.134769439697266
02-02-2022,62.65999984741211,62.849998474121094,24000,63.400001525878906,63.349998474121094,62.62908172607422
03-02-2022,62.54999923706055,62.66999816894531,71000,63.220001220703125,62.84000015258789,62.12488555908203
04-02-2022,61.70000076293945,62.54999923706055,22500,62.75,62.33000183105469,61.62069320678711
07-02-2022,62.040000915527344,62.560001373291016,21200,62.63999938964844,62.290000915527344,61.581146240234375
08-02-2022,62.31999969482422,62.369998931884766,14600,62.70000076293945,62.650001525878906,61.937049865722656
09-02-2022,62.47999954223633,62.47999954223633,18800,63.15999984741211,63.15999984741211,62.44123840332031
10-02-2022,62.2599983215332,62.81999969482422,24500,63.15999984741211,62.38999938964844,61.68000793457031
11-02-2022,62.5,63.0,26100,63.27000045776367,62.70000076293945,61.986480712890625
14-02-2022,61.439998626708984,62.40999984741211,23000,62.599998474121094,61.79999923706055,61.09672164916992
15-02-2022,61.529998779296875,61.95000076293945,24600,62.63999938964844,61.849998474121094,61.14615249633789
16-02-2022,61.25,61.91999816894531,38200,62.130001068115234,61.83000183105469,61.126380920410156
17-02-2022,60.61000061035156,61.31999969482422,24000,61.77000045776367,61.369998931884766,60.67161560058594
18-02-2022,61.2400016784668,61.2400016784668,48200,62.13999938964844,61.869998931884766,61.16592788696289
22-02-2022,60.65999984741211,61.5,48500,61.81999969482422,61.209999084472656,60.51343536376953
23-02-2022,60.43000030517578,61.15999984741211,25600,62.04999923706055,60.529998779296875,59.84117126464844
24-02-2022,58.59000015258789,60.18000030517578,49100,60.220001220703125,60.18000030517578,59.495155334472656
25-02-2022,60.13999938964844,60.13999938964844,40000,61.91999816894531,61.77000045776367,61.06706237792969
28-02-2022,60.2599983215332,61.310001373291016,38800,61.459999084472656,61.040000915527344,60.34537124633789
01-03-2022,60.11000061035156,61.13999938964844,25100,61.209999084472656,60.220001220703125,59.534706115722656
02-03-2022,59.68000030517578,60.150001525878906,41000,60.959999084472656,60.34000015258789,59.65333938598633
03-03-2022,62.13999938964844,62.400001525878906,57200,64.7300033569336,64.16000366210938,63.42987060546875
04-03-2022,62.06999969482422,64.11000061035156,24800,65.05000305175781,64.88999938964844,64.15155792236328
07-03-2022,62.45000076293945,64.4000015258789,41200,64.4000015258789,62.61000061035156,62.07831573486328
08-03-2022,59.060001373291016,62.5,54900,62.599998474121094,59.11000061035156,58.60803985595703
09-03-2022,59.22999954223633,59.9900016784668,26700,60.029998779296875,59.560001373291016,59.05421829223633
10-03-2022,58.349998474121094,59.31999969482422,38000,59.470001220703125,59.060001373291016,58.55846405029297
11-03-2022,57.91999816894531,59.43000030517578,30700,59.52000045776367,58.09000015258789,57.59669494628906
14-03-2022,58.0,58.47999954223633,69400,59.02000045776367,58.290000915527344,57.795005798339844
15-03-2022,58.459999084472656,58.459999084472656,29900,59.58000183105469,59.56999969482422,59.06413269042969
16-03-2022,59.150001525878906,59.880001068115234,79200,60.45000076293945,60.349998474121094,59.837501525878906
17-03-2022,59.88999938964844,59.88999938964844,83400,62.04999923706055,61.16999816894531,60.650543212890625
18-03-2022,60.93000030517578,61.220001220703125,154600,61.75,61.650001525878906,61.126468658447266
21-03-2022,61.56999969482422,61.939998626708984,28700,62.08000183105469,61.86000061035156,61.33468246459961
22-03-2022,61.84000015258789,61.90999984741211,40800,62.59000015258789,62.47999954223633,61.94942092895508
23-03-2022,60.880001068115234,62.88999938964844,52200,62.88999938964844,60.959999084472656,60.442325592041016
24-03-2022,61.41999816894531,61.41999816894531,24800,62.16999816894531,62.11000061035156,61.58256149291992
25-03-2022,61.77000045776367,61.959999084472656,19000,62.58000183105469,62.52000045776367,61.989078521728516
28-03-2022,62.02000045776367,62.5099983215332,12300,62.7599983215332,62.7599983215332,62.2270393371582
29-03-2022,62.88999938964844,63.15999984741211,18900,63.63999938964844,63.349998474121094,62.81202697753906
30-03-2022,62.56999969482422,62.56999969482422,25000,63.060001373291016,63.060001373291016,62.52449417114258
31-03-2022,62.7400016784668,63.310001373291016,35400,63.400001525878906,62.7400016784668,62.207210540771484
01-04-2022,62.65999984741211,63.18000030517578,17900,63.61000061035156,63.59000015258789,63.049991607666016
04-04-2022,62.11000061035156,63.689998626708984,40300,63.689998626708984,63.599998474121094,63.059906005859375
05-04-2022,63.4900016784668,63.88999938964844,46800,64.37999725341797,63.5099983215332,62.970672607421875
06-04-2022,62.93000030517578,63.4900016784668,44400,64.6500015258789,64.61000061035156,64.06132507324219
07-04-2022,64.33000183105469,64.43000030517578,48300,65.19000244140625,64.38999938964844,63.84320068359375
08-04-2022,63.380001068115234,64.8499984741211,23400,64.8499984741211,64.05999755859375,63.5160026550293
11-04-2022,63.849998474121094,64.06999969482422,17700,64.45999908447266,64.08999633789062,63.54574203491211
12-04-2022,63.81999969482422,64.12000274658203,18100,64.56999969482422,63.900001525878906,63.357364654541016
13-04-2022,63.349998474121094,63.810001373291016,43500,64.68000030517578,64.4000015258789,63.85311508178711
14-04-2022,63.97999954223633,64.31999969482422,24300,65.37999725341797,64.26000213623047,63.71430587768555
18-04-2022,62.90999984741211,64.20999908447266,12900,64.20999908447266,63.2400016784668,62.702964782714844
19-04-2022,63.02000045776367,63.02000045776367,17200,64.0,63.79999923706055,63.258209228515625
20-04-2022,63.720001220703125,64.54000091552734,20900,65.12999725341797,65.11000061035156,64.55708312988281
21-04-2022,64.52999877929688,65.33000183105469,19900,65.79000091552734,64.87000274658203,64.31912231445312
22-04-2022,62.95000076293945,63.869998931884766,19800,64.12000274658203,63.08000183105469,62.54432678222656
25-04-2022,61.779998779296875,62.880001068115234,42200,62.880001068115234,62.70000076293945,62.16755294799805
26-04-2022,62.189998626708984,62.77000045776367,32400,63.08000183105469,62.189998626708984,61.66188049316406
27-04-2022,62.20000076293945,62.20000076293945,23600,63.310001373291016,62.86000061035156,62.32619094848633
28-04-2022,62.849998474121094,62.849998474121094,28500,64.12999725341797,63.7400016784668,63.1987190246582
29-04-2022,62.29999923706055,62.79999923706055,93200,63.86000061035156,62.41999816894531,61.88992691040039
02-05-2022,59.790000915527344,63.040000915527344,44800,63.040000915527344,60.790000915527344,60.27376937866211
03-05-2022,60.68000030517578,60.68000030517578,61000,62.41999816894531,62.16999816894531,61.642051696777344
04-05-2022,62.02000045776367,62.02000045776367,34900,63.720001220703125,63.720001220703125,63.178890228271484
05-05-2022,60.9900016784668,63.63999938964844,18100,63.63999938964844,61.33000183105469,60.80918502807617
06-05-2022,60.27000045776367,60.689998626708984,27700,61.0,60.66999816894531,60.154788970947266
09-05-2022,59.939998626708984,59.939998626708984,23400,61.400001525878906,61.0,60.481990814208984
10-05-2022,60.619998931884766,61.0,34500,61.41999816894531,61.36000061035156,60.838932037353516
11-05-2022,60.93000030517578,61.439998626708984,22800,62.25,61.029998779296875,60.5117301940918
12-05-2022,60.84000015258789,60.84000015258789,29400,61.810001373291016,61.709999084472656,61.18595886230469
13-05-2022,61.65999984741211,61.65999984741211,25800,63.279998779296875,63.27000045776367,62.73271179199219
16-05-2022,63.099998474121094,63.189998626708984,13400,63.77000045776367,63.58000183105469,63.04008102416992
17-05-2022,62.86000061035156,63.56999969482422,24500,63.65999984741211,63.52000045776367,62.980587005615234
18-05-2022,58.86000061035156,62.849998474121094,27900,62.95000076293945,59.16999816894531,58.66752624511719
19-05-2022,56.970001220703125,58.52000045776367,32300,59.040000915527344,58.72999954223633,58.231266021728516
20-05-2022,58.36000061035156,59.529998779296875,31000,59.709999084472656,59.70000076293945,59.19302749633789
23-05-2022,59.81999969482422,60.43000030517578,60800,60.4900016784668,60.349998474121094,59.837501525878906
24-05-2022,60.209999084472656,60.400001525878906,55800,61.15999984741211,61.15999984741211,60.640625
25-05-2022,60.599998474121094,60.61000061035156,32200,61.38999938964844,61.16999816894531,60.650543212890625
26-05-2022,61.77000045776367,61.77000045776367,26700,62.619998931884766,62.09000015258789,61.56272888183594
27-05-2022,62.459999084472656,62.459999084472656,17900,63.5,63.5,62.960758209228516
31-05-2022,62.45000076293945,62.97999954223633,23300,63.52000045776367,63.130001068115234,62.593902587890625
01-06-2022,61.75,63.43000030517578,29800,63.439998626708984,62.290000915527344,61.76103210449219
02-06-2022,61.619998931884766,62.369998931884766,31500,62.97999954223633,62.97999954223633,62.44517517089844
03-06-2022,62.290000915527344,62.290000915527344,46400,62.79999923706055,62.599998474121094,62.06840133666992
06-06-2022,62.25,62.7599983215332,44300,63.310001373291016,62.650001525878906,62.117977142333984
07-06-2022,61.66999816894531,61.880001068115234,30400,62.58000183105469,62.58000183105469,62.236324310302734
08-06-2022,62.91999816894531,62.91999816894531,46100,65.83000183105469,64.70999908447266,64.35462188720703
09-06-2022,64.58000183105469,65.76000213623047,34900,66.41999816894531,64.58000183105469,64.22533416748047
10-06-2022,63.18000030517578,63.790000915527344,22600,64.94000244140625,64.58999633789062,64.23528289794922
13-06-2022,62.029998779296875,63.63999938964844,44100,63.63999938964844,62.540000915527344,62.19654083251953
14-06-2022,61.06999969482422,62.58000183105469,46500,62.65999984741211,61.77000045776367,61.43077087402344
15-06-2022,62.72999954223633,62.970001220703125,35200,64.23999786376953,63.70000076293945,63.35017395019531
16-06-2022,62.040000915527344,62.90999984741211,93000,63.40999984741211,63.31999969482422,62.972259521484375
17-06-2022,62.54999923706055,63.220001220703125,67500,64.1500015258789,63.41999816894531,63.07170867919922
21-06-2022,63.209999084472656,63.25,30300,65.63999938964844,65.63999938964844,65.2795181274414
22-06-2022,64.77999877929688,65.0,39500,65.9000015258789,65.29000091552734,64.93144226074219
23-06-2022,65.31999969482422,65.44000244140625,52300,66.18000030517578,65.31999969482422,64.9612808227539
24-06-2022,65.68000030517578,65.68000030517578,488700,70.52999877929688,70.47000122070312,70.08300018310547
27-06-2022,69.02999877929688,69.73999786376953,92100,69.73999786376953,69.37000274658203,68.9890365600586
28-06-2022,68.30000305175781,70.01000213623047,83000,70.06999969482422,68.69999694824219,68.32270812988281
29-06-2022,68.27999877929688,68.95999908447266,35200,69.01000213623047,68.51000213623047,68.13375854492188
30-06-2022,67.43000030517578,68.05000305175781,43700,68.16000366210938,67.63999938964844,67.2685317993164
01-07-2022,67.62000274658203,67.70999908447266,26000,69.01000213623047,69.0,68.62106323242188
05-07-2022,67.30999755859375,68.66999816894531,31900,69.4000015258789,68.22000122070312,67.84535217285156
06-07-2022,67.98999786376953,68.62999725341797,19900,68.62999725341797,68.27999877929688,67.90502166748047
07-07-2022,68.13999938964844,68.72000122070312,17700,68.72000122070312,68.38999938964844,68.01441192626953
08-07-2022,67.58999633789062,68.23999786376953,31400,68.26000213623047,68.12000274658203,67.74590301513672
11-07-2022,67.80000305175781,68.0,29500,68.54000091552734,68.44000244140625,68.06414794921875
12-07-2022,68.11000061035156,68.70999908447266,33700,69.11000061035156,68.41999816894531,68.04425048828125
13-07-2022,67.66000366210938,67.66000366210938,21800,69.66000366210938,69.08999633789062,68.71056365966797
14-07-2022,68.2300033569336,68.2300033569336,23700,70.05000305175781,69.91000366210938,69.52606964111328
15-07-2022,69.33000183105469,70.9000015258789,53000,70.9000015258789,69.37000274658203,68.9890365600586
18-07-2022,68.55000305175781,69.37000274658203,56600,69.94999694824219,68.9800033569336,68.60118103027344
19-07-2022,69.30000305175781,69.30000305175781,38000,70.01000213623047,69.94000244140625,69.555908203125
20-07-2022,69.19999694824219,69.80000305175781,50000,69.87000274658203,69.44999694824219,69.06858825683594
21-07-2022,68.83999633789062,68.83999633789062,35500,69.94999694824219,69.93000030517578,69.54595184326172
22-07-2022,69.33999633789062,70.19000244140625,43600,70.33000183105469,69.83999633789062,69.45645141601562
25-07-2022,69.48999786376953,69.5999984741211,23400,69.98999786376953,69.7300033569336,69.34705352783203
26-07-2022,69.63999938964844,69.7300033569336,43000,70.37000274658203,70.2699966430664,69.88409423828125
27-07-2022,69.54000091552734,70.4800033569336,34800,70.95999908447266,70.76000213623047,70.37139892578125
28-07-2022,70.51000213623047,71.06999969482422,43300,72.1500015258789,72.0999984741211,71.70404052734375
29-07-2022,71.5199966430664,71.5199966430664,30700,72.68000030517578,72.4000015258789,72.00239562988281
01-08-2022,71.91999816894531,72.05000305175781,88800,72.66000366210938,72.08999633789062,71.694091796875
02-08-2022,71.4800033569336,72.25,29700,72.25,71.87000274658203,71.47531127929688
03-08-2022,71.62999725341797,71.77999877929688,34900,73.47000122070312,73.47000122070312,73.06652069091797
04-08-2022,73.52999877929688,73.5999984741211,18500,73.94999694824219,73.8499984741211,73.44442749023438
05-08-2022,72.66999816894531,73.4000015258789,28300,73.55000305175781,73.55000305175781,73.14608001708984
08-08-2022,72.19000244140625,73.33999633789062,42300,73.87000274658203,72.20999908447266,71.81343841552734
09-08-2022,72.04000091552734,72.04000091552734,25600,73.3499984741211,73.02999877929688,72.62893676757812
10-08-2022,73.25,73.25,19900,74.2699966430664,73.7699966430664,73.3648681640625
11-08-2022,73.22000122070312,73.38999938964844,24900,74.0,73.4000015258789,72.99690246582031
12-08-2022,73.4000015258789,73.4000015258789,22500,74.26000213623047,74.26000213623047,73.85218048095703
15-08-2022,73.6500015258789,73.6500015258789,24300,75.13999938964844,75.08999633789062,74.67761993408203
16-08-2022,74.70999908447266,74.70999908447266,23100,75.76000213623047,75.7300033569336,75.3141098022461
17-08-2022,75.2300033569336,75.2300033569336,19900,76.41000366210938,76.08000183105469,75.66218566894531
18-08-2022,75.61000061035156,75.77999877929688,22300,76.06999969482422,75.95999908447266,75.5428466796875
19-08-2022,75.33000183105469,76.5999984741211,25100,76.5999984741211,75.5,75.08537292480469
22-08-2022,75.0,75.0,29400,75.7300033569336,75.55000305175781,75.13509368896484
23-08-2022,74.1500015258789,75.37000274658203,43700,75.37000274658203,74.33999633789062,73.93173217773438
24-08-2022,74.44999694824219,74.44999694824219,21000,75.41000366210938,75.1500015258789,74.73728942871094
25-08-2022,74.93000030517578,75.47000122070312,12000,75.58999633789062,75.19000244140625,74.7770767211914
26-08-2022,72.94000244140625,75.23999786376953,32400,75.3499984741211,73.04000091552734,72.63887786865234
29-08-2022,72.58000183105469,72.58000183105469,21100,73.5,72.93000030517578,72.52948760986328
30-08-2022,71.20999908447266,73.0,51500,73.0,71.55999755859375,71.16699981689453
31-08-2022,69.98999786376953,71.27999877929688,42900,71.75,70.56999969482422,70.18244934082031
01-09-2022,69.6500015258789,70.86000061035156,46800,70.87000274658203,70.5999984741211,70.2122802734375
02-09-2022,70.0199966430664,70.8499984741211,57300,71.66999816894531,70.05000305175781,69.85230255126953
06-09-2022,69.44999694824219,70.43000030517578,120000,70.94999694824219,69.80000305175781,69.6030044555664
07-09-2022,70.19000244140625,70.20999908447266,74400,71.97000122070312,71.5999984741211,71.3979263305664
08-09-2022,71.11000061035156,71.38999938964844,80500,72.51000213623047,72.33000183105469,72.12586975097656
09-09-2022,72.33000183105469,72.33000183105469,61600,73.55000305175781,73.16999816894531,72.96349334716797
12-09-2022,73.2699966430664,73.58999633789062,71100,74.06999969482422,73.69000244140625,73.48202514648438
13-09-2022,72.06999969482422,73.05000305175781,141200,73.54000091552734,72.52999877929688,72.32530212402344
14-09-2022,72.13999938964844,72.36000061035156,481900,73.6500015258789,73.55999755859375,73.3523941040039
15-09-2022,71.30000305175781,73.19999694824219,469100,73.19999694824219,72.30000305175781,72.09595489501953
16-09-2022,71.33000183105469,72.41999816894531,583700,72.61000061035156,71.33000183105469,71.1286849975586
19-09-2022,71.38999938964844,71.58000183105469,397800,73.16000366210938,73.1500015258789,72.94355010986328
20-09-2022,72.13999938964844,72.41999816894531,349300,73.19999694824219,73.06999969482422,72.86377716064453
21-09-2022,72.04000091552734,73.05999755859375,79200,73.68000030517578,72.0999984741211,71.89651489257812
22-09-2022,70.98999786376953,72.01000213623047,57000,72.01000213623047,71.05999755859375,70.85944366455078
23-09-2022,68.48999786376953,70.02999877929688,79100,70.33999633789062,69.31999969482422,69.12435913085938
26-09-2022,69.08999633789062,69.30000305175781,58000,69.83999633789062,69.66000366210938,69.4634017944336
27-09-2022,67.9800033569336,70.13999938964844,56500,70.13999938964844,68.20999908447266,68.01749420166016
28-09-2022,67.98999786376953,68.38999938964844,49900,69.16999816894531,69.11000061035156,68.91495513916016
29-09-2022,67.72000122070312,69.04000091552734,75700,69.04000091552734,68.2699966430664,68.07731628417969
30-09-2022,67.48999786376953,68.2699966430664,44700,68.27999877929688,67.55999755859375,67.36932373046875
03-10-2022,67.41999816894531,68.1500015258789,87700,69.27999877929688,69.27999877929688,69.08447265625
04-10-2022,68.5199966430664,69.56999969482422,80300,69.83999633789062,69.2699966430664,69.07450103759766
05-10-2022,67.41999816894531,68.97000122070312,59900,68.97000122070312,67.98999786376953,67.79811096191406
06-10-2022,67.3499984741211,67.43000030517578,56200,68.05000305175781,67.56999969482422,67.3792953491211
07-10-2022,65.77999877929688,66.91000366210938,87700,67.22000122070312,66.18000030517578,65.99322509765625
10-10-2022,65.36000061035156,66.2699966430664,58800,66.2699966430664,65.93000030517578,65.74392700195312
11-10-2022,65.2699966430664,65.58999633789062,68000,66.37000274658203,65.63999938964844,65.45474243164062
12-10-2022,65.44000244140625,66.05999755859375,53700,66.11000061035156,65.5,65.31513977050781
13-10-2022,64.43000030517578,64.76000213623047,59000,66.79000091552734,66.6500015258789,66.46189880371094
14-10-2022,64.93000030517578,67.2699966430664,66500,67.2699966430664,65.12999725341797,64.94618225097656
17-10-2022,65.33999633789062,65.3499984741211,80000,66.69999694824219,66.69000244140625,66.50178527832031
18-10-2022,66.33999633789062,67.22000122070312,63600,67.3499984741211,66.94999694824219,66.76104736328125
19-10-2022,65.16000366210938,66.5999984741211,52400,66.62999725341797,65.55000305175781,65.36500549316406
20-10-2022,64.19999694824219,65.05000305175781,59700,65.37000274658203,64.30000305175781,64.1185302734375
21-10-2022,63.95000076293945,63.95000076293945,51700,64.94000244140625,64.63999938964844,64.45756530761719
24-10-2022,64.7300033569336,65.16999816894531,43900,65.56999969482422,65.3499984741211,65.16556549072266
25-10-2022,65.02999877929688,65.02999877929688,43600,67.44000244140625,67.41999816894531,67.22972106933594
26-10-2022,67.1500015258789,67.6500015258789,42200,68.13999938964844,67.41999816894531,67.22972106933594
27-10-2022,67.05999755859375,67.3499984741211,35600,67.80999755859375,67.23999786376953,67.05022430419922
28-10-2022,67.6500015258789,67.68000030517578,42700,69.06999969482422,69.02999877929688,68.83517456054688
31-10-2022,68.4800033569336,68.7300033569336,37400,69.16999816894531,68.7699966430664,68.5759048461914
01-11-2022,67.8499984741211,69.69000244140625,24400,69.69000244140625,68.16999816894531,67.97760009765625
02-11-2022,67.05999755859375,67.70999908447266,29500,68.88999938964844,67.16000366210938,66.970458984375
03-11-2022,66.30000305175781,66.80999755859375,16500,66.9800033569336,66.69000244140625,66.50178527832031
04-11-2022,66.76000213623047,67.25,28200,68.12999725341797,67.83000183105469,67.63856506347656
07-11-2022,67.31999969482422,68.31999969482422,35200,68.31999969482422,67.72000122070312,67.52887725830078
08-11-2022,67.26000213623047,68.05000305175781,30900,68.19000244140625,67.66999816894531,67.47901153564453
09-11-2022,66.91999816894531,67.41000366210938,154200,68.06999969482422,67.83000183105469,67.63856506347656
10-11-2022,68.83999633789062,69.43000030517578,76600,70.80000305175781,70.51000213623047,70.31100463867188
11-11-2022,69.55999755859375,70.93000030517578,29500,70.93000030517578,70.31999969482422,70.12153625488281
14-11-2022,69.56999969482422,69.9800033569336,26500,70.58999633789062,69.72000122070312,69.52323150634766
15-11-2022,69.13999938964844,69.7300033569336,31100,70.7300033569336,69.91999816894531,69.72266387939453
16-11-2022,69.91999816894531,70.0,84500,70.66999816894531,70.05000305175781,69.85230255126953
17-11-2022,68.77999877929688,69.4000015258789,25500,69.5199966430664,69.41000366210938,69.214111328125
18-11-2022,70.0199966430664,70.5199966430664,37000,70.72000122070312,70.58000183105469,70.38080596923828
21-11-2022,70.69999694824219,70.69999694824219,30900,71.25,71.1500015258789,70.9491958618164
22-11-2022,71.62999725341797,71.68000030517578,68700,72.6500015258789,72.44000244140625,72.23555755615234
23-11-2022,71.98999786376953,72.69999694824219,71600,72.98999786376953,72.62000274658203,72.41504669189453
25-11-2022,72.33000183105469,72.3499984741211,10200,72.66000366210938,72.58999633789062,72.38512420654297
28-11-2022,71.7699966430664,71.83000183105469,17400,72.55000305175781,71.81999969482422,71.61730194091797
29-11-2022,71.08999633789062,71.55000305175781,20600,71.66999816894531,71.08999633789062,70.88935852050781
30-11-2022,70.83999633789062,71.0199966430664,25500,72.98999786376953,72.98999786376953,72.78399658203125
01-12-2022,72.77999877929688,72.77999877929688,48200,74.0199966430664,73.94999694824219,73.94999694824219
02-12-2022,73.47000122070312,73.47000122070312,23800,74.41999816894531,74.26000213623047,74.26000213623047
05-12-2022,73.26000213623047,74.37000274658203,38900,74.37000274658203,73.66000366210938,73.66000366210938
06-12-2022,72.70999908447266,73.33000183105469,28000,73.7300033569336,73.2699966430664,73.2699966430664
07-12-2022,67.3499984741211,70.86000061035156,42300,70.95999908447266,68.0,68.0
08-12-2022,66.94999694824219,67.66000366210938,37300,68.44999694824219,67.87999725341797,67.87999725341797
09-12-2022,67.5,67.55999755859375,32000,68.18000030517578,67.62000274658203,67.62000274658203
12-12-2022,67.41000366210938,68.1500015258789,3506,67.63999938964844,67.41000366210938,67.41000366210938
